Variables,Lower,Upper,Units,Description
theta1,1.496028789436383,3.1412,rad,Angle
theta2,-0.7965608025812057,2.1847621983045933,rad,Angle
theta3,0.9434308418610575,2.8647830764894593,rad,Angle
theta4,-2.5836304730915005,2.141384646569659,rad,Angle
theta5,-3.1412,3.1412,rad,Angle
theta6,-2.2012394037434633,1.5059686730045978,rad,Angle
