Variables,Lower,Upper,Units,Description
theta1,-5.095587153090822,-0.8533972632947124,rad,Angle
theta2,-2.1993047300295374,2.2206353071678557,rad,Angle
theta3,-5.965234190820876,6.131691026809217,rad,Angle
theta4,-2.2053421604071177,2.2147215896131436,rad,Angle
