theta1,theta2,theta3,theta4,theta5,theta6,theta7,theta8,theta9,theta10,d_min
0.70254960772083,2.852605095702422,0.7611434194615085,-1.572870764513375,-0.7335384058939016,0.71500709992912,-1.945010667875146,0.8982419185696349,-1.6535499525742128,-1.3985536653061492,1
0.7161728197333828,2.651506878920984,0.3626058422703436,-0.9845399069295955,2.613304063359612,0.5699246287859747,-2.2693018843851394,-1.3696138158328894,-1.3635875264467439,0.8198231745706677,1
-1.0084029532741061,2.4281370938154,1.0350746578254404,2.94322196991239,-1.2064649333649453,0.6399304527826735,-2.4072480241485565,-1.4324561754281018,0.7461156109172737,0.41229812111094777,1
0.2556821747592022,2.892516161522569,2.0747440203135223,-1.2252832988084061,2.9536678045946774,2.824534572400126,-2.9360232366233094,-0.07628653165056809,-0.47909624115381355,-0.2112552921366424,1
-1.4897214086719346,2.641839591904292,1.8181272040281948,1.354092022827261,-0.5833296472047449,1.5594758145349044,-2.531658944922626,-0.6646497536590336,1.0308800426660047,0.7125868979860113,1
-1.5321609044151212,2.1679044054430063,1.985132798330277,0.1962899587090341,2.105653595386011,0.7576923645332481,-2.419502232404806,0.21584735529208632,0.25389869262913,2.1668359284725365,1
1.2086153007366636,2.6265175991007896,2.2926758942814023,-1.4144180252412477,0.6894344474496479,2.7772466499196615,-2.2620447576297007,-0.6155966920833977,-1.5174019580031515,-2.5631086790692414,1
0.09385606588522721,3.0476860725059147,1.0337120875922858,2.019682210728847,-1.4469638917981391,2.296800624942153,-2.679057800306307,0.5084178562424506,0.19211423059430466,0.7579916461700176,1
0.06488497757493605,2.3691351691556624,0.5844220656315454,2.7588668818048374,1.132218267928422,2.4679574555349744,-2.005895819563573,-0.1197054970106437,-1.7174092519797153,-0.4260368025906258,1
0.5360504876890873,2.247635488532714,0.6287599756719591,1.237758922544459,2.2606056095239078,2.0678941234330157,-2.5719542014311774,-1.294779253347443,-1.7964024391322344,-1.8699224111548207,1
1.4922454410155948,2.912117191118345,2.6033374628312136,2.050075781775376,1.1106035168241726,1.0575210782797528,-2.434502441634252,-0.7151614958062007,0.6820028329532981,-1.176737285344952,1
-0.3767049226770316,2.4410199168524267,1.0709909642844968,2.3043891244419568,-2.2880625909012844,1.464773351930972,-1.9491243381587202,0.6891136816859416,-0.7277398651529858,-1.4340743115483159,1
-1.306536010674165,2.368158655484276,0.47940639126014783,-1.1491826467959134,-1.4770731321651542,1.1045001866044963,-2.622117896637527,-1.1161940469606129,-1.8503197010208596,-1.0475330136723136,1
1.1957984678891034,2.2507985101698345,1.466283401561296,2.229650064986265,0.6082890989705754,0.858035773767482,-1.6350620352109309,-0.05556720799929327,-1.0310793239614513,-2.8871711279243457,0
-1.5116886602715427,2.966219675053043,1.059512342289533,-1.0970922873396471,0.40469912195416446,2.767931927720078,-2.619436674172193,0.06491134376062857,-0.8425349186101065,0.5516103525435252,1
-0.057293433563975205,3.0380335625851242,0.36299846850488837,-0.14486734283496316,-0.4815202133879479,1.2069124101971351,-2.698462959372757,0.5005870729325717,-1.1833448324580857,0.9257995994080548,1
-1.0811783740808774,2.702804891941189,1.1938853309714057,0.7918250819718229,-1.7726510305989156,2.855644746079009,-1.8372301032821114,0.9679096222819077,0.7925235977801841,-2.3389027039040404,1
0.028501608752549146,2.461138965252106,2.4798585795552146,-0.853977613340639,-1.177986377335632,2.138587588610742,-2.4568976157952305,1.5460592711353283,-1.3543483924013593,0.4695249958611334,1
1.1756404705378856,2.7514599242582367,0.786217118628992,-1.5140063031869286,-2.107286384743435,0.5313414502271474,-2.5533573656682753,-1.273374662286842,-1.440340433902459,-1.9423148045569214,1
1.4102882062063102,2.262989116813156,1.0174840885012197,0.47311550470384756,-2.341368947920204,2.76825421359323,-2.198969017312276,1.1761248082296383,-0.11453113322071706,1.2784898580331396,1
0.48716939552768324,2.9104794037561903,1.3097578989110719,0.55417555228891,1.3752323777766402,1.8206135340776186,-2.933039118075162,0.5578482351443725,-1.3887826818897167,-1.182161426740868,1
-1.5072789194193628,2.5601223245002975,0.2592866014383831,0.9132447485190789,1.3877763013966047,1.8037371474524777,-2.9342393300550182,-1.181413056537918,-2.0715767405767935,0.6744692680977522,1
0.9577847378305626,2.8590382979716287,1.9166343979393274,1.583131466865189,1.5762592908655737,2.2398311380321223,-3.1009705985235776,0.17332185290622948,-2.0584149038006863,-1.1678382273223409,1
0.1026599779040911,2.9037430897175662,1.092522697574396,-0.4508266282650739,1.7981191441190019,0.9628551253955977,-2.4062108855581923,0.8941572306518688,-1.0404014866740698,-0.9496308451135134,1
-0.6058027248769555,2.1480761743119685,0.84351388490705,-0.15657099451433987,-0.6814614829745795,2.4042861938146296,-2.1931217629782007,-0.27452527248064373,-2.1469357569620886,1.9424873789621064,1
0.918365900952014,3.1222460668472647,2.5370274906464827,-0.25933939976771514,1.3218128110503908,1.1166630961182196,-1.8579870414244608,-1.2394268292580477,-0.9839883185726912,1.851946495270425,1
1.0628961814005016,3.1065725904264467,0.4192359417053631,-0.600353970245908,-0.7491305405734519,1.433320602047106,-2.692989470729441,-1.087653939096936,0.44081845561124045,-1.9208107085134678,1
0.6273471736461862,2.9924702157323764,1.767744036876731,-0.07890757219500655,-1.3478811606421113,0.6537440805100851,-2.6407539777852826,0.014212384249802534,-2.116677054116587,2.2329812003473335,1
0.5490291270410541,2.9849203713434695,1.3522809437565921,2.7503199656585746,-1.2862192354061308,0.790274545522422,-3.0626710317136774,-0.3968516052369453,-0.5607974462321057,-2.4530508402967057,1
-0.5880791856647443,2.8953164650502954,2.375951033079836,-0.10951196493112403,-2.0191977811194124,2.08216950074888,-1.6020740314790496,0.9483612640590839,-0.27183022539398705,2.252270239728339,0
-0.775122919371549,2.7149997110071222,1.7859735898844546,0.8383910144322111,2.2628516096380444,1.9189478941024662,-2.5354094911224454,0.4382286716845256,0.1409800176888143,-2.4185303245807632,1
-1.453588103997852,2.630953047762594,1.6892926548014862,2.955545597869448,1.4317579034986556,2.573732657844556,-2.5442413948287217,0.5832341047316685,1.0725825427260136,-0.8605419907638203,1
0.9714214527350675,2.668233633187182,0.8145275175460203,0.9857221024494014,-1.187968478363064,0.3007396054820425,-1.8771048301230886,0.10274794684642408,-1.0010571648072737,1.71283872538431,1
-0.33140016417062323,2.985920688215593,1.647040236539725,-1.7095171925178536,-1.3433999552901283,2.796008882048887,-2.9906996752790027,0.7087470727722802,-1.2100240167461842,0.7733173248488963,1
0.8618834029823468,3.115814668906598,0.29796387247934175,2.735256252049396,-0.26822584946111405,2.545243974473306,-1.6547375113767915,-0.7743762689449523,-1.0407301725132119,1.3844855707595882,0
-0.7160601873198709,2.6346457023927323,1.6584904871081547,1.74846985022825,0.15603322283801946,2.121298658232745,-1.940640277689657,0.9396284098478891,0.041084341972486005,0.7344288479675942,1
1.021148431083208,2.682897311251509,0.7375051438561073,1.4525966625785736,-1.9350064954275996,0.8811844997430041,-1.9243153766573062,0.5376666377889807,-0.5641495058096648,2.252409069625124,1
-0.805643980634273,2.1641953201535844,0.5319053383681939,-0.5948817421651671,1.5038054082676027,2.3781212734915838,-1.670279882500082,-0.19498132319591477,-0.48270303939167203,-3.0583132347613082,0
0.5816364003222456,2.756123916629076,0.30705095892970935,2.098973433570052,1.7025992582169849,1.1211513716878272,-2.01311642947428,1.416751232412061,-1.7837774441020424,-2.0845650592883613,1
0.5860010961336135,3.073866289586589,1.6989294571110816,0.9264089335369237,1.0838225225873446,1.476939013225531,-1.844122767421776,-0.6425726604195579,0.8181950538927514,1.2560056444813719,1
1.344569090081464,2.2968430596805858,1.5223953023336785,1.005999863327947,-1.2310940525739813,0.8328388752619391,-2.694263752553459,1.057855260135346,-0.051560240525271084,-1.6819180848620594,1
0.037967970984321475,2.1676958695978006,0.5785285047117902,0.6932013655466296,-0.7024113477161855,2.8884586358647755,-2.9154556559883833,0.8690513337735661,-2.2145500545219123,0.8208054912300717,1
-1.0033972619060767,2.331658204086845,1.3161805464895047,-0.5028512003824517,0.9242605642364938,1.598212341309548,-2.765472071615,1.097143766778449,-0.8122424440601652,0.1959112868717936,1
-1.5238719623728396,2.7681690875357776,0.9623485361854871,0.5808371989005554,-0.7657581854801787,2.970691509636643,-2.9438698234901404,0.0142273092059777,0.8790775621880056,-0.840815450499858,1
-0.5918479703654199,2.523966440102864,2.73578196802777,1.166301848848946,0.543719417400248,0.38915494363520065,-1.6010784877090696,0.3502469227679985,-2.114433398179924,-1.6389347154143605,0
-0.0582620877692448,3.0357847831069664,2.235597617382903,-0.8154198543436303,-0.3716373622214888,2.3899981036716476,-1.6013573280999178,-0.13011958268034207,-0.9146742989374106,0.2783840824874346,0
1.486835805068368,2.803413427512229,0.2929903489790756,1.5719591594527613,-1.0141055780130415,2.6102069451675556,-2.1207039462648654,1.3834664464439281,-0.6675895014113213,-1.7463032550681907,1
-0.8036281022723867,2.7152824726905394,2.1785342909734364,2.1834001920870434,-0.23600217482541197,0.472180535293959,-2.4681919545202806,0.3485008976950128,-1.5988773685305349,1.7540601314105362,1
1.489701441221754,2.1962373129641857,2.2498244120619915,1.2929712529829236,-0.9580742559031574,1.9999915307841802,-2.3956117001084327,-0.8616383938387775,1.1386398471278745,0.33536692909557075,1
-0.7495781324245581,2.592638130881887,2.6372541146192505,0.3190051814491768,2.4288287727247457,2.6280838424390964,-2.4626734335675726,0.39567919015491926,-0.00581191918648738,1.071771181259121,1
-0.39949839844037727,2.196724306467884,0.6816808688194518,1.1557499292924756,1.764472520326457,2.3249676025479116,-2.646312413961604,1.0593806177635152,-2.216453129162034,1.1314618882886749,1
0.17031034208147378,2.923740994808009,0.6609697131339386,0.17171899921113298,2.528074638971849,0.7538821451278994,-2.647187409410877,0.762054659516769,-0.23251657887548527,2.05926469107435,1
1.279479943635617,2.8906168763956175,0.300425768733593,0.5150387342399516,2.405811935015829,1.458317693771706,-1.6352661859854734,1.5557584439126206,-1.8996801868234656,-0.35874424992011233,0
0.6245511162534054,2.209794595898385,1.1174784448702213,1.6287657672445497,-1.5112342013052613,1.2289892273593765,-2.3156113643414002,-1.055820904628951,-0.4938045382689489,2.085626203728801,1
1.33806888801564,2.6159304115674793,0.6546589265657972,1.8915615614270815,-1.0550512323120422,2.5582247476767037,-2.523660836128186,-1.318645249350979,-0.36364415860979404,-0.23020477821529317,1
1.3362113897983914,2.358083163229769,2.5822059777025017,-1.5978766244896845,1.7332174529735838,2.7647998004322307,-2.6814668514061903,-0.030779716859018702,0.4896810846625437,1.4630851496689137,1
-0.4916624163500214,2.660872821546664,2.2842711847783197,-0.8417188064740401,0.9899766389722493,1.4501983572613935,-1.9422422601079394,-1.3875393673946554,-1.1599801166130619,1.963122935294772,1
0.23105803142483827,2.6568088523280946,1.3149222344405558,0.13994719771985298,1.991673464372031,2.1138201186313372,-1.7120029771219807,0.27356917328611896,-1.3773414011451615,-2.6656084119183427,0
0.8762673044731573,2.5580451877984665,1.530593220752791,0.46307417534781425,-0.05861351266874282,2.131020797533965,-2.861314665573961,-0.5059933041858404,-1.7984748602684646,-0.007874824816095138,1
-1.339685943481417,2.9488279549479874,1.7994055000379248,0.27032250941651226,1.9082972588425875,1.5157135809068933,-2.0362374588527388,0.4200370874374857,-2.032431177371561,1.763432753587098,1
0.734325150734727,2.9014507283426187,2.447495405419599,1.979273987964938,-0.05482524504190067,0.6115139496794944,-1.7791217419287755,-1.2117132164833793,0.9860468248031857,1.0535251589712922,1
-0.9011319369844648,2.3382642639983366,2.4607447914080622,-1.0775838181213144,0.752322590721977,1.3093963060425324,-1.9625258454416283,-0.4820124154770269,1.0220605640130023,1.1068425254695797,1
-0.026039263935115242,2.583359826423907,2.530761154790386,0.97484551854809,0.288558987199957,2.1281614022015805,-1.8939190236208432,-1.3036674849408474,0.663051221015516,0.1764003666498679,1
-1.0239896916059497,2.4413717790281355,2.7372740976641277,1.2398341588566009,1.0278012549013926,0.48658869863504595,-2.07977016299205,0.6696307364187322,-0.3932045567797484,-1.4503536502083902,1
0.6321241183186892,2.974163392696921,2.225663755528877,2.8519965640593314,1.0317407058563206,1.156101730655295,-3.1329348038447353,0.04593613424533838,-1.3639191021033326,-1.8762245623952527,1
0.7153039269230659,2.5870581492844438,2.3020969781372256,-1.0692663557192428,-0.5644766712347637,1.0132928542262916,-1.8002488663038267,-0.6313169354866367,-0.7086413946822676,-0.5293680478567753,1
-1.1260107931304741,2.8432399842844847,2.743258732280609,1.9150425289065618,-1.161200657800262,1.9676441179130444,-1.8723323786172377,1.5660541820096416,-1.6578409614066358,-2.579712136826963,1
-0.9275278135226168,2.9365722663860048,0.9874061067697922,1.8167860628900225,2.6854563547337875,1.8363294627316735,-1.702980946351679,-0.009681888150702811,-1.9421841556467445,-0.8014320937693733,0
0.013290399125988284,2.9718513087887692,2.296191128971768,2.2460329528286693,1.3551488101187403,1.7188111958922616,-2.480000618736715,1.4419171167319684,-0.6244998230548666,2.242933764717914,1
1.1811704111379804,2.65278766789088,0.4262632876439101,-0.6890347670079875,1.7713543238950384,0.5914008937845181,-1.9745608194137767,0.28493865367422555,0.7429086794558284,1.486289987098202,1
0.8378195703267766,2.550498902734032,0.6094120742696534,1.4055830715792936,-1.3828766898114762,1.8014948398570783,-1.8966001525280427,0.8912077034397405,-0.05716467144068815,0.5604005701454344,1
1.0431663418503994,2.5776561327028804,1.5011894444242841,-0.9173382101973531,0.9142049739989302,1.0876417128876852,-2.2573919480320117,-1.2500523460323292,-2.2154864095156084,-0.060323384514670675,1
-0.9973767391444041,2.4227955720398215,0.33947463761167634,-0.9479664853313884,2.8856300062281903,2.9767721280054737,-2.7536754199372466,-1.3642344374962792,0.39461473584642937,1.756295803887563,1
0.07690512483418765,2.179852080114098,2.033066729000688,2.887546046435445,-0.9760066003134185,1.5384631984738726,-2.8149777498060455,-0.6214952740193751,0.2034997668534042,-1.0734437599416906,1
1.3870003822716401,2.9306544537847405,0.3217368826464869,2.106206715427414,1.7525853100215762,1.681010352034633,-2.617042167213299,-0.21563315674014816,-0.8159321690974835,-2.269138272419269,1
-0.564216828797999,2.40868178455875,1.9619355493247574,-0.903686426998793,1.0737029781536451,1.5451872642589757,-2.6207448849738597,1.3514076992299324,0.919761062555374,1.7776757606102085,1
-0.9605923529670212,2.8276524036113586,0.791089468022307,2.1285826200278,1.025739529922737,1.0832323236166312,-2.8443344995461777,-1.471769769488836,0.4761240680797463,1.2080276281045363,1
-1.4324468377647603,2.4455909943039584,1.3137801390800268,1.010017561536511,-1.5512211541170329,1.1938905052094346,-2.1679830343096507,-1.058985453630433,0.2816657405241143,-0.4925094455378436,1
-0.09182688042996245,2.7637157666775316,0.9033954850842522,-0.5699422937040621,2.9000703313966216,2.6285752650121035,-1.8633398270624228,-0.5702267700186368,-2.1719932391256744,-2.182030655705518,1
1.3765850709989098,2.9571596668338374,1.5653656481008618,2.813098520859751,-1.5668298890303434,1.7956775870949153,-3.110116387926546,-1.0503684411932266,0.9552678570492663,1.6018751871219945,1
-1.219918339540261,2.3930973326644995,1.7446733128901313,-1.4566610494028267,0.5718341092446666,1.8637977447441891,-2.0518401797203687,-1.0269560395718749,-1.4885521170530014,1.969950872267399,1
-0.32823792832763643,2.727232878771394,1.0093514317672851,1.5609285532799353,-1.8060875424065244,0.4851851663990171,-1.7578029287995234,0.11366929716971819,-1.3650919443064176,-1.2010055814457856,1
1.4372461033822712,2.24857143071537,0.7120740036176736,0.278131257518778,-0.8485570750118043,2.037228810136641,-2.204729373743408,-0.8437791053832839,-0.17525469929246373,-0.7729859028317803,1
0.825734701172621,2.1866343108299837,1.0377588354786211,1.4751314928824573,-0.5965503615828518,0.5037165011139992,-1.9492770876199361,1.517929618617824,-1.856623737819326,0.817383973317444,1
0.8725391137856131,2.7770276522674817,0.8654149060602481,2.043844327732847,-1.207152870925866,2.7275766386808398,-2.5198386331363265,0.573306218376952,0.471189200806319,-0.37424616273533795,1
-0.1301367376416913,2.563255162564037,1.77510352700575,1.6640437875494758,2.405147703492215,1.0263166433308968,-1.9884129998363573,1.1880684041659173,0.04333091140061418,-0.4476063792877918,1
-0.3215554042373212,2.9035039904218984,1.0054235363527164,-0.766385384956133,0.5492791451749928,1.0119782219858244,-1.7810511132659859,0.9360259484695657,0.11280208564239258,2.174580578249192,1
-0.12380185079580919,2.2910999241586882,2.3058944561230317,-0.5152012788170313,2.9333167094812698,1.8067358601714207,-2.520431075604371,-0.5679239857970486,-1.123203889022347,1.1168816255538672,1
-1.207440755144251,2.997679831465777,2.1785107538101007,2.3076656321407194,2.399938249339515,0.9102777082815319,-2.5212520373288037,-1.1583187038976697,-0.9788315058747539,-2.8100998768690424,1
-0.6302667867476534,2.3855099370116446,2.4363734729805056,0.4372094392273844,1.2792031816011122,2.8789141047589637,-2.703362029711764,-0.9354433608331992,-2.197634460702899,-2.571396839979171,1
-1.033345351798944,2.455674143265927,1.2639180408701705,0.49917665562820934,-1.0434343006224254,0.47059871516801766,-2.362054706093069,-1.2224268875470055,0.5061888197282012,1.9343351659698933,1
0.6703718692929539,2.7378737072297046,1.9015889436604039,1.323581812203765,2.594517761297576,2.8847923194401726,-3.0272392394104717,-1.1373282971866918,0.48328682836281445,-3.134330377130072,1
0.10085595204921427,2.794520024477623,2.052670506161138,-0.010066120920088961,-0.7767624736698975,0.7822274453364464,-2.888310120777855,1.1050701154756675,0.8035055844463233,-1.174140583158469,1
-0.7351889961377632,2.9297939168550085,2.0721862738689087,0.6324505260959685,-0.2817942648941356,0.625388792951503,-1.6617839949211846,-1.1911422404268248,-0.9805715767847885,1.8777193410876163,0
0.512903502424856,3.069573931843426,1.4432101125535812,0.39378605696240765,2.623850157370458,2.872656862410178,-2.0249150339025013,1.1031907991229202,-0.6866334488734538,-1.9915056098272084,1
-0.34510495111210293,3.078589662517074,1.1649332924480613,1.8152684760929017,2.5484014335579124,2.9011531267548616,-1.9195468200755232,0.05545717684346907,-0.5853348117331161,2.2537393740190166,1
-0.8584271057311906,2.331377432588701,2.670123040425827,1.4975514217713468,0.4987932974482727,0.6475710304150961,-1.6434673258988535,-1.0563686039902547,-0.2038014272635773,-0.9302269972404593,0
0.17567326258152627,3.0266842077847977,2.543775249015503,0.13720528014438216,0.87912323312429,1.0431384883796746,-2.4099278127768415,-0.3125830899298261,-0.44926084297973956,0.017906703814277503,1
-0.4867567757471307,2.4155649339878473,0.6314425255353617,-1.0887461013918545,1.4271695905294344,0.888396729989041,-2.604022304210688,-1.412664994351628,-1.382567957271219,1.7535326538772966,1
0.35608572607760425,2.85641935399771,1.6603591163378277,-0.8945682004254341,2.145832781596753,2.5183097761663333,-2.1367485706552616,-1.5627504540776302,-0.4095029184461354,1.8245332475004914,1
0.9575493666576218,2.1855368043749888,2.459500887267847,2.8120907614797668,1.5898611973198435,0.6149470527609622,-1.6926916532566578,-0.5678486069306601,-1.1113636479831206,1.6879007892777307,0
0.22059917109707494,2.9936243401998075,1.9344606402513644,-0.3877796025778104,2.8240904176389856,1.8275457831254716,-2.0753923244186696,1.0864637425068338,-1.807272281789972,0.6075715071945487,1
-0.19800446376537506,3.0749221303153504,2.674929760582363,1.866666960119645,-1.058468894895198,2.2172566243417817,-1.6523691085243921,-0.41970656593247613,-0.5793598054868272,1.9757576951690674,0
-0.3627503064201818,2.4066625923641336,2.750133446113873,0.7516747110954736,2.2313309459065733,2.7416523119364657,-2.6024909797189153,-0.28838806175461906,-0.3756643487095601,1.4897067556561168,1
1.4602305336546961,2.471502608920395,2.106451497758507,-0.40256203418500336,0.8944517596877617,2.4559901352305245,-2.829438539803061,0.8733954667881989,-1.005062840964714,-1.755840554356139,1
-1.121707927246953,2.507924782988153,2.441180984317993,0.22529566635183018,-0.6620187313981223,2.279493969237034,-1.7107867510091537,-0.9340796391180561,0.9407422886274648,-2.69441931180754,0
-0.2482242236005634,2.7187553414984027,0.8303389633120807,-0.423086710099015,-1.1679158531267784,1.2205099552545169,-2.51250846779309,0.5822430431895846,-0.8398401088298397,-1.028790003925041,1
1.4585392382950437,2.261479161033822,2.440923979878242,-0.2059417701381412,2.725998155484553,1.139977765650126,-2.285059008795097,-0.0319518358696671,-1.4927234334994148,0.9722562105319246,1
0.505551049153862,2.8279537753502573,0.7380356124663906,1.5890018585372832,-0.6936195523737083,2.9771787545835386,-1.9394724511576606,0.8245328887626917,0.704315679388491,0.07837114833596948,1
0.18078861942890856,2.3809270323558014,1.954537886382478,0.017483754311280242,-2.1154028887815546,2.4862914147371793,-2.7963951241924274,0.99241589260389,-1.7372398572970762,-0.7776351386810716,1
1.132322161531814,2.2387076137613886,1.9270227243863425,1.1372346603102401,2.254372209710376,0.7569382385314416,-2.9583444573241957,-0.34520346690849824,-0.8026705074565446,-1.1642097395709863,1
-0.33847878002386356,2.6622326924495208,0.5204267024957001,0.2547339597412024,1.1119113005857604,1.6318136844395197,-2.9233438977637887,0.912917238033421,-0.7534619431688214,0.5128842143948864,1
1.2617685567292134,2.6925045546482123,1.9501604206341483,-1.3821432853074496,2.7151614656868714,1.1399278848153034,-2.3537971459439633,0.5845515550315723,-1.984870556201905,1.1746331498908735,1
-0.789126904096101,2.426084320773024,0.7086832427443972,2.8418231795805893,1.7959274336648132,2.792303561982748,-2.415902049235009,-0.23620045607946838,-0.6294851713947665,-2.2086327085527833,1
-0.5207886449469095,2.4358018693808443,2.052490744954527,-1.6245481828799704,-1.5908924262357285,2.128293795066999,-1.964351375922724,0.9463628222661502,-1.9005117866594612,0.6319355785971772,1
-1.103356709778739,2.2903467431081044,0.830438069113788,1.7879458511981015,-1.2818312050937282,0.3876966687583847,-3.0570928508018267,-1.5683711433196847,-1.6406697627639522,-1.6909011007957044,1
-0.9504353731583693,2.8608625866543167,0.8799109325125326,2.6374441217034814,2.042952046953461,1.8743075456354628,-1.8476943623783513,0.12227714606954687,0.22536406346831273,1.1629494133501406,1
-1.3130197984998544,2.8499401832584237,2.272022398178201,2.755951016621431,0.7328865531539437,1.6582905206440821,-2.410452968563993,-0.4147803717034928,0.8888887571797559,0.1354047574068411,1
-0.8301476565940177,2.1622258908497307,1.8064385573068114,2.3228831090030315,-1.9940661424757624,1.361329908585914,-2.5143446011454866,1.5398197561119147,-1.5174942967063392,-1.208598345149458,1
-0.26838793836482,2.261469286212083,1.9110617440995348,1.0409896180558187,1.0893410527038299,1.9344961976934407,-2.793347263701974,0.49007198035849897,-1.7068195695326247,-2.6050636707396717,1
0.7483567202979651,2.2643035019699322,1.929641860410951,-0.905959297971875,-1.716678132249728,0.7295062410887485,-2.195553229644055,-0.043356882546054853,0.5146237203114774,-2.4378912636032837,1
0.3778310123654902,2.9149105041745096,1.0365384608574637,-1.3702578042692966,-1.5171990976175573,0.5387251419974007,-2.645843098853922,0.20125873032828,-0.47718095272305616,1.0579885534472644,1
-0.3821996302202888,2.790764208275365,0.44481937694073076,0.5174792978927156,-1.8321769844634181,0.9600252909065317,-2.4021691737488764,-0.07507188402900544,0.0409493068665201,0.9399817903780714,1
-1.3442988885083629,3.133943029327399,0.3889426342047493,2.1400800574088454,1.5798582007339026,1.8833414798177706,-2.815033299363882,-0.24261513238572463,0.2669372163947772,-2.390836531283302,1
0.9258921347954931,2.222920173737946,1.5088110346764478,1.2899846238008288,2.011404079121342,1.5375079748143885,-2.181538444273392,-0.925074465308643,-1.4159346249905957,-0.2525051243992773,1
-0.09951263627127593,2.9215438292470175,0.8550127756984539,-0.8043479942270523,0.16954887142972197,0.42836546195189207,-1.955793721547509,1.0041998148673958,-0.5999428361669106,-1.6685421312302249,1
0.20528541096631492,3.0189903919590444,1.617205036822477,-0.39566849673946636,-2.0152369569861674,0.659980863143337,-2.8725643259561258,1.5029112118473782,-2.10516899979942,-2.1266683135379205,1
-0.5450134516457816,2.4629940892815916,2.6581360954564475,-0.7865363220217012,-2.012378121999948,1.2415560989310845,-2.8366629337611453,-1.2456898756038643,-0.8755093685656155,-1.466725223447458,1
-1.2512031825146561,2.7461771143923217,1.5117068681719876,-1.3825665614890514,2.22900907428315,1.0579513403026268,-2.5253575921368587,-0.5361158768630037,-0.7839301334256243,-1.8917416556969926,1
1.0570331517412508,2.5043102527606873,0.6628830753867524,0.8501568191339364,0.25020330862988205,2.577570135928344,-2.99141556384846,-1.0485633342201246,0.2492204265410476,0.3670699708094127,1
0.017491600907496574,3.1276122266115682,2.6600383541405628,2.2487979147411954,1.7656334173934933,1.8451638619649735,-2.20209058935407,0.5304956492335597,-2.2386983693944886,-1.89789632641506,1
-0.28207697353155026,2.7281167656369014,1.6602597344265606,-0.9180731262289584,-1.788294983792905,0.8902540308249736,-2.256611218283865,-1.4866881471729265,0.1040218442186136,-1.7871016404249533,1
-0.4446139066273256,2.4780510347915374,1.537135341404387,2.300306089889596,-1.5519475813961185,1.2085249914089478,-2.5542948775338568,0.20434463938041536,0.5766725486861226,2.1127555169783476,1
0.35127512326028776,3.0967143106757873,1.289207397096609,0.20751988743210936,-1.7806058615408857,0.387888973695809,-2.8454534103588975,0.2960162601069609,-0.5310239985718122,-1.9517691681359812,1
0.36732900385089184,2.3250829927002417,1.071194285048307,-0.8244664858087715,1.3487390711234437,1.681222123317764,-2.472782364504221,-0.40824908495979906,-0.8139498019729439,2.140790443684384,1
-1.3695688069263854,2.5611327572957627,0.3537450044297268,-1.0552927331593072,0.10775386082691796,0.716020778432888,-2.3228818132854525,-0.11405825590008667,-1.5870936153392792,-2.5546290146406228,1
1.0272885047661457,2.602825553849436,2.4678727418573696,-0.30493172005185465,0.9823243979509142,2.7745992113051763,-2.803507547517671,-1.131581725877561,-0.10541900222836542,1.2996952398654504,1
-1.0059237562848924,2.576766159146074,0.5757451278588978,2.7721691681260765,-2.0114697998612887,0.4686312070136892,-2.1168789353420596,1.1662245323674119,-0.2239804033811006,-1.570027863814021,1
0.4790023106519299,2.3362931527293664,1.404193976561005,0.7649169748438327,-0.5753611189509029,0.9692092439388127,-2.0318987043017036,-0.6224583185716372,-1.6975031451395197,-1.544628400360879,1
-0.4896391641304625,2.5969504552796523,2.015929249535324,0.26828188972345757,2.2732616353932302,2.1199619743922913,-2.3002098998278835,1.3054388537391481,-1.7650411706763798,2.2006932443185536,1
0.9071119059768629,2.714744997687449,0.6671008389712194,-0.9328252149169545,0.9123567088843605,1.4113990097621065,-1.6259340840203782,-1.2739417920476581,-0.5132800926496974,-2.113516516354493,0
-1.0540443489179268,2.2200217298823346,2.309800573384055,0.8679361280269489,2.676331896742142,2.307327075054129,-2.283289160292755,0.1365761685507625,0.5267527658333284,2.0048322063578055,1
0.70569258118825,2.2498241167224924,1.886531046666861,-1.1786673528095961,-1.9344534731262368,2.1552162881429315,-2.9990874206556235,-1.326850692282224,-2.02103166365802,1.7015120663061212,1
-1.1254595995627734,2.1796551115543603,2.0623320854025255,2.2434459278640024,0.38308531724755035,1.7439975589169345,-2.796634364941933,0.049472823544481015,0.3197768714340121,1.49814385007067,1
-0.5382934057080553,2.41725776427276,0.9245495106786091,-1.5072781678055422,-0.8539839005014136,0.36155590067160265,-1.7074553898158424,0.11686729480022762,0.09611482922802983,-0.17351922426241462,0
1.0651429676174833,3.100566340460409,1.1743147327615007,-1.3296730843587752,1.6295577403059314,0.3498662776089995,-2.785291536070652,-0.19517748377787125,0.8109643936491873,-3.111071378818993,1
-0.005602341723669468,2.5667265811109665,1.890860663087707,-0.38200151190954656,2.2870517123778145,2.266627176549845,-2.457427197509798,-0.85205280764096,0.5282454446111813,0.9944860852383637,1
-0.296776322896096,2.4844905695442905,0.34995401820424477,-1.3608863311482748,-2.057970302538051,0.35823488955704674,-2.454432041738022,1.55371876348497,0.4673130497641669,1.4778795990871232,1
0.4014797907233445,2.765843221078269,0.5634313582084212,1.5435251307013869,-0.8595418157522139,1.688428548396307,-1.5992222510327874,-0.09732405190020943,-1.4744119342548907,0.8830239601597998,0
-1.2127992294659198,2.1713510118396004,0.3230603879376905,-0.9442787945071766,1.3396480950161256,1.26921992547718,-1.7957204640393263,0.4115454906177267,-0.44270964591333595,-0.9889266023088243,1
0.0754913304504905,2.6622439224540293,1.4327277858048821,1.138788185850042,2.350290147264694,1.1036514330966998,-1.9835802438082992,-0.12651228161572092,0.6792143648467013,-1.4693862132544224,1
-0.6934373177293545,3.1375488310988637,1.7192837579434412,-1.166386246617635,-0.9364030652463164,1.2421253367562393,-2.9661629139971297,1.4319865109010557,-1.4849271627002052,-0.028563881036239636,1
-0.2788863295368005,2.199435298069407,2.4134226448185285,-1.6715317865498749,2.4184355341030663,2.4212301003057553,-2.5784382685042204,-0.06780853208783122,0.37376907034659723,0.14934197044527142,1
0.2581959619760692,2.1941869063663835,0.4016853006195259,1.6767959699307027,-1.7842298034795057,0.9427135584888298,-1.911928423429562,0.7786890049106832,0.43871898843065127,1.2692831327941678,1
1.0796782960448792,2.194068563929072,1.3263868895202091,2.239691621849387,-0.41859830132558384,2.1630655864444863,-2.76174442722953,0.7905914269846541,-1.3258994002090083,0.4247850465017433,1
-1.121065064755659,3.0007848607717675,1.6993288820321015,-1.2206846926417738,1.3851202205377877,1.4514937462830841,-1.6798947446530939,-0.006493982242892882,0.19747761878417114,0.09847900758573047,0
1.10056373502576,2.6860296375540322,1.3605192914465423,-0.8539344307030582,-1.5307440853295715,1.4537968550013385,-3.012588219334478,-1.5203705559179799,-0.7564749417191756,0.0993832642023782,1
1.0497828885802685,3.1333662567666583,1.0619421051042148,2.4986586317929937,1.9285188604263475,0.4754141713621937,-1.8949821830333804,1.0922077630822755,0.0075430378834524525,-0.10737953862147265,1
0.0009481104751285496,2.9046833262547924,1.0890106108225548,0.05563405548255207,2.244324007372601,2.906035721057374,-2.59891380817676,0.1789855951077537,-1.8887010277375977,-1.9974810037313355,1
-0.22297091592603802,2.380311386347416,2.514135960101356,1.4106346917645256,-0.13498274326841297,1.0286470458820804,-2.8386837765845963,-1.0190485457416643,0.17745625038214108,-2.652084532704683,1
1.100457377623015,2.271691170427293,0.9111409005470483,2.9298348214681935,-1.3355984065863125,0.5644870448242632,-1.6257053487614535,-0.739163519213063,-1.960243997733516,-3.119561709993174,0
-1.2902321670320627,2.664995500228971,0.8319259895719094,1.913302932748648,2.201257813037709,0.6819341352026154,-3.133239932201745,0.2234655168550268,-1.2905411133705815,-1.8336478603295314,1
0.9079773794978272,2.488578933801737,1.4963068371407044,1.4255610000288756,2.014413516976452,1.1022949926725185,-2.5566771628020124,-0.9770536397064936,-1.1755605245711827,0.5248622621961379,1
0.5693364799765908,2.656330591954773,0.825787281939745,-1.079741227820413,0.23755533593163358,1.6660530229338844,-2.5067335868988687,1.3293094786590507,0.8587127792627105,2.1621000990206496,1
0.7246742934983539,2.2208841120718827,1.2692675258151016,1.1192773158757068,0.7844293484944176,0.780349024520385,-2.6855953592123383,0.9296298055452346,-1.1110181466961484,1.4147103250275044,1
-0.2255434220202963,2.669633807917788,1.6652639319815905,0.9037462781895362,-1.21415443635866,1.9040175079566133,-2.787237524962978,1.0885470985958847,-1.7751256945629252,2.289101355705507,1
0.8619397217227114,2.56001083881805,1.0087923502023548,0.07939481359088241,1.478831950968063,2.0544308959330793,-1.808042216124103,-0.8551439990504677,-0.7076359999679285,0.5164139968553463,1
-0.16474180842509,2.779811740153399,1.4442422505378865,1.9091222021508263,-2.3158715843876947,0.872463992667053,-1.996451303778138,-0.1845605697710475,-0.5332104716420802,-1.1501878530728737,1
-0.28027644886687675,2.594417990400945,2.4307701196489435,2.7827738723720774,2.130531324384984,2.5550942828246543,-2.3504863489408456,0.01656953600032085,-0.22731711532702237,0.4433222414703253,1
-0.9064906404644776,2.8874832676427697,0.754286846868824,-0.5077915408604301,-0.7176587738596385,2.5667464393952604,-2.8440075328175687,0.9270292919497078,0.541515448638175,1.2995942217656515,1
-0.32524998247556103,2.922472216012891,0.7700489796338461,0.6225176343943803,-1.7170409229541823,1.439886182684767,-2.992721716307872,-0.27514276910671476,-0.6859233294135072,0.41892760093150505,1
0.3713127859263836,2.1988316696918564,0.4916593989856627,-0.09209514417944176,2.1226926968181683,2.6306291222409883,-2.6111352261817684,0.3339793182767803,-0.29144461944340083,2.230702508926298,1
-1.2421422154730752,2.6900215974272683,1.7397286573269064,-0.2976606642384818,-2.0948876403076664,0.43266694510715975,-2.5932068629655136,1.1464147281994357,0.13055451100345516,-2.15168067197595,1
1.1288448087194127,2.5201116590053747,2.673099151146271,-1.1893653175327286,2.089666715979459,2.734343228890519,-1.7494428817523704,-0.8919961580458248,-1.034089664947129,0.7557361183023588,1
0.2634010873058277,2.567204312488126,2.7452519925358883,-0.37865775561398696,-0.15398531610395327,2.7196199716755145,-1.9719282853688644,0.09926456470367961,-1.2104373736137837,1.006781398269331,1
1.134690113652118,2.2586382286955864,1.8129639951939298,0.9239327937096062,1.2010433130076081,2.0964964552095062,-2.918587139078477,1.483167218511498,-1.2456064715208748,0.03420932159142076,1
-0.20229320035019116,2.6162461278936604,0.42623667483606803,-1.0478166198991792,2.6139686182365187,0.47617964988779937,-1.5859777813483487,-1.337458874221109,-2.2350985935589818,-1.923519463476816,0
-0.36488734767073194,2.649152743361552,1.10981168035263,1.3084174852507844,-1.1437883109223568,0.3611043453751337,-2.0209829807947592,-0.16518675937277627,-1.0328771860794708,2.04055236989709,1
-1.3970231633936692,2.6722902753550626,1.7027675457738387,1.544982179177695,1.0417009417770946,0.3144827342460391,-2.6215839659115616,0.5841965902485267,0.3803929158384358,-2.111291891247152,1
0.6885014632132296,2.7672686716826806,1.8897215838123005,-0.917452676323238,1.2030373505643803,2.2737041555565614,-2.246930925546619,-0.6599208825125966,-1.7034416319152283,-1.556456709383075,1
0.8364231885551945,2.552197304211025,2.016292080828511,1.7370369550081506,1.2295185759227722,2.103168561263805,-3.0237092322002312,-0.1669260348195607,-1.5959981535529355,1.4627494541182986,1
1.4590003275875105,2.609010346743716,2.5949585850847874,2.950560175087629,0.2332079002696963,2.2397716639510112,-1.9461379542601507,-0.08617421232226863,-2.1140310184416156,-0.664118977913704,1
0.9090337589963586,2.468330255297442,2.2214398606077594,1.335719882753022,1.3427908762563212,1.060714292219205,-2.330370721520504,-0.05780240989302343,-1.428402224359972,-2.6493075761043814,1
-1.1423442379877522,2.3542518210804833,1.7088444959790976,0.33070290625880183,-0.9289056367214454,2.607393893969973,-3.1391080370634574,-0.21369062445848686,-0.09356787745361084,-3.0537801859461102,1
1.301245346154611,2.9981382690129283,1.8469987265320071,0.7709463124417546,0.05686946461900799,1.5887563730039649,-2.627805771402431,0.44450256352806616,-1.6708948067977403,-2.822278489025279,1
-1.1441679326739078,2.394985651914076,1.1754255172216523,2.4537769402426273,-1.0765296606782715,1.1517284659241094,-2.7884053050174855,-0.6691578214107518,-0.15501350038809614,-0.23392517286112557,1
1.4204611109983425,3.135399903461264,2.3543735085393407,2.043848034109572,-0.4035806473801198,1.8511421683249483,-1.675294470227997,-0.9298776301852322,-1.685307607392068,-1.9567043106757016,0
-1.4159289863804083,2.7507914049649926,1.9807099544067548,-1.7295262801103262,0.3635402380792052,1.305694350017705,-2.7174651138651953,-0.5625307674290314,-2.108957327423006,0.2471091821614233,1
0.3015823776040756,2.971889838078206,1.7390489946965673,2.7217689186530993,-0.6774346308699042,1.3622712885244168,-2.9402552398298303,-0.9774436605091936,0.45956472846392504,-3.076820501774835,1
-0.024950084326346378,2.297411109316011,1.7556033371180546,2.010316931635427,-2.1686191147775196,0.7328467341111189,-2.11027960825694,-0.706402532421006,-0.9587878497554949,2.058378845365914,1
-1.221759205404025,2.5660129578121325,1.3997306134851333,-0.4262413248982704,-0.867597416217823,2.213956880629278,-2.444723111665913,-1.344556972989456,-0.8836803622349565,0.17339300668612934,1
1.2394722818175419,2.9920324545860035,2.561785301992567,-0.47972710297088117,2.879226198861091,2.4871734449899026,-2.103821596547731,0.7059248218551815,1.1035110510572346,-0.7285183443880627,1
0.7671907606471935,2.8402374635059604,2.0900310469530963,1.7905531289876495,-1.3326978077563887,1.2309020313598162,-2.5870263851027553,0.663825351808591,0.18579285023923076,1.4112107636855291,1
0.9131156956546853,2.737946721963231,0.6036366732339957,1.2446883172249992,2.3578836221186013,2.0215457003726147,-2.394214762913154,0.324694706511091,-1.0413338798815506,0.8100567955568243,1
0.1410575455455152,2.5975525942211517,0.8544529125537167,-0.5882343323543984,-1.3633523515698407,1.9901190342258315,-2.823883139087237,1.348858954881076,-0.47723376349683155,-0.7466974433689781,1
1.119394050675723,2.5858060397049973,0.4602627654272795,2.9232927254107564,2.1348719703820906,2.0668922708376316,-2.2759920960547064,-1.324589720759881,0.3564922121157652,-2.0054336908263206,1
-0.01730008959667284,2.3218751689986403,2.1444926193864298,-0.5881435920788787,-1.0016838557356589,0.5862076545229604,-1.9942441957412467,1.0957922470420416,-0.4946011426379464,-1.3255390283958823,1
0.8701956801756578,2.370146376999294,2.614025466867632,-0.23333201181385954,-1.7933120857568494,0.9385768653513324,-2.4116420108072214,1.389664776987021,-1.415786459704203,1.6989078765893617,1
0.07014484891037287,2.3769985686697606,1.3851186002795823,-0.8231266065238871,-1.3964413341079691,1.1008094719490886,-2.7351064056379633,0.6057894944395843,0.9480911302967248,0.5015675476432011,1
1.324935617275926,2.4003658870840066,2.403617086129928,-0.04072897469983294,-1.579482229096647,2.4557683953196734,-2.6923578313481538,-0.517952804633877,0.5400216746909838,0.23059345366913497,1
0.07305551434604696,2.4966945656767914,0.4407427452558197,2.917516656758359,-1.4174072602215624,0.9789076885682388,-2.3718536503956473,-1.1252536405650784,0.34884031680310423,-0.6424133535943857,1
1.4315387141442653,2.1972685991832797,2.4956338176920996,-1.4610156173731317,-0.27066142877708943,0.4377753332945272,-2.7009709633090275,-1.4693831293525237,-0.2659828955036474,-1.9502990452908175,1
-0.6764132265198104,2.592149864054666,1.0625818746065687,-1.6450577443701644,1.1345687686442862,1.9415830377474088,-1.867824988220658,-0.3835897972345328,-1.0911456501969863,-0.3464831834080013,1
-0.9313718283610474,2.7673134766505134,2.1852782401049407,-1.0232569078298812,-0.6562411851978758,2.6253736091328244,-1.6604253262306197,-1.500075903223056,0.20696484967379813,0.01600990821064263,0
-1.319994387674643,2.944889983726727,2.568845619424941,-1.4946593070251963,-1.7010976354882499,2.179610617934992,-2.4414477151876004,0.14754165299560507,-0.4225342606342972,0.7010989563659642,1
0.03084576088795199,2.284259666993812,0.47684000493856393,0.3196341296726115,2.5477675595831206,1.7919914332819724,-1.6044681791128714,-0.07888673346628972,-0.9401864888029512,-0.3594301499594601,0
-1.1742567222596303,2.8786443929909074,2.010241769587026,1.9918438617701364,-0.6201565815977561,1.4647749593225197,-2.3512115999994267,1.4793643766593096,-1.9800339054570544,0.4044157861241815,1
0.6544948913548612,2.3017247227871724,1.1693736226435116,-1.5424216789522887,0.606410868525963,2.9671361700933456,-1.6068525057282215,-0.9844424544665874,-1.84204940704875,-0.9967136270778902,0
1.2654916965112704,3.017279347779397,1.0646186440673808,1.4477489454395998,2.353118104126964,2.354077023626802,-2.5823080004297165,-0.4745775525743119,-2.024970048139613,0.21659769115521144,1
0.01779759512204282,2.3816446749649227,0.9872496228651659,0.09955788069214755,0.2826324026614362,1.341673580275804,-3.078802377266407,-0.016955296720217783,0.6990663086869695,0.1867351091435996,1
-1.082306785116873,2.566602447418842,1.2983798967797782,1.0807805882657555,0.8834090962503627,2.0270504035401653,-2.019669022445355,1.5474169858291973,-1.227888348306786,-3.0452594395487824,1
-0.12394743931521535,2.5721318153839663,2.0956489473226325,-0.959004344134521,1.0033263802733945,1.1170397327011288,-2.7246183838206193,-1.4457809456547979,-2.029969498680702,-1.267981235728827,1
-0.3206214508713525,2.857095283184874,0.752431458682248,2.7125566328176873,2.9446353447417115,2.4939481648745265,-2.60775784725348,-0.5403190057135894,-1.9901016395840643,1.618263263985392,1
0.0666170794066463,2.320338855289775,1.0742201356643126,2.0224227208683607,2.268667093214728,1.6896652466589483,-2.6461069366137275,0.8601698373222406,0.5636501312762241,1.0370100866543104,1
-0.34203868852910113,2.783621298964647,2.404487054387685,-1.0312610704855,-0.28653043193063166,0.4448021474009061,-2.991883840855741,1.5520052225727083,-1.5987072590964129,-0.1806255744404699,1
-1.4224777298238116,3.0381346339855613,2.310717777521332,0.7221784193464531,1.3970953424697536,0.5719438850272813,-2.98632325006267,-0.7035991359918465,-1.863557554028659,2.215777090818301,1
-1.4661351069484487,2.770269921586806,0.6834775628180543,1.6390073529328122,-1.9705808638217692,0.5106132008896114,-1.736823287915453,-0.2324511704876533,-1.3255164940225466,0.20516175575786288,1
0.07471225201149911,2.982867197917928,0.976756492172179,0.8658569737847746,2.6947898827806815,1.1866400198169524,-2.4909490563079224,1.017084813699501,-1.1331104292049665,-1.0610501647783228,1
-0.5914886132348817,2.950433273963762,2.5878000164405806,1.2241900594142958,0.9616434941766641,1.3409871652729226,-1.855383056375206,0.26426914843554905,-1.7691429100006086,-2.507140861716426,1
0.49543038005864126,2.2804384747583155,0.46729600984703223,0.05483043460238868,-1.0238694026856554,0.6846962746435877,-3.0339821163636564,0.03844292927480897,-0.43077896501380986,1.000140112907546,1
1.1127069832143377,2.892594924983162,1.829281785999757,2.5253384651820907,0.41098297310963083,1.9951548202163696,-2.0126421314842267,-0.18006011239678932,-1.1358155284644922,-2.3300041005638885,1
0.9382084419257932,2.1998410637560384,1.9459360344085668,2.3222352058656295,0.29274260059256907,0.481312197691779,-2.960989869604755,1.3490450694540643,1.111317415809764,0.6351634352385438,1
0.7045108666028255,2.6581195540008005,2.0331130017898853,1.6545976971464058,-1.9920329501047258,0.8910002502791565,-2.032722317120087,-1.3591311719121852,0.7341550131006902,0.1889220776285403,1
0.017585950869184463,3.066316410866769,0.6846410790991594,-1.3943080913193322,2.518197356218651,2.719406849391489,-2.925741230150118,-0.5646945576763902,1.0570994729574874,1.0397381899974971,1
0.557078321287642,2.366590960072081,1.5402966212984064,2.125156824384767,2.2158419342615066,1.8018056759774397,-2.7288226919333654,0.39863034895732397,-0.46033937261543056,-0.858944655676201,1
-1.2707958397309966,2.270187966781099,2.160785120468119,-1.6292940944169179,-2.066521882154364,2.724411691693403,-1.7116178048674553,0.9221320401651807,-1.2034136615850686,1.0286633945033539,0
-0.23900023634210044,2.6113131480002476,1.4040172655829215,-0.7942351801315974,1.4798027717538367,0.5694981224493519,-1.9601142903613524,0.02410577202998243,-2.115944108547488,-2.3577111279144347,1
1.1641389839057408,2.3200487340556943,0.9511011871092444,-1.0955635700856243,1.5548207153642104,1.4900325883969088,-2.266781234027471,-0.8909143672356885,-0.449546247014714,0.4460174614948311,1
-1.4105513271546515,3.090893891490807,2.6531724048766097,-0.4460140408862052,0.9863710191806057,0.8353791811490465,-1.745794849582745,0.8296204976815666,0.9541910996776051,-1.28745582111248,1
0.6179913922072671,2.8577698761798747,0.8074661819319281,1.2144652945087304,1.1301445503897676,2.3465465748119643,-1.9962834689639677,-1.4344297933213825,-1.5805721675967437,-2.3476922284783797,1
-1.0564270262631625,2.5968328783160226,2.4576448019232062,0.3660501505953677,1.1993610792477267,1.3046852329269745,-2.320908683728231,-0.2161859945768987,-0.02282793685440243,-1.2236774973421698,1
1.3033717016002795,2.6408861910567496,0.7249455380780944,0.5283778847425347,1.232323540938895,1.2794528587076666,-2.8659767033459422,0.8291988077428523,-0.6682164126389554,1.5496270185951704,1
-0.09824029806345869,2.557183001143502,0.5126866643780288,-0.03969816566229367,-0.2392966501675402,0.7781408068489124,-2.811933416249156,-0.9479102919660352,-1.5070751643338376,-0.07574341171220977,1
-0.7006228032786902,2.7813745368684604,1.9856672950970475,-0.3276720999147742,-1.8805750678412148,1.6083179394928588,-1.7768687887558476,-0.4095451560397809,0.2200581784704272,0.2477683139048792,1
-0.14374542994919404,3.0861149161158368,0.5077436616836513,2.395362427900504,1.8971307894275524,1.4209189179244994,-1.785799953358929,1.0535648220688276,0.8922722236725686,-1.8636833256444831,1
1.1789886215625254,2.6456471945179136,1.411386164967674,1.1696663588637892,-1.2039908424089307,1.4441231987773149,-2.372429666691047,0.0020750396763868917,0.8915085404437275,2.2896152689421254,1
-1.3748874943143694,2.6735981155206137,0.6836389764695134,1.1800321760080652,2.901070956537205,2.703544509852395,-2.726591866857318,-0.2556751551250336,-0.41197974529197,-1.8575320492368539,1
1.2576013432794908,2.334984005044987,0.6388057269948051,-1.6881176312025634,-1.3793825663248565,0.8027118295650588,-1.770796245854389,0.32065489035696193,0.4048939757587342,-1.7502161059458288,1
0.8967730005122743,2.564900687772876,2.19905281060732,-0.22548501884493666,0.6490565079575705,1.318425392843385,-1.5901174586945408,-1.4290757874244915,0.304650192523499,0.9728968635003148,0
-0.42944058019125597,2.660990743232431,2.1695786990151804,-1.4889170867555892,-1.9627254741750022,1.3039422240100076,-2.7355406461435616,-0.9749973896321424,-1.9536532619191407,0.09309645203999883,1
0.5503875035979435,2.932826175548519,1.8852836721953157,0.1197636507676112,2.61160093455286,2.245085156156357,-2.267272474345055,-0.6361264484461588,-0.045416972829881,0.09152631573669767,1
0.5863858282393593,2.9221611736750237,2.549300106370617,2.7202903245120584,0.9963885927124725,2.889228193660446,-2.768377868593233,0.08677817229807405,-0.08445151466813527,-2.1653361680347394,1
-0.6192142959853525,2.4408266458346204,1.4650920274266344,-1.6942178913627535,-1.093971848551853,0.3708838557844366,-3.0322652543390918,0.6023997724369499,1.1534170445024166,-0.6903242857963368,1
-0.728088504045701,2.993799174106562,0.5363883352171441,2.8387821196034855,1.4450650282988926,1.6472498258269552,-2.2175908045696673,0.5160428868835572,-0.40437528863172956,-0.8798640931389987,1
1.0812974625085952,2.7839992190244245,1.336485912887638,-0.6819061280935543,0.2026058320358537,0.7307541570205376,-3.0629537450728916,-0.30057192712239034,0.5082534735303423,-0.6850138851717862,1
-0.6706022779357522,2.977170052721574,1.9868821055736843,1.5799624191461255,0.45522822650527095,2.647356242550781,-2.188271606646137,-1.2522528283945364,0.46069106059624065,-2.4138689373442554,1
0.9739655746918667,2.49566078331418,0.5673772825860319,-1.3729214702347998,2.124510660198042,2.3856306307087936,-1.840917861561267,0.2934526959325163,-1.4261548493962923,-1.9768239388507407,1
0.7408395389963749,2.3592775154741865,0.7947889408104813,-1.5935143426434537,0.8197534780096296,2.1446764739364723,-2.9154783799175754,-0.9639009048463762,1.0444205272083846,-0.5582627139044098,1
1.1355675868812378,2.787686108651385,0.46360095702429627,2.06639752772239,0.7536532943560834,2.0493714384341413,-1.927165884544811,0.9504936250383997,0.7505923475191953,-1.9634790916068823,1
-1.5357293353358978,2.401024524146478,1.4761690879521827,2.1190483568141465,1.0658504690471715,2.763174384668063,-2.272962601059905,-0.9051329372829678,-1.480513412052535,-1.9491089840754172,1
0.7503263832400235,2.2247137660025094,0.8615982290520485,2.423094558850556,0.7140724991143599,0.4178366711035729,-1.6636482823150567,1.3723769561222625,0.6610244426974594,0.5869334497850014,0
-1.522305685806286,2.349500036450758,0.8998791594841595,1.5588971846949864,0.35574046398825443,2.301846536446954,-2.9110432878449823,-0.8581662329878084,-1.9196020503876632,-2.0334325982646915,1
-0.2912473647512279,2.6935782419768124,2.6085103013851714,-0.6173812015474716,1.1866645530828253,0.7026674775103121,-1.7059091540934896,1.2638184977079645,-0.02154790241335558,-2.2486296139731756,0
-0.9760084254288557,2.7009962744528684,1.1946974333934306,0.4723056611152918,-0.706563526160781,2.855656043708407,-1.9130986321381982,-0.3853350253473198,0.6604533280584759,0.48724915265772584,1
-0.533534247503332,2.6945559654621647,0.4606619716754139,0.8222950066425603,-0.05728192056992487,2.3300349424240925,-1.6172069436118004,-1.0270082536118355,-1.9956423391678877,-1.0070755716914968,0
0.12301651919822243,2.5197528882685587,1.8301551149811757,0.6339159986723608,2.62059974966851,1.3931034993406557,-3.1006868812818618,-0.746100195616419,-0.19348203273671905,-1.7417861328746427,1
-0.7006076234321229,2.4826997112947145,2.1253066527796873,2.678302863851756,-0.4866681096951966,0.8181019526126907,-3.0752327389646967,-1.256151172868029,1.1267339091339803,-0.6067052757412896,1
0.573816470662174,3.0541962935928058,1.8314112379912448,-0.5719355919807769,0.8756732633474695,1.372902695206563,-2.0461418359189514,1.1271540240373723,-1.318385725848672,-0.5790337972501902,1
-1.039551511797374,2.3224339199989767,1.7672073170178444,1.7884399308867294,1.0296443245653082,1.1777642893953157,-2.6150560140536943,-1.0487822579307342,-0.5427532008513896,1.0687114538154483,1
0.45269718295773465,3.011868238074669,2.21778539618472,-0.02376631960567499,1.007179483276797,2.3014138328217695,-3.000686845977614,-0.29247266431280483,-0.047798718027062925,-0.9955695414378707,1
0.7556635682736643,3.0524098973678058,2.559783722096742,-1.00619625428737,-1.2619887401312044,2.321959079369103,-2.1757078784365493,-0.8397858959287804,-1.197374410867702,1.4912430468986106,1
0.5877707156346794,2.3392659499850703,0.5698640681743112,1.5612089804334235,-1.5038660578067264,2.4278707109906383,-2.8299531785746534,1.133182569155921,-1.3289094044724057,2.2330144482641843,1
0.707018453997124,2.919114550403346,2.1819598605557444,1.002646940738575,2.636886393763489,1.8619968722821814,-2.2602129833304394,-0.49422860011812775,-1.3075770308897012,0.884298013792757,1
-0.4962904266170387,2.869995342072081,2.6438272808325354,0.3217454248094822,-1.8279013969603566,2.0843732376947943,-2.4108894466820088,-0.9128691286240741,-0.4692606001804984,-0.4654561269649924,1
0.2326368421462628,2.6586984248883443,1.0650847740559626,-0.4207508578325727,-0.14257155596992543,2.6982445357019333,-1.9948255784290925,0.9380744591719286,-1.6149569253925118,-0.8073035288905115,1
-1.1214555592380133,2.901928283970902,0.5120616162094501,1.3849397133242949,-0.9248201395033524,1.561915696043687,-2.5207512905710265,0.2055629771073859,0.9832474716361248,-1.928996323058136,1
1.4244883675732156,2.468468734777529,1.6526484053126866,1.5558747633679255,-1.2875782450290634,1.4881905943403682,-1.7345923350952288,-1.3498406833812626,-0.8440087009873487,1.7294825502107183,1
-0.6850663618806231,3.063963083966532,0.6063762070112527,1.1106387576347454,-0.7122915195900028,0.781257145922086,-2.3987332118975857,0.9980028732683734,-1.4744998293901377,-0.011724457467583882,1
1.5060721387430642,2.4592008477264624,0.3400544892238967,-1.073317523654186,-1.7113151750368614,1.5379738540617027,-2.7651070329068674,0.5382070659033198,-1.7746267548731445,0.35937948720072166,1
-0.6006162496495331,2.717181983954337,2.5963336853837733,-0.37445947502412524,0.372581670615149,2.461426430122037,-1.853136595329794,-1.4690508993842377,0.3793632701992675,-0.19139038781215278,1
0.12895448273266408,2.8602206821201666,2.0035779585506437,1.4075045196619378,-0.3183424897834035,2.519841691316405,-1.7387995905808342,-0.8479632240494943,-1.0895878549254363,-1.7537673135378424,1
0.5238053709468566,2.374659101536515,1.900261820450612,0.6695425785598577,-1.535728211900473,0.9872080996927106,-2.350009713041926,1.5413395809269226,-0.9071253724302402,-1.8684456454311018,1
-0.6195697767136912,2.239401950485698,0.31546758318148976,2.8335607454460217,-1.8327548801865765,0.6283173644325424,-1.9080070125746074,-1.140877172754473,-0.777139166374788,0.4044709558240682,1
1.3680552349750514,2.2436419003052634,0.864102014701135,2.3026619677764035,1.7938314396736024,2.9653044139743914,-2.855008720267781,0.0930232566127791,-1.094651725915638,0.7652937451922446,1
1.2057858399238115,2.3147085713419657,0.7685325216624894,0.9882630388883742,2.128729930288266,0.5048300761723593,-2.8161515416536074,-0.9838809943963505,-0.8797162832280292,-1.2839378425314796,1
1.2950461994462477,2.2749101509866416,1.693884346090976,-1.0484475891910887,2.5780313048191195,2.4375541291440577,-1.7745956557400644,0.6230656613775574,-0.9646462402956122,-0.9259177922015045,1
1.0026454914579546,2.706595357776586,1.3265780508818183,1.6398872884880644,0.08304635091109569,0.6373298172860764,-2.440933218380961,0.5505816379232316,-0.20387389659763588,-2.403599486124221,1
0.17266396056374478,2.413068157034476,1.997968013593784,-1.6123612731059123,0.14218947273787075,0.43309600815774835,-2.1217030373914216,0.04411133556203528,-0.6636316686991446,1.0488558170502444,1
-1.2248221156723877,2.8764764538356635,1.7187875613948758,0.6289941783371957,0.8336590735881106,1.1955413224119884,-2.061646181746647,0.1229884380009727,0.3987971294817436,-1.6684160958721503,1
0.49499457203418107,2.2921296253261394,1.495942392526343,-1.7329754200845102,-1.3176935027839425,1.9907927073308829,-2.1559772790063576,-0.460670814767987,-0.35618805528364184,0.33757961306860507,1
1.359998456360357,2.7967767425526975,0.5109704545225622,-1.0548649159184835,1.0259567041867408,0.8722186218169639,-2.6238155392499927,0.7254338016860096,0.9845530458693612,-1.5401162351580162,1
0.6908132096052944,2.8046095886336664,0.3417099791021809,-0.4957720712645781,-1.2478363750893893,1.2893882596313788,-2.6964209899798637,0.3037207403562565,-1.2674043595630515,-0.24537193099924037,1
-0.9389161813652669,2.420855455016234,0.4155086962182599,1.2783373662027904,1.1380921960476682,2.5466128161067547,-2.4096164196451904,-0.8792206005123995,0.27787732648179997,-2.404329625292471,1
-0.3753146428173195,2.657830581438019,0.37651682729067804,-1.0077198720196985,-0.9067686829816131,0.6354543359159484,-2.119770946575653,-0.7207239507390163,-0.5534006449957203,2.302310141128991,1
0.22394131753384205,2.5542824342663,2.5863075370929764,-0.6984186125126548,-1.392352907917482,1.7317372858704927,-2.7748917661302293,-1.3683842060844418,-2.131488362904864,0.2335474313740038,1
0.6713354776998304,3.1120497393406445,0.6182328019815204,-0.5866880495868869,2.5984298513220816,1.9878215853169856,-2.102436932398065,-0.21452140510414264,0.42360011220552973,-0.040886993897999435,1
0.22012950493171535,3.0204344982234383,0.8575425760831693,-0.9904641054555627,0.9095728736882567,2.664679917821076,-2.495606886517949,0.17877188461023397,-1.75216234864526,-2.2011657853254767,1
1.2640786858967705,2.2621415681962165,0.31344946691610664,1.9010140518786285,-0.4223606395895909,1.3588765589686542,-2.7089247177663585,-0.3098981068999036,-0.040770453754086056,-1.4277473360914998,1
-1.2122472392229453,2.8289758039087287,1.0522497467939012,2.3323230457588577,2.5273663303986575,2.5749730779591276,-3.101959914082492,1.3858920699885748,0.792584839780361,-0.6663489502620767,1
0.6622052964078424,2.9679826058682215,0.9493878356709922,-1.1849526768875274,0.9679901825008783,1.879122349912914,-1.610033598708606,-0.9293987198203116,0.44049824520784453,-1.2285069009941882,0
-0.783450048493085,2.866303375745236,2.225037727394649,2.744912665121335,-1.5615099229227618,2.6830694985155255,-1.6203864315711247,-1.3891327018100192,-1.1999415274447132,-3.018799022937455,0
0.04039406563455206,2.42915136986209,0.9798475878814419,2.6171585377970237,-1.5329783155780166,2.803950548018512,-2.756733052115645,1.1127933637195853,-1.3012131091233585,0.32199129695818085,1
0.19271154063768758,3.0645251748096527,0.7024131255386882,-0.7827753795008986,2.685996156540434,0.5559452982090711,-2.066119837409142,0.2767795330781804,-2.011263336060331,0.12117110238094941,1
0.17649626156380105,2.7150479862829417,1.4413014428852138,1.7477087475171986,2.9150948493256923,1.0339413750077557,-2.635112958494962,-1.3003173023660213,0.3473987258542812,-1.2394046978474271,1
0.5659074100362984,2.5885113658353744,1.7780520163129199,2.155455150332027,0.38088754823393556,1.5699349675724712,-2.63068310729768,0.936821552065964,-1.3739902682937495,1.4669372336763362,1
-0.3282600247414138,2.2732314430014036,0.8547050608129452,0.7700424711686109,2.5128005335055565,1.1005541750537913,-2.8934699691853174,-1.5329194631179255,1.0501928841847432,1.4759453742178397,1
-1.071231096153759,2.755582225515486,2.2400793496869342,1.8684055187842517,0.24725132987586562,2.2598682345481884,-2.6368858296653754,-0.6799181722358575,-2.0832220651541555,-1.1220744944321446,1
-1.3437275035987963,2.5378781097923193,2.332994114452197,2.227347038639636,-2.1631512771572385,0.47952373927581216,-2.1133684739249308,0.6594029554387928,-1.7625439512597818,1.259188548391903,1
-0.863654831228603,2.2225143617241434,2.1337543947543423,1.1160946440390176,-0.25310677692267136,2.1547480104822854,-3.0446897201749987,0.15350702948062067,-0.11860741976785594,-1.948536578249483,1
-0.06338980636009195,2.5667086680599978,1.231266418952068,-0.8496561423083455,1.910493055585892,1.3128072946709841,-2.1114711904631194,-0.9103264311941046,0.6101296686842295,-0.1665400577425249,1
-0.33832009264067464,2.8454336682138104,2.2270022344141402,0.5258790076204662,-0.08891730520726826,1.8447859638526467,-2.213723201078469,-1.222244000235299,0.3281312906122831,-0.9570262436085653,1
-0.12905131560353666,2.7471871040325175,2.729531089799937,-0.518729279350532,-1.1143439289962396,0.7681004603027455,-1.6514081353117107,-1.2825021200764137,-0.9402752158995433,-2.0254139971656175,0
1.2318630296912243,2.5858096977297955,1.7777724909881327,-1.2158566658788557,-1.771471903725387,0.4736611041347248,-2.7209141711677662,1.1293961458998394,-1.435284178259616,-1.2303280951771076,1
-1.5166729096526694,2.494161162566839,0.5514817446338216,-1.1412539139491902,-2.3198681085516637,2.164571449813995,-2.17007607986997,-1.5543472089753552,-1.9452364157648547,2.264710675874633,1
1.4941646766463372,2.6107525280523562,0.5231111053423554,1.6459790742783942,2.7522694379032284,2.3858565918039742,-2.4162601052186914,0.44753128796999486,1.0851241767706257,-2.7406779364498535,1
-1.0715787684739142,2.9716125789313703,0.6166008671247338,0.058194662865761915,-0.851735369389039,0.9470162385035585,-2.170765053116673,-1.093775954432544,-0.8968563707986392,-0.1276348511311629,1
-0.5902790985476508,3.0817380470339217,1.736740366075479,2.7774623904686955,-0.48863280385401886,0.29875722945454947,-2.4967693098180788,-0.9986991204309967,-2.074115144894484,0.2752898761359921,1
0.5170817291366063,2.2897789503976598,1.6392875477649334,-0.6010127059165487,-2.25655342297914,2.6229814624778354,-2.6101411609764313,0.34841025022843364,0.2086311745524605,2.2868604263608785,1
-0.17578266099662865,2.570261243899464,0.9596016430258381,1.1961854202073274,0.23276579572987277,2.251614934733137,-2.8177420347696325,-0.14565147965248704,0.6882230390018464,1.3821610036857677,1
-0.44586955278741436,2.8318179504147936,1.488369836022119,1.8352881616077132,-0.27595281199220567,1.732476165245302,-3.0088076095268894,-0.3445329148348426,0.41096970568319513,-1.0561802835227012,1
-1.4270757438295167,2.311577657694297,1.2855329643671125,1.632680819943194,-0.4171902821988367,2.2957666542113597,-2.6195853118551753,0.45978089950300594,0.47493009061531843,-2.44707455035121,1
-0.2461979640376899,2.241835579057415,0.38419322445378246,-1.4417235121227239,-1.7885397107736019,2.5391513514834148,-2.8895958773354558,0.5442508852421388,-0.4268246933700617,0.2935418989695533,1
-0.9630884846339215,2.682756441140816,1.219525887181464,2.6373762930556284,2.606263535815235,0.8261947951946653,-2.2894704424887315,-1.1653249493347082,-0.3425013743112342,-2.4610059374637707,1
0.49533099296292926,2.9400366474298556,1.1189255830436318,0.6757955430352842,-1.7271844550875661,2.7944246701923743,-1.8163985616837706,-1.3915924898240584,-1.2500347177061653,1.3698366138432632,1
0.6402021731181966,2.15171637948103,0.7131144352957435,1.7843720251119493,-0.20332815040398478,0.3630682901908512,-1.9859237025088687,0.6647917565544408,-0.5214548420510488,-1.7838868179470557,1
0.7545489112264754,2.9177833357846654,1.249442156376777,1.3528846913537484,2.474564900710191,2.4829240405738706,-3.0297336077078763,-1.3912925453166642,0.7722303146407943,-2.9522819736443022,1
-1.4652618900678753,2.34955602446755,2.3298378897844616,-1.024426306906111,-0.8317002746457751,1.9836276685182836,-2.988980129977275,-0.9779213530874878,-0.6711448239184028,-1.8942410274633257,1
1.5464360124870553,2.3074072308778604,2.3858542896485067,0.4666342208804273,-1.6593638807978737,0.6111100717194415,-1.7788012066551417,-0.4249101682105796,-1.4695700725847,2.0969943673845166,1
-0.09680547635128356,3.0691480724764375,0.6640102366384666,-0.8820761147679814,0.8153436847131981,1.0180662821963622,-1.998592877640672,1.1431938381303481,-2.013738370081379,0.9732314233832766,1
-0.6596854765963944,3.118521341981947,0.7120088912173701,-0.0775537313091581,-0.3566424749016275,1.6370836207590733,-2.268633913874349,-1.2745281771622545,-2.2416534207044547,-0.9049608849851967,1
1.0355513019227605,2.144932027111479,1.5918823580219545,-0.5244250491702263,-0.15597541624658273,1.422440726731063,-3.134322495687643,-1.3735266962430597,-0.43210613500217243,1.7955754904508603,1
0.7212298613757633,2.4941926186214727,1.491283620957738,0.08907136855299802,2.0478985246562633,0.7968919115626691,-2.5829609869539696,-1.5292008851705599,-0.17332779843092894,-0.31762481759236083,1
0.18621379581993058,2.8092490251473228,1.8966105169995366,-0.7377113673013711,0.7433263906846599,1.2458883367771991,-2.076833740188582,-0.9582096644484296,-1.6583321683194263,0.8725564163027948,1
-0.1165799297145742,2.693565546482326,1.9408092430023147,1.3266390023658587,1.625757756946578,0.8483803311269618,-1.642050001860088,-0.6755248720061852,-1.4648180658602121,-2.5141155952355865,0
-1.1284782615971338,2.4560541224718255,2.741926853304413,-1.005383127163189,-0.7614334022954521,2.7676654151383304,-2.5975069228896728,0.9479874571609497,0.750146317210632,-2.3813361132116255,1
0.8293041194089796,2.1576817209139434,1.2730361481914727,-0.5815498708505329,1.3876662957164712,0.3357637686617545,-2.980746970158559,-0.6005297461005644,-2.115352744732701,1.7609155189920913,1
-0.4141957903627633,2.3092184286914104,0.8182994646312098,-0.1506781638681034,-1.292314093091306,1.665110069485016,-2.8436171303540454,0.8271114623202995,-0.8082099572531807,1.1290467217978288,1
-0.6011240870677418,2.764555082302487,2.4937541851103813,-0.7030458015854886,0.9418767386343334,2.84088398715645,-2.380954217384115,0.1047459647961615,-1.210278264484607,-0.05825703748332156,1
-0.5700037789544713,2.148436968945389,2.755785831584593,-0.6157818977583738,2.813931373876552,2.048046634940943,-2.1532916905782784,-0.247887573193464,-0.32430604571576005,2.3195518488300366,1
0.8472994037523467,2.6660693684247683,1.896379651079017,-0.8312335126407436,-2.285275906225319,0.9828884822960364,-1.9526180719255828,-0.009484180155198585,-0.5091876972560212,0.45318921643788146,1
0.5008553165867684,3.0342674725204692,2.677997051112415,2.445679049556989,0.9433302223540863,0.8457255932991885,-3.042839801069845,-1.4899250891649787,-1.7554330622058847,-1.4056784804817204,1
0.24556885331595502,2.8229809087431312,0.2857045143044321,1.9155150907379621,-1.4161043404674567,1.0895955748925763,-1.9821871010488497,-1.2503919953280853,0.33742712706958145,-2.916393114100313,1
-0.9257099123216466,2.1669487020482507,2.2060290427065334,2.883404573807036,1.1520126895637337,1.8789796772729384,-2.501791540085637,1.0951443470898965,-2.0474486364102393,-0.3549332357330943,1
-0.7274436962087705,2.593680828831346,1.397743732739059,-0.245133723120059,0.23388987800654482,1.3145043060144794,-2.3162720101735927,1.2030184095927996,0.13432797026922083,-2.914402477756188,1
-1.1764710899304696,2.240792615578827,0.4073261730219307,-1.4674645723202726,-1.5110170467648754,2.571794745897213,-1.8910254342874966,0.2814220381226935,-0.16319394934174936,0.8111701172374945,1
0.7576919621810769,3.0298369911268326,2.0906689484798,1.719947067327503,1.918078964330653,1.7881626642506787,-2.2598588241457644,-0.060887273732646685,-0.8356658559109389,-2.6392827724093797,1
-1.0102391266814224,2.168462281524905,1.0059167591679232,2.8188260110601204,-0.3353214109916096,0.9401558071490503,-2.050349329297749,0.4628699838308583,0.04016788414041361,0.32497366277426964,1
-1.4511870305698868,2.653637116866193,0.34320582670472977,1.4418798887653383,2.6162657145775006,2.732057571503655,-3.1240969403739096,1.3043463824614443,0.44980780446130986,1.58051637773699,1
-0.7297733847463318,2.59343522861092,0.8083588811127919,-1.630962644122966,1.149179539983165,1.4524374664287487,-2.2781044355487476,1.3958231507772452,-0.5722726890236993,2.2920617974086768,1
0.9281451693425145,3.00983050509981,2.1935603281115954,-1.24693395126008,-1.9990816458684526,2.7524629609607567,-3.022592991263062,-1.224066058366742,-0.179675535238641,-1.9827727872545728,1
-0.8363555358174611,2.6087687727676427,1.158258143840295,1.4381739630298167,-1.945829010312092,1.606454616312161,-2.3300387328962584,-0.7796285849067828,-1.8764599976066902,-2.0606854411122733,1
0.960856174988082,2.378788593604934,2.1025229167733026,-0.460493177587018,-1.0980472248773148,1.0967727255949173,-2.1665504779426774,0.9005102757506773,-1.4380942462806736,-0.20928438714754183,1
-0.33826984521284764,2.9311909672312355,2.738559588470864,0.7323666686160966,0.05063014035553559,1.2147299860762,-3.0044153110324934,1.1884025679434018,-1.6641167067492781,2.1531182392670503,1
1.4484952944482066,2.578396982202864,1.1263557402342532,1.4563449631094398,2.049752830506753,1.6327270577219055,-2.623806611438138,-0.5578562533827411,-1.1533885235581263,-2.4953940822418925,1
0.8823691053505933,2.24919801813406,1.2521885510828215,2.183348259120764,-0.20188963793417036,1.0849637647233414,-2.073853490112238,0.805557465081989,0.7652727745657875,-2.800983859423274,1
-0.25164644236454836,2.77346491372791,1.1812096910431569,0.770159885931756,-1.2624918982571667,1.8222473762413567,-1.6680225437264733,1.2632320634426064,-0.2694508605892221,-0.5080542664807339,0
-1.3663158288905726,2.6421429824391827,1.6670124644129254,-0.4952900697002427,1.247646046830491,0.49895813828257873,-2.1670480760930406,-0.6240555651387318,-1.7698857443749452,-1.7989995804297978,1
0.4855157525390088,2.8701256806268183,0.3815857878120137,-1.1497003120521532,0.02078501110663522,1.8861187438657712,-1.842057576224567,1.2844202021666116,0.3223917818116919,2.0456844592671843,1
-0.44934677031400305,2.307067597927419,0.9152423819784531,-1.0481823752024224,-0.2541514388391364,2.6381860571081823,-2.0780617705538598,0.7728593649900317,-0.47964081390630775,2.2772407604145495,1
-0.9516043690269796,2.918926748497373,2.31913763232065,0.1430877964258881,0.9400254074180316,1.4548832250028372,-2.0142205626883447,0.8110605664758201,-1.9483705677901224,0.720855232348506,1
1.039453518927568,2.4506795026870316,1.674310622022125,-0.6530083926842765,-1.6681794117103195,2.076502587465675,-2.360402657241523,0.9732005274547639,-1.3418818994374546,1.3300960286729953,1
-0.39149887247794957,2.5118312213867755,2.136429326819179,0.6556287825916551,-1.2785211245367083,2.5786203097417437,-2.1831958914597616,-1.0293841160356179,-0.8461226450561659,-0.005458500632509189,1
0.35825808298306083,2.976386267790908,1.6113797587254415,-0.6927123120407259,-0.9568548139709596,0.5636763030085116,-2.969519119920162,-1.0879211566998601,-0.19376121156706505,0.12007148846468008,1
0.9037488854535445,2.2190114723556515,0.7616864081933695,2.5344564775895337,0.6892461925508475,1.5229382397894002,-2.7815741677223444,0.28943560692879156,-1.3719371941540193,1.7831725012005744,1
-1.198499050277358,3.117788721978886,0.6661491806599736,-0.4926134105735145,-1.831779604004307,2.4529980161984137,-2.386274281944568,1.5626146169568191,-1.1567799319615002,-1.616424492452414,1
-1.0552030675886814,2.9284507015174643,0.4047564576750161,2.8083627765773063,2.571251726588547,0.6109835358958378,-2.3577017208247817,1.3371444416751948,0.6544858346710956,0.7655151152145989,1
-1.4663509782671094,2.2127888234376134,2.2454835596580605,0.025955376913298744,1.1991039091718383,2.279626716220089,-1.788648621872155,-0.053669406354836635,-0.9468459882116906,1.6170024095837072,1
-0.5077260404486919,2.2070879436502784,2.6599544961555868,1.4574717154301782,0.5229239648775801,2.5213596871626724,-1.8524355506895942,-0.7640376986735938,0.6715115673435097,-1.6078785389923862,1
-0.38359873399389266,2.419172434200475,1.9074184287507636,1.2629293900629266,0.42565973801248047,2.888917280154271,-2.5269989786767733,-0.04956956516059763,-0.014072093148160825,-0.3100689776602028,1
-1.4053649685304548,2.7991168382910874,1.8653831268424828,-1.1577719461883467,1.8747960841566913,1.547948350649641,-1.7749523165215382,1.2021411608838803,-1.0957442161274709,0.2560748551074181,1
0.3831985510264595,2.1972910939471197,1.3137366299447906,-0.6970964365453096,-1.285977326859218,2.0532322246193417,-2.9151811217432995,-0.7960658213180399,-0.9169570694473468,-1.5081629680423483,1
1.3214310984271536,2.6291028295600944,1.7944200258785092,1.5288698441094648,2.2749452703801163,0.6413673315884714,-2.566159821792469,-1.0684212116646932,-2.245339585077992,0.7276197393037496,1
0.3619233884404258,2.694669762394632,2.2249271339940946,2.924579196748728,-2.0952450148904975,1.9445469507075965,-1.7502942836848696,0.5414602567607216,0.7927936050801665,-0.6442535612001836,1
-1.0252279119525178,2.9950972177144592,2.619274609571343,-1.2770951120854321,1.6403442919248348,0.8705910667133017,-1.8492601799705524,-0.8897330183279851,0.6623583260176584,-2.3689613189975405,1
-1.130244430373379,2.88028335600307,1.2723835180627427,-1.046669007398729,-1.124692259521507,2.4286042648687816,-2.5904321408744235,-0.3474912224422191,-1.9398364196048505,-0.6381837157575578,1
0.9397882135233511,2.409269336682171,0.6770363032862614,0.0510773926140502,-0.5767546416197789,0.7911795240058646,-2.8911078542824504,-0.26045394613609574,-0.185981043102585,-2.478606409529248,1
0.35872323707232123,2.697428309597177,2.5916716509179913,0.19474521101316955,1.801372396510743,1.1102838456080617,-2.808383038732395,-1.1662320813468618,-0.1275712635334907,0.7438064657674457,1
1.1847933870619496,3.065777490577535,0.7751499770722539,-0.8238617718066401,0.5739090484163754,2.9686905429495543,-2.6344064919962484,0.22455961622416742,-0.4293646453034181,-2.7883193841435574,1
-0.9856922930387233,2.2929504118840422,0.32241092309202823,1.6529100142721531,-0.6186553791438902,0.7456519190403997,-2.593619566966419,1.4201777497079997,-0.9251136163846347,-1.4168058110890422,1
-1.523744046789789,2.82980467584655,0.5301930496525765,-0.7142067260849252,-1.3350238091276685,1.1833644860821122,-2.6699239531380567,-1.4212135058127404,-1.4397995760751605,-2.805689728932911,1
1.1679534228720567,2.448869288841277,0.49151496291360686,0.7086137945502529,-1.6903605927402627,2.3707857935714163,-2.61989543433128,0.5340925668265115,0.9679544852395097,-2.2718322442671766,1
-0.9106425767269904,2.7423567723415325,2.7119726254474172,0.07014275992700014,1.094229021459681,0.7020523000150363,-1.993482753220327,0.9476577042994963,-0.168070548443779,-2.6558000864249705,1
0.09449805567844294,2.3810160009392285,1.9635663640219598,1.7726962226731962,2.151615136621249,2.9603008365218813,-1.6298388208513128,-0.7883890043317051,-2.2125519535764657,1.8028952388227641,0
0.3764531329580705,2.564085001029339,1.3425515650401305,1.8212829381538755,2.0738470884625357,2.464361241632488,-2.73962258355562,0.7056717259370571,0.9738419843638351,0.323514221388435,1
0.15253395445745177,2.7402209545215466,1.8334317800878794,1.609905908264396,0.5882651342237266,2.6456808309346735,-2.7472314470961035,1.1818795173577608,-1.6966322506612643,0.009253803390618653,1
0.39197246480916204,2.6656364459931914,2.4878708353945935,-1.3076547249909334,-0.8203618763646903,2.619967400902405,-2.7292017824562778,-0.6966192192242908,-1.6137761686627023,-0.844480795127232,1
-0.11921081746005568,2.6618442920732233,0.9410198768407149,-0.2743276364406626,1.1310262052647575,1.9640726850665802,-2.3352919273104646,-0.511862016758245,-1.1195072853291685,-1.2201638196576203,1
1.4183484364594037,2.5381087118837966,1.7738542725787259,0.7148098295965086,2.3004423439919197,1.2848404609184534,-2.0340004877875355,-1.3242667158735897,-1.7226787104708747,0.1055836654963036,1
-0.2939555036423791,3.1258588381093197,2.0631598208621487,-1.6956761487919472,2.105669237663366,2.1828483594691113,-1.6324451728989404,-1.1684493131337268,-1.7626874150064056,0.2918392519499431,0
-0.16961121307520166,3.0022755616310453,0.9109488404396964,1.2544035417659267,-1.0248214668677316,2.003112356583447,-2.1212084251795362,0.8740518782436004,-1.682370865221101,0.1691494571887926,1
-0.5523228212523976,2.912614446358265,0.5399925965048813,0.8718265782570906,0.8028890109655933,0.3520215575000706,-2.0942237008989117,0.4068982077239509,-0.1825473042874135,2.117151019448373,1
-1.2541330778826798,2.8445683437671656,1.9911972515819427,1.404759325648476,0.3919579346021118,2.8915666470378314,-2.4683323193001816,-0.6913466162403682,-1.3736179501846064,1.2634422056489671,1
1.5592706443954354,3.0505117446424537,1.0156197786115764,2.2361146344249234,-1.8388650674396194,2.1143757844998676,-2.714936550457698,-0.5405759980001932,-0.8590179824483712,-3.090667823512998,1
-0.8177452018386404,2.1869206833718797,1.3248726368467763,2.2074770236672054,1.5678151098551232,2.413309447597207,-2.0636201950724806,-1.4445823552284867,-0.5367177604800517,-0.3632274076357098,1
-1.1844783756333421,2.740044981843976,2.0601366850145375,1.1294664986565435,1.6100537263735162,0.612199066913103,-1.9902589886408983,0.6451109000765738,0.7376845885510694,-1.8023719342935696,1
-0.007931250475089469,2.6296941706954406,0.9272068167666617,-0.04337912975211067,-1.3600425457431606,1.8251134178809847,-1.877261770573601,-0.1961358397374755,-0.5297172282334259,1.566934710438613,1
-0.13060218735617468,2.9720593371152058,1.3728696370888231,0.3261450618752719,-1.5103405799837133,0.6285632736887237,-2.254824740112169,-0.7618030123189099,-1.8104951087570087,1.8302391787240517,1
-0.4213945450230985,2.5679787032708505,2.4975993611124725,2.472035734868493,0.43813124216078725,1.0365856936324265,-3.136970358638857,1.422196402565685,0.4070578032782337,-1.3673325417482813,1
0.6212720670672369,2.339011671883005,1.4534797975081457,-0.08856627718485477,0.3255192155990807,1.8246956632677775,-1.5905792420153275,1.0970894723644984,0.11574389503731064,-2.300370394757616,0
1.318493197254401,3.0330946924128606,2.4781453358414653,0.508591923960676,-1.438963456336444,2.3205444835347966,-2.651629778885794,-0.31379101284786937,-0.9327976701873966,-0.08678291150722561,1
-0.5001686964101102,2.8313888852574807,1.8782572486093216,0.649026428922943,-2.057679975397607,2.810160966541527,-1.8637386041176554,1.1970722972091663,-0.7085389191621454,-1.1464956292400108,1
0.5592318763871793,2.1585869492995315,2.4450229161003003,-1.26333618452247,2.9549799591632535,1.9809769980851109,-2.325638286577452,0.1408291057849067,-1.1372039870895032,2.06479538058877,1
0.8104642552311345,2.649349031066386,1.3311669196635059,2.9405581583518945,1.1935503479252598,1.67411799739671,-2.29751430315876,1.0319542424907653,0.14857631488341783,0.07058241436407275,1
1.0984442890636257,2.6956746828943423,1.7141088464582879,0.5007793149867199,1.698329436527783,1.4081599162823828,-2.6019795568068047,0.4681790214476196,0.10460345468458243,1.7367261524490831,1
0.8527163307659578,2.4857209954719806,2.025393487363246,-0.771412328337288,-2.0354621380446742,2.4199479541654694,-2.8106757628369414,-1.2838472613611587,0.9815944123855358,-0.7048351481179815,1
1.275764177439,2.9291775522971264,2.513162953430832,2.1759716730945984,2.818666533474551,1.9837145253912365,-1.5871476419836552,1.4033169572512987,0.3082535945500804,-2.282753489680591,0
1.3520820659980193,2.3490420418982665,2.451214110186191,0.5307403547910869,2.1117446371952173,2.868636127928528,-2.3581909327174952,-1.0733529081325428,-1.496668899709077,1.2332809781050922,1
1.0106679422065015,2.4385828255205366,0.31293544155071845,0.2836218608348138,-1.4427063693694353,2.492982959656988,-3.0540046513970154,-1.132292217000095,1.0641276931098052,1.823368821613791,1
0.3263555986526079,2.4108968466211502,2.2787219901380857,1.5559003139595489,2.8354841044211163,1.3067090392659724,-2.7943942040340413,-0.10439581261452835,0.6051471921037512,-1.9303922104153701,1
0.7177679649734596,2.145422062913897,1.6525527434536575,-0.038068412776842475,-0.32259143927175726,0.9499062307762414,-2.990483231847251,-0.14697732394593244,-1.423025185459795,-0.5926606749014556,1
0.2571924388826181,2.8524793553133385,1.9521121623625866,-0.6067043251269031,-2.136036956674492,2.5309684976409916,-2.3623780322742283,-1.0912551618078674,1.0225502540234088,0.3214089248364176,1
1.2415955094885724,2.590622185531081,2.2287117225880158,2.749830240317859,1.87672315851421,1.4102383592583054,-2.7465440671871963,-0.14829672034575214,-1.0143154911374341,1.3413640295402556,1
0.6428249807991708,2.39343111859719,2.038436832563418,0.03983901936350853,0.6125816806261324,1.2882072816272725,-2.116419116728056,0.5115735446407552,0.23694295792309372,0.9733089395747538,1
-0.32150493825950366,2.831960995253961,0.851552502065311,0.5011177495354904,0.7468603632039836,2.137963216676727,-2.6480791045816665,1.0890580535349537,0.6292819753575394,-1.4408765705972455,1
0.17817809015516084,2.9689138214526087,2.0675915604273545,2.314751244201081,1.9753217595765422,1.0354629043282364,-2.760861318007253,-0.7376573138745882,-0.7974096307887784,-2.8821778414419983,1
-0.5934210396661211,2.9769283739137182,2.6392176910536196,2.167955278762358,-0.24091356513910522,0.44458068712424964,-2.679930851140475,1.4237395807717708,-1.853229734179029,-2.5619097361621925,1
-1.06076679634747,2.349584222131584,2.14449624671749,0.050698973280074666,-0.02787061654002887,1.901135745603001,-2.698335177018004,0.6129745444084584,-0.05662938752997748,0.9222439349979701,1
0.6980896408861152,2.831715979044659,1.4984212356683297,0.921863263840244,0.10226818185382802,1.3543065718162526,-2.120741828266385,0.23231041359881432,-0.8030633273620553,0.024128527958802604,1
0.016553382413668105,2.252172955081337,1.1057410318238436,0.024772521350419963,1.4031321626356168,1.1874633327956559,-2.293336707861876,0.36745193790416075,-0.567743631808383,-2.110581285200915,1
0.0002379237434295689,2.716221576045867,2.5954584842669806,1.3393817805483943,-2.179227985873522,1.3160597655574242,-2.2120081413824786,0.38244004853206115,0.9031579204567199,-0.25094688530268483,1
-1.2489639338830358,2.3852613484231417,2.5273347507672774,2.9198117593116004,2.2304476602256615,1.1546266218583343,-2.022158387873679,0.71552345889097,-0.954311653099231,0.6674007213773612,1
1.4734039113328912,2.5818537603898415,1.4969886650125663,-0.7093784230176661,-0.20657056852346445,0.46200550433303456,-2.2144750612665556,1.1466760480339293,0.0733261739874167,-1.6478714006899815,1
-0.05726556154678186,2.4249603729165536,1.2565969071362164,0.8274308124903134,1.053143179383246,2.8202239150173893,-2.325530184350395,-0.065081579589777,0.8232470651043986,-1.5549751693688019,1
1.1508294104304366,3.0977560796271177,2.379720854334943,0.9360424458729462,1.4836406932317274,1.5857752864120647,-2.350218086420546,1.117748312546752,-1.4127986499684333,1.1882880589268825,1
0.03630223950071998,2.3207708869316965,1.867743464481024,1.983293846343527,0.6707959716945973,2.5437396782598207,-3.09095166298468,0.5978814615659094,-0.04766774616195457,1.246243816485228,1
-0.6881934880820275,2.588750980714411,2.5356641477307607,-1.5058659413770457,-0.20254783415021604,2.390208836240815,-1.7149174314446767,-1.3467855735924448,0.2653305785503486,2.0322951523824186,0
0.011535319899630192,2.766068883062408,2.380253150858508,1.5563499972831423,-1.802825515678511,1.2791406670421288,-3.1095323437243927,-0.30095475817431305,-0.4076906106644742,1.1063810680689623,1
1.0655959839113027,2.4086080025280516,1.7988704243256766,0.8760487327256126,-1.138913484173765,1.6094637739276554,-2.179536243515856,1.5255790493889092,-0.6915027313012887,-2.698098602889031,1
-0.022518898884590577,2.978718271924039,1.68630596207312,-0.2449765475453698,2.537623890569834,0.7110154256789313,-2.9765085404566567,-1.1495048789278264,0.2604761552704944,1.4242117140597794,1
-1.3542216007640793,2.933020563282734,2.061011833785832,2.4642994653897334,2.4288206041037874,2.3827005925790594,-2.9555568931204457,1.2076754083218806,0.9421550237708174,0.1267664512195208,1
0.13733673317640172,3.0561085689892957,2.4467555726396184,1.6777723450963973,2.3324054334644444,0.5986070463740788,-2.8416044080252343,-1.3765006450942983,-2.1075444102856005,-1.9218947242579174,1
0.9300416463109058,2.662319815948842,0.46976706156332776,-0.4845124061813266,-0.626154945085295,1.1556643440826566,-2.073992512363549,-1.3465298971996138,0.24995717871209955,-3.065890521806945,1
-0.20821487719617426,2.4610508537677367,2.3908453253049013,2.7429374374216513,-0.09993959085305004,2.908326299873797,-2.1929686837201663,-1.0159229694892558,0.3874805261601426,-1.1734103975891501,1
1.3244997262690363,2.3621655831013553,2.2496244678132196,-0.7962685983795481,-1.2990463854869496,1.4908395443291766,-2.5366385452067868,1.156006155301273,-0.09333440063413123,-3.086847564227706,1
-1.360263842594622,2.2113522385477897,2.3098077770792553,-0.6308763871101464,-0.6008272557420449,1.9322414121672145,-1.7984511139061268,-1.5047293711458576,-2.261092896201651,-0.6846135611256021,1
0.758938772826161,2.3788605764208617,2.030461611450564,-1.6740477688795112,2.4689159999944232,2.8464415230673263,-3.0921449726743004,-0.1093720534723126,-0.8536119868573988,1.4577249463155053,1
0.1434273848408718,2.753205715037891,0.7606689202690883,-1.3827312530034672,1.325775727014916,1.961066916475327,-2.476021655422687,0.990678653605934,-0.10707378155219249,-0.19988063177707582,1
1.3028995958872325,2.9422051811590677,2.4674055828090737,2.9404265615828526,-0.20507035942592156,2.2198237487743095,-2.5045450085639303,1.1201531891314767,-0.08812509079922615,-0.8021027971162766,1
-0.13639030287717469,2.3240201643178326,2.121786255253081,1.538705146323712,0.4775187823721909,0.713885839869564,-1.7116241343437284,-0.8905375707354596,-1.1094881078079535,-1.106465388908378,0
1.20790559389981,2.5583294801518774,1.7546197503338987,2.3707886817401045,-0.08712046578751576,2.668121873205276,-2.441607857927477,0.28036338950693196,-1.9503051500936097,-0.07663007881028516,1
1.437313068398248,2.7985762218744656,1.8239158635546386,-0.43651506417752595,2.5913462117915342,1.5601543938955464,-2.2709827295704827,-0.48903054836579263,-0.8216420637604838,-1.1111558294323913,1
-1.4275235121674494,2.3221858745799695,2.2835740681241554,0.5258993080143597,2.7173223644058337,0.5180994582153,-1.6724312728581272,0.9038802493863518,-0.14093452293868136,-0.24621280305205273,0
0.2601451132773862,2.8310196224715467,2.419306394695519,-0.16272988736552296,0.0925295783214346,2.0020169595459243,-3.0476823392171086,0.7581429726854194,1.0447429347141752,-2.0765392919439547,1
-0.8132210135257661,2.760491681257247,0.4465475450162269,-1.5851410834847053,-2.004463502100445,0.623952632481541,-3.1113772154072956,-1.491664163261117,-1.1005526526222162,-0.8051494097883793,1
0.32833299992655895,2.4454488805890118,1.3380962909803027,0.07238221445167792,-0.5316836139770278,1.3366580487476964,-1.9373275516373516,1.184330650429798,1.0831606242618879,1.5702965363235433,1
-1.5182811328562869,2.892065142476853,1.6909365897450155,-1.3022216813107468,2.600634242468697,2.3791833503869046,-1.6450448611080082,-0.5843958991764401,-1.8421410723203016,-0.6568852011255224,0
-1.042320034659358,2.294214774158876,2.681728828354143,0.9466872507316935,-0.9700599237106495,2.379673241534686,-2.393726481328203,0.27874025858725626,0.9306939328463724,1.8055974397408687,1
0.4484816650180814,2.4855801727531266,2.5757025987379456,-1.1689587432975033,-1.4490704801995045,1.4587920225678839,-2.003955969943571,-0.9569413036868349,0.8355503584732653,-0.4583613112065761,1
0.18426972785416185,2.5658652807283975,2.028481434781397,-1.271571690546721,-2.086213048914196,2.0166105728742965,-2.6638996695078823,-1.0856750266214763,-1.1279764565864088,-2.857067244283783,1
0.5777699665993055,2.564206977252456,1.370051615562033,2.4586179823151664,1.5654359528462871,0.8824966516474564,-2.856862905551341,0.8054598244063704,-1.6088961774746848,0.7601386075884453,1
-1.145086902442649,2.4236023452546775,2.5066533373266116,1.728680986102058,2.5826154242578054,2.663094571645415,-1.6968213039905913,-0.39059724751587477,-0.9743370649592256,0.6670523109479358,0
-0.4537689230591406,2.1460462898544552,0.4881414188793862,1.8825308888654964,-1.898502825047602,1.903935036050647,-2.3004947536463454,-1.5261256610260276,-0.854928815288921,-2.000762838680468,1
1.3293923498225717,2.7084528469055655,1.2700249805697534,2.687358131564695,-1.204103944537499,1.4815184548916933,-2.84680843825843,-1.1363511230921293,-0.9059409797098725,0.6810113670049129,1
-0.4834729636056696,2.831067774605476,2.2735310209479818,2.383958593684029,-2.106727036954313,2.3725020463399424,-1.8388820634658718,-0.828049081236728,-0.9985094385574176,0.7254272931816037,1
-0.8719541225948152,2.7866717432056105,0.5674033586841407,-0.9466358731274349,0.9130497180677448,1.197891724747016,-2.5412822245074067,-0.0334121226025621,-0.13938495395416428,0.8496553924139998,1
0.9299386841076496,3.0518427070415903,0.45444846717563026,0.9439874816923468,1.6249521907975577,0.8757717519453783,-2.906104816038152,0.26395889606559897,-0.30882710304978045,-1.1402555634297873,1
0.532851092494103,2.752085257851356,1.9018231553451048,-0.5581059196312985,1.7235078963814914,2.0776235035061594,-2.880115542574303,0.4977762961513992,-1.2414883061892423,1.9719449756509895,1
-0.5224363493360549,2.1645201080447145,0.6078469190143188,-1.5939675088609815,-0.20860320666575483,2.435462990852931,-2.2979779497604733,-0.8231968914711759,-2.112519207756681,-0.5747318839979094,1
0.9086311277112178,2.8162624586757694,2.393104849239233,-0.45686053839181295,0.3108824344306895,2.112147366353661,-1.9219456384810751,-1.2180084101810347,-1.2053841112673918,-2.630426653680454,1
0.8422407233484699,2.8464147655961693,2.4705552845346994,2.452171162995686,-0.8674955088901524,2.016675896798253,-2.388098099738292,-0.019123406495186845,-0.6506474167877936,1.8306346735343513,1
-1.2159398508704413,3.068589645479667,1.4777082091139155,2.45671672783525,0.9496717132345305,2.097515733301325,-2.4937005586463146,-0.9805720035077575,-0.11830187561080185,1.9058407203904237,1
1.433715139507147,3.108471446905814,1.8735106589222286,1.234485197993454,0.5844509251654273,1.9257914354406729,-2.4629925000424393,-0.6325773389182819,-1.9704314477408071,0.24278100420601412,1
-0.5601242173606369,2.4447333442710666,0.7379129906763695,2.023962426659937,2.7674297363623843,1.9801043578335014,-2.0030190282537927,0.5695631408541246,-1.5268813055522739,-2.3015585926680804,1
-0.8789039326604069,2.24048897336617,1.7154838791500286,-0.41538143427947083,2.494934342117155,1.941528923150592,-2.094039050470554,1.148257291013193,1.0001518349383143,1.1122027140594786,1
0.9229450583913898,3.117377760996119,1.7596059078927224,2.395448735287892,-2.0001484712815,1.7820005416863738,-1.6013801474364142,-0.7779325334619133,-1.9770278716696061,-3.020732449398053,0
-0.622872214948303,2.1979930014358806,1.3145550930852705,2.078904097494409,0.9096993419483299,2.1038445979971137,-1.9314922372594805,0.7036967298870691,-1.77343206276791,-1.487151689156508,1
0.06910515290317587,3.0703249230338328,2.757897085256297,1.937340412289747,1.5217955102187295,1.7110868873462688,-1.954608587324092,-1.4533155218872185,-1.3506749341288962,2.237368521281138,1
1.5066818705346625,2.46617822594684,0.8574187054556686,-0.6653855976233665,0.2261504644525152,0.8941186419762119,-1.8504426059655503,-1.3217227830646192,-1.9195450815037394,-1.6275961552043492,1
0.8787125748073934,2.46649386859795,1.4341842202961343,1.344285320987598,1.8357064640722731,1.118154836008607,-2.345959503035513,1.295993869708736,-0.06091314543724691,-0.6776364711880531,1
1.3420973996349725,3.1221781768296504,2.195545546767125,2.562227220551611,-1.6202450620847348,2.0518937159078505,-2.4576617336425866,-0.999099477819357,-0.4789865704139413,0.9121686914764022,1
0.7049279230064527,3.010077472328822,1.65623218880546,2.6134134428590965,2.362279182563091,2.5749884744440137,-1.794261005145464,-0.8861132274082113,0.2544915310863436,2.1907276108060816,1
-1.499939511127596,2.470300751553717,1.1117067799495521,-0.38769271334172917,1.9888008614727157,0.4137609865695577,-2.9264369110031767,0.15485877834613526,-0.877952797627751,-2.3532345556659324,1
0.36126212961270787,2.664870751366389,2.7169547930499482,1.7767260297144754,2.883226844444879,0.7935447173304462,-1.806344944728667,-0.5309087513825748,0.17294411990390746,-0.5865904240250184,1
-0.8764065081629563,2.190255249167313,2.3566132837321114,2.0886062204760707,-1.4822504702907677,2.026939551517634,-2.605628868320624,0.5958211730530911,-1.1855915727957391,1.6710547884751175,1
0.45937867502458407,2.8615423257225356,1.8892788943801502,1.6485640109327537,-1.5748595436368062,2.7726660189457673,-1.6981179481172293,-0.8946619623891107,0.7945904767667589,0.41648677565339787,0
0.3222750438332971,2.253267006822851,1.3473422511207371,1.1326499719361847,-1.9098240102537027,0.5922281810700125,-1.7551265514200614,-1.2328712319842952,-1.0738803486558297,-1.7663395726886852,1
0.47049587873699616,2.615570954649033,2.2364816072006217,0.6661172626193363,-2.262043012458503,1.5901341648050114,-1.8668889588356825,-0.5013183832711425,-1.8852419607011173,-1.9551625996665858,1
-0.10741130719092973,2.33899498439761,1.605890280830881,0.42239737079042117,2.7048555636506126,0.5301631879965711,-2.965156992725057,-1.1543101854613398,-1.8372323135636954,0.33587083364911674,1
1.1483105761765806,2.9285616005841777,2.5998081385697343,1.6452562727797995,-0.2555232085025887,2.766905296924162,-2.691750883046047,-0.14732214065714255,0.35560945047978487,1.6237346118050167,1
1.3107700687606911,2.2293084324670027,2.0748951655994476,-0.7849661700577141,1.785775570849208,2.176155093201779,-2.511667126752741,-0.06753060423573776,-0.6887551809480152,-0.16987239357935602,1
1.4811767038891106,2.7982515189067154,1.7297518343359504,-1.6664723890393391,-1.287863297573578,0.3640142161492291,-3.0042775611679744,-0.2264120136171639,-0.4531864287541256,0.6269893027580165,1
-0.9790501668561337,2.7435406492434944,2.554136408494402,-0.8748214681651998,1.149579191488098,0.415152649306179,-2.598717075473452,0.28375931055796744,-2.1588743916665947,-1.3177740564753153,1
1.190920079798922,2.369147269742255,2.0669011261016266,1.135444425029796,-1.4761661438225233,2.2864166552543046,-1.8772853725392082,-0.755845725148392,0.9870122883961603,-0.45327852234023025,1
0.7781911684090757,2.3614045767569074,0.5966952583946572,1.742756070157129,1.2276844482233313,1.0294426140864787,-2.06957444949383,-1.41446028191001,-1.0777820108274305,1.1574030949053413,1
0.37968225876779527,2.6496015270935587,2.192995150116346,0.8182576200043115,2.630714735874559,2.491651288494083,-2.4442105600248984,0.36778373392978847,1.014375651957959,1.748923802870372,1
-0.9422726018842392,2.4177401173368507,1.1671076937475775,2.3946450005546795,2.5717912250907826,2.449405945189636,-2.488260641339041,1.536841307037199,-2.1628634353961034,-0.8309697788760797,1
-0.36315847817180114,2.677440318843341,1.6596603898210036,-0.684741442288886,-1.2595553683940182,2.4527025489790395,-2.1056576760966497,0.21868558567645136,-1.6172047244468077,-1.3947674893052264,1
-0.674808314421681,2.849902418659127,1.3970427645520067,-0.33637028583967155,2.0626211314210945,0.5232320272442788,-2.4639424531050906,-1.312771563658071,0.8792583109405463,-3.1096405145646853,1
0.19294431815024327,2.7640536182305873,1.701479856294202,2.0895799612689228,-1.7492543651337364,1.4096755656983821,-2.6393293254204355,0.7837322123938717,-0.5631176292998581,-0.0928102805135862,1
0.8366719203332256,2.920653973448239,2.4816040718132846,2.225291983509165,-0.14720475684647338,2.0392308776268644,-2.845575628881633,-0.06527034902428008,0.5481542193779458,0.14637354905900146,1
-1.3559463420993438,2.8183983580956276,0.9629790468564082,-1.4194303884691806,0.8713208013478719,2.2608823851703437,-2.498496794825217,0.29736638982126484,-0.2931900623179293,-3.10390627009335,1
1.3414155508092538,2.410774582056488,2.438743069211521,-1.6883686288009896,-1.8284798257988912,1.5060515869741642,-2.7688935494078946,0.0019055344548997155,-0.4849269795826381,-1.1987446239805692,1
-1.3977256820309976,2.725680672304573,1.2063252558113242,2.532438391743173,0.20068191596422968,2.3502316842452142,-2.859088086519374,-0.27007963855812656,-0.760732224463252,1.7408031405186573,1
-0.2177093603913971,2.7072133392739057,2.444007833989777,-0.6509142576531322,2.3977541056329033,1.3598708187817978,-3.024297543542806,-1.5362333267359198,-0.46422233779634237,-2.8708385247642103,1
-1.3334121709738984,2.5574941409254115,1.0931354504875201,1.152165034384232,-2.142818219316352,0.7433195767515769,-2.9234976556132146,0.4895745505979854,-1.4275284491906097,-2.3881913791683127,1
0.32001662225940053,2.8850847839278195,1.9725010991865217,-0.4458247605743684,2.185018927309021,1.9372666242055905,-2.4130165133984485,0.4089394542151834,-1.4434133225557844,-0.547276313712298,1
-0.7974172885689329,2.8295547370429266,1.0268725132974914,-1.0305292958606538,-1.5401603560013644,0.6346087788334754,-2.6794009787165654,-0.823106925582734,-0.41179865760589385,-1.510896893705569,1
0.1799467503914003,3.0757311841784194,2.433825592644732,0.9669534409071918,-0.12787474957244171,2.1698996266304227,-2.791615985318697,0.5665535318303123,-1.9345625640320931,1.0437896014945083,1
-1.5035678283908838,2.9057529531408326,0.46549531703560487,-1.2436793808001005,1.7994895865597869,2.1461338671679218,-2.968784738822583,0.6124205377231433,0.6501871854435488,-0.641416916861929,1
1.5585032877915075,2.500621898801121,0.6828569643129996,2.2352628132424046,-0.14112554765278018,2.6433805804102293,-2.793220229286222,0.020014578187806498,-2.137459546095419,0.14772482633851292,1
1.0477504225865242,2.5454892779447778,0.4800014097985143,0.01195214857542548,-0.4990203482170048,2.0223455871609217,-1.7592876058527407,-1.187892497645359,-0.8317711139165982,0.368924422312948,1
-0.7320640270198975,2.5498878538291003,1.7928377932988313,0.15029806606171303,-2.1801807113092906,0.8910257095296441,-1.9643416092646988,0.5272809519838038,0.5345115764491579,-0.590105477480829,1
-0.0671687793249256,2.9116028568364922,1.2144827937016398,-0.6232138744353524,-1.7870537878686386,2.0987907966986903,-2.8007040735209916,-0.04722481423504887,-0.7028948719909509,-0.8746203894357212,1
-0.607847678310749,2.343218706799739,2.3369048723522114,-1.2973447812155927,2.437750106159889,0.3649382111946993,-2.5688387380015203,0.7044906978063958,0.40355122641949137,-1.9849672536125356,1
0.22170460030128636,3.0568417433242097,1.8821107657597935,-0.906290293857486,1.878839079158369,1.4793618521011087,-2.2055658720931097,0.8888973088581966,0.5165477501344169,-0.7918992669913028,1
0.8196491860595803,2.846920265390154,1.3992811504025535,-0.22419136372973725,1.50709144168238,1.2843071794267287,-1.7918832008403334,-0.8070243934367479,0.737727103177225,-1.5923447562813726,1
-0.8063023253171689,2.277523461826378,0.3908449080398244,2.8503260831147976,0.5012993477783483,2.2539894726933887,-2.558394141819222,-0.5706932584982138,0.46987902935010784,2.1108938025400703,1
0.7678820130089865,2.8530981152591197,1.3373329569820354,2.2133532405877063,-1.8728913305006376,2.307857797010025,-2.4097899723113696,-0.9160008174715719,0.7931454909197275,0.16415550355349096,1
-1.4566580754258713,2.8639183548353446,2.5843799506863157,1.2755397778120794,2.221989442636052,2.5111135940296165,-2.1460239928085225,-0.9745103619388887,-0.6462246262715308,1.4913123712109146,1
1.2916874626214176,2.290881337798597,0.7080208069018146,-0.11339456829650407,1.7390188228510164,2.6446749362791975,-2.8756282516267597,-0.09059171566441049,-1.2319231554429457,1.5404061735427201,1
-0.45657077561864234,2.247055590697724,1.0105912020253789,2.0504835444565876,0.2718129029199554,0.7538143617903963,-1.9247821849918738,0.4734486837028078,-0.7912821145662146,-0.7283215936977903,1
-1.0606651691957931,2.447847348426729,2.2973670919275984,1.953989286019576,-0.03549943071448691,2.694865489952122,-2.3447246980328815,-0.041730806789425756,-2.167384922398418,-1.243692921020101,1
1.1198256908572346,3.0417768760901076,2.1511172457523955,1.4066018129862972,1.9786276147581656,2.194618468875564,-2.4572318775583137,-0.5585871566487954,-0.005102221789771821,0.07013045443109611,1
1.213099688559773,2.6163360680619823,0.6991221230621392,-0.7356647849777411,2.1405589669940444,0.3160457817758851,-1.7337025839237172,-0.9730992767101025,-0.9297853894620702,1.2299524126560244,1
-0.27001613204801145,2.963189396090607,0.5041078830869734,0.6616349268420549,0.7435058418859439,2.6873826074808975,-2.7794458321038578,1.0381933567261707,-0.009765747297189709,2.211630901518673,1
1.0987222513206012,2.9872219315156556,1.550571792163412,0.9098742458322113,2.2069368232864237,2.6302784088517965,-2.277646254485388,0.1558501655767952,0.7473183138354447,-2.518609852133322,1
-0.6271450755908153,3.1162266400950895,1.6198374862478617,-0.9150239052396781,0.3225686192875523,2.028561241533451,-2.160987018106786,-0.44748712924990053,-2.1066346620479215,-0.6631923380846327,1
-1.4722274082266515,3.0286857218611414,0.6888772134498735,1.1949031282836526,0.6806679610295263,1.9741136523977239,-2.373877421134244,-1.1005331380034757,-0.12400152026042033,-2.6468489068973655,1
-0.3968930284282626,2.6887403867177593,1.0686496532570826,1.8322710373299018,-0.6588144698126097,2.520222140344983,-1.909235338870669,-0.26277564538214704,-1.645321799169261,-0.2563831548430229,1
-0.5405310066513794,2.7790517139751874,0.7863593884527703,1.997329071284848,0.6963858236919127,2.865887387619372,-2.0576726877378677,0.4504714152423348,0.5738544893795372,-1.940261324841374,1
0.4292550005757745,2.5332903824248065,2.1194056588439474,-1.630210013692642,-0.07677089319163688,2.0444689220159367,-2.881411359429343,-0.6654222909820875,-0.6799552055106628,1.5006566602936489,1
-0.8936510577435157,2.510168702115292,2.73828322280194,2.5497713915286724,-2.1637108732878954,1.7182094836392134,-2.195695969776067,0.8374429845373779,-0.7583311965853254,-0.8548161465669426,1
-0.6883149155850231,2.7108606897564997,0.6163138066897851,2.0140107713819364,0.25978564034943563,1.815334483772528,-2.450013626471139,-0.8986109939523951,-1.6737873800815009,-0.8419021278881655,1
0.9056892279200266,2.2030034871305615,2.248378091773093,0.6108848188445406,0.6337346722034662,1.8097513421565772,-3.053034463106983,-1.4447592074807278,0.32000157986568034,-0.8885058895407223,1
0.2049141912562944,3.0851296776982,0.3684888229217789,0.3705536189432328,-0.4289086504218773,0.5787536474505798,-1.733431476777862,-0.05232805850133082,-1.2053218918891215,2.030244247556561,1
-1.4268639610025253,3.120986450800957,2.350698633886174,-0.736849668601705,0.8339977152715936,2.4385434961280117,-2.6301391771879308,0.2811260668454352,-0.11416236038198546,-2.336684454353398,1
-1.168941288645012,2.393357567109648,2.1130517408353393,-0.020371684313834848,0.34537340986159926,0.818001193167951,-2.5647957167921,0.7733248919889919,-1.9033984738659797,0.5072368174266861,1
-0.2914903500861148,2.8128274971022376,1.2105567413111329,2.2356191984553213,-2.0492900121771993,2.6939113335465175,-2.8383806679287384,-1.5565519746125842,-0.34295042994928693,-1.9147482657998913,1
-0.10977854010581001,2.943250279122667,2.2392825034109594,1.0796735987621449,2.839213156197821,1.5392307426589344,-3.1044332392985385,0.0956918870258261,-1.5153096714030287,-2.1775180089532187,1
-1.3186582792227812,2.4710824422098847,1.0710633195365966,-0.3207029150687002,0.8003187973541976,2.3128535908120003,-2.4444083610073952,-0.4882547657325029,-1.7590265019998395,0.08127003220557816,1
-1.2312966428539915,2.5137438138518857,1.8200918490198719,1.9273855447489545,-1.1904211204672035,2.0882416943970417,-3.058220623297587,1.3498374680123122,-1.1975567847694801,0.9564298141492471,1
0.7996824861354743,2.3827970744716405,1.8115712242294897,1.4315225865380214,-0.8892126009319572,1.5071045067836002,-2.551071564671355,-1.4511003937405775,-2.273496458635503,-0.4037746855722224,1
-0.9635331177996926,2.788514226406627,1.9602030888538198,0.612625396484956,0.5291400432084186,1.1395233161711849,-2.9239133873421803,-1.5560300621001701,-1.823126087766509,1.073362826559554,1
0.498430471757767,3.0250217150381724,0.9053538975461116,0.6363993477086498,-2.1370974246783203,2.7455485324696114,-2.850899906891348,-1.2318561559909953,0.24229952316329495,-1.5872125877199463,1
0.33954352371411534,2.9418645762028524,0.47899480476594003,2.766215879492255,2.3834706746344176,2.8813325823534455,-2.3402578827228924,-0.9374263945433392,-0.2771304037106641,-2.4837644746738463,1
0.8064130299294914,2.2976473141521065,2.4282437098971306,-0.6134438855933146,-1.493528480801528,0.4832035245718601,-2.1947221131773436,-0.24207536611570735,-1.5965098198050909,-2.213246544905547,1
-0.5862817865740362,3.0814898071550303,1.4738577625258893,-0.5178266613344837,-1.4406380772300613,0.34341230357327057,-2.6252269543757394,1.1613500841943478,-2.183034987042077,-2.577603369140982,1
-0.546752114116999,2.8920434006612146,0.4204864399170383,1.4480469818451551,0.9452784320237266,2.6635162427912227,-2.2335777651704456,0.6898077654645631,0.69657387234132,2.192811749049094,1
0.9753318469914376,2.2679172950241004,2.6298259832787947,2.0894706119303375,-1.218375180166796,0.7366764578991956,-1.9076097961375609,0.1721517571824247,0.3949461630303417,-0.92678296708233,1
0.7121067543009487,2.2361516054943262,2.0723827464149664,0.6633719085747964,2.428478178931046,0.7990440510392476,-1.583505063249575,-0.811972391846597,-2.0058173815792677,2.2128348804837787,0
-1.1545102173396464,2.344635040983149,2.2848150943500767,-0.5842827862200772,-1.165541471693933,2.0998657954883004,-1.5720480767429992,-0.6451150290994236,-0.08221107720801735,-1.5659909816280269,0
0.32110252657760974,3.0070939465932605,1.1672644339921274,1.720000771781557,-0.1397331678794047,1.752460238406763,-3.077150917405156,1.3123394550958112,-0.7122610356800914,-2.620016376820339,1
0.7158349616151205,2.749663363676482,1.0729979184907086,-1.386416264473945,2.5632321185445015,1.1393768971689753,-2.1944284771039655,1.3226637785356783,-0.2915731015566452,-1.6892033898381063,1
1.081883238493074,2.8242689323743178,0.2621643768984687,0.9163463968616696,-1.1149700108072806,0.3339116093923915,-2.048750477833484,0.5207806379584843,0.8160765546976769,-0.008631600943445505,1
-0.8863638194616995,3.1192262745150994,1.6240179998334787,-0.9667435731421379,0.3977607990999199,2.8714677096324652,-2.004247080034938,0.7810358113840519,-0.6910306828501489,-1.610287985099819,1
-1.0335984287935813,2.720921546353169,2.496963763673946,1.7165142080881841,-1.8339343272784299,1.3701410071336846,-2.2048492537239235,-0.261658049577598,0.024701090253861135,-1.5549616498532972,1
1.074755435054922,2.619858880784041,1.9320870253404063,2.4135425408223847,1.2753131761555463,2.7047415626633673,-2.468273981294532,0.8919512499918205,-1.2543149365383144,-1.5117735220898068,1
1.1827637402284576,2.19836423544389,2.6155374844955523,-0.2064182686851448,1.5724491220870518,1.1797689829166496,-2.7386644419685293,0.6957588270983914,-1.0615543251000314,1.597410791923838,1
-0.6848655496452114,2.4190495313283713,2.508389265407462,2.162827860773223,-1.7831378653600776,1.8522077571938016,-3.0049816145331243,-0.9710106092546746,-0.16079678646521955,-2.46353746040759,1
-0.07692862294746039,2.3993455343950845,2.395858383040959,0.8637388711781058,-1.20362115868215,2.7830724947981613,-2.64987728600733,-0.5473182974239852,1.027153453799698,-1.6778141879298754,1
-0.6271334427404047,2.5288709135723626,0.6660321934051847,1.4872999692324358,0.6102751118153522,2.6970434735391122,-2.5831907455915077,-1.0568719465235743,-1.0433232901269598,-2.3420657798790305,1
1.402738776479128,2.8587846308198714,2.250942143469742,1.7744552509161715,-1.056749435412427,0.6707074397084478,-3.090894715498554,1.4442191967414117,-1.139927597750326,-3.087774501379383,1
0.5141086626145572,2.3438508969513783,1.6149651826967075,-1.675331244460981,0.35327944146824963,1.3506775517896943,-1.6474812597361712,0.9966031474877652,-2.152047444899147,1.1717693124321706,1
0.9215279822475329,2.8050033566082164,2.585063303284506,2.0342368183163635,-1.183534097928888,1.318251585930228,-1.8369209610937247,-0.928847671524107,1.0019360077646025,0.2219288891063922,1
-0.5640918803492077,3.0817946610136544,2.01016273747633,-0.4933467154060156,2.460991939365094,1.2178952701670689,-1.8421614797852486,-0.46459273566365855,0.8985449336802978,-1.689149301679897,1
-0.5008274538141957,2.8017693778623585,2.477925122605768,-1.204777876241272,-1.2313166157978386,2.841052540097879,-2.8601537750527832,0.45827537267901985,-1.0467209460641669,-0.5757640222678391,1
0.5567829797512722,2.7031196434701927,2.2005580383789036,-1.4904736273080972,1.9973684107162404,0.4486528223482876,-1.8900464489229107,-1.1260246358358148,-1.83652629975844,-2.15597035335779,1
-0.8432954143486058,2.5445948224631727,1.8977319559429595,2.454658579206372,0.4362439995563543,1.7240098813372289,-2.810933576126961,-0.15401810250621617,-1.8961432819593287,-1.4956040211591328,1
-1.2348816617595013,2.357901795186315,1.7248186936941485,-1.152660092059071,-1.8104521692489157,2.5127669512491377,-1.7575757871158695,-1.12041872347381,-1.0660487238809606,1.7552737310579558,1
0.6616161071108775,2.2038839760352262,2.500146488350241,0.20218950429903515,-0.7630717798618982,2.1011352460737704,-1.6260111835907654,-0.6083449786583007,-1.0672675716752607,-2.2862419605099715,0
0.3071880192866274,3.0971130956835125,1.298150339238369,2.942145345100826,-1.408710199292861,2.432629846848499,-2.875466430690515,-0.3139215132369433,-1.9001298633565307,-1.3566801160869497,1
-1.2700292445342423,2.7436339056649395,2.757896183553862,0.018002212524176775,-1.4801022330065465,1.014745224499505,-2.8636119877675887,-0.9647873229170593,-1.486003443027045,0.9597768736243695,1
-1.2627408076198812,2.764825245806602,1.3209291690266425,-1.1469448318526614,1.0186456635891408,2.101854045795908,-2.659036407631002,-0.9477178432162408,-0.5254074560825901,-1.5794270730067705,1
1.4258801262560676,3.084308997956656,0.49236654610197256,2.7062904743767815,1.7664982428882468,0.5792771261577345,-2.672336497050324,0.3349705379100376,-0.2520356019750496,1.9563593358186382,1
-0.39241467049200995,2.65095191047489,0.8235604291344363,0.7999909122567028,1.9100941180180921,0.8712471202355663,-1.614625483894352,0.38203881529799477,0.2944813925593994,0.693999860744607,0
0.6344053369973279,2.5207493329088972,1.75665159719872,1.3182324815366973,1.2647320965847602,1.8389725472493432,-2.664674872554326,-0.5247485561998939,-2.0840704656862328,2.1164599474199792,1
-1.347471230144598,3.043415175894455,1.7892984163120096,2.577642159761143,0.6506450142102498,2.499589455372513,-2.1002379779848805,-1.0796411980898475,-1.0271692319148986,-3.1243862090295553,1
-0.7567760932599098,3.0919952001570943,0.9438031120139841,1.7923770542190631,0.3514124759465309,1.1219326503935314,-1.5978975975819487,0.5549592965967578,-0.2753375887104732,-0.6195394159927323,0
-1.298417303868924,2.357817582831257,1.9950274531527243,-1.2356235718283743,1.901881073595983,1.972854417994689,-2.247204085978134,-0.6448897278267052,-1.8044070870804756,1.2158900980935088,1
0.11931780727724783,2.147551692460619,1.61513709373714,0.5264102126310375,1.064713578437229,0.38626834884754846,-1.7030398350758091,-0.27091394469444796,0.0905570587770752,0.5002320451107023,0
-0.6717979896510204,2.359779586982426,1.967123059825079,-1.6177722537086436,0.6073388049084274,1.432639376404349,-3.0496370235679917,0.3075646111960364,-1.5294910106367248,-0.05810569084745998,1
-1.0733870982991283,2.5485070488262798,1.5336123538457553,-1.5961827639365271,0.8932019563816209,2.3095555761761117,-2.4484898180104615,1.0538884334274392,-1.558609332218451,-1.4752464743383713,1
1.2307002859038998,2.5496657875149142,1.0099017663521093,1.7421632239222382,-2.142394143556354,1.7678931583284974,-1.9862860432436493,0.8438123017409469,0.23683649295290676,-1.3651612447518695,1
0.44066912799984226,2.6665810807265986,0.5886239448300306,2.403477739096819,1.655764310217553,2.770138456964656,-2.727761235978557,0.6638143610858578,-0.7962012070780677,-1.0272196509135654,1
-1.424850184677766,2.5533392993911024,1.1197876383157053,-1.7268842298471117,2.146212743939236,0.6793573033015057,-2.2287612671967403,-1.3148288610047796,-0.19833661586825357,-2.21513273880977,1
0.3841189687801334,2.898744710952813,2.3979720857674782,-0.24597157697031968,-2.163959675411443,1.9268528404442562,-1.7083616152127792,0.9403225568206313,0.06080601471573921,1.0825570382301541,0
1.4691480992933457,2.7265146280163948,2.5223503637460625,1.274981898933297,-1.3804612406263415,2.44125533836056,-2.7362870016883223,1.2305289537833042,-1.4392234051675217,-1.3207224412935081,1
1.0155301877940701,2.2073269619158333,1.8417989400295336,0.7742518021835294,-1.4489535714563218,0.7364729890859856,-2.881082808484477,0.24511079640621425,0.29093920454869426,0.861269728473419,1
0.481864910666558,2.5523136890238374,0.32342790402602384,2.027287687581865,-1.6774720541866683,1.0473988456190613,-3.0303534097852003,-0.9568296541513074,-1.3989871860046956,2.1758077695743823,1
-1.2692018093037603,2.3046646498088683,1.352604367632609,1.9609256844010523,2.3435711225820537,2.3238576374642435,-2.9454917434172785,1.2581405372534429,-0.14669671367128556,-2.5046057603417387,1
1.2915761569993305,3.07561353782046,1.0130003761275463,2.1493060303490106,0.9968660034367893,0.562730604932766,-1.7209363523176457,1.065413216292747,-1.2169870560338982,-3.1337699505427232,0
1.4979122268318483,2.5567582973497656,1.334067132072894,1.607737841168157,0.8596415564901427,1.1043850810394558,-1.8427943747168447,1.5598159536731024,-0.6145583328263273,0.5325418241325157,1
1.1367112344192387,2.162373616991429,2.409571146770066,1.7921079890034708,2.6746395806298047,0.9205275405814928,-2.118693958651577,-0.5572356351119845,0.9059758850601956,2.2812031328189346,1
-0.24168127960812136,2.681411495056737,0.6804553022119628,1.5200455303315383,2.094520282651243,2.439484211105664,-2.1779948139804866,0.5276300384533628,-1.8622543188596534,-0.4423124341745428,1
0.1865264363057917,2.6787085362145295,2.154799061279652,1.1230644710961917,-1.9349463386496903,0.7760691489158447,-2.852469657015845,1.425491492318644,-0.5087112267590983,-1.1984875647668296,1
-1.3772873623307649,2.9268947866655655,1.500397069933201,0.7898409715273531,0.14184341304671433,1.005888395769692,-2.915694698890854,-0.021322694795128827,0.15606733291092967,-1.6552376724834814,1
-0.6087507381237158,3.1335308989434547,1.2208061098124965,0.6576588236358334,-0.29534784340540554,1.0726771220168263,-2.57730055077171,0.36520428160356255,-0.6496953747718874,0.791491915955981,1
1.4415828342306267,2.147553089053223,1.9468255587008132,-1.1871017197512934,0.08357733696150893,2.568871856411364,-2.028714272453355,0.1538012001562914,-0.2796037251395229,-0.9828469134998676,1
-1.4755161368181628,2.7287795353153124,1.4946141181085202,-0.7322065232821986,0.25574255065961315,0.32698197020558567,-1.7596154048027017,0.9880520754936446,-0.6254018161118027,1.1458599533996732,1
0.6778558413167701,3.029086731021998,2.615258572430158,-0.8552003040774413,-0.274535114288716,2.1388632187319048,-2.3245794960095374,1.2788020232653208,-2.2590883855619457,1.852054256595371,1
0.6946012494420426,2.70755660163754,1.3289669069225545,2.9036489859359182,1.5599441041717537,2.46271954367599,-2.032734656645953,1.0372890795265814,-2.087928045129834,-2.056681703102705,1
0.4990654071284113,2.7657298553951453,1.0685646298356972,2.8329464683858188,-1.8502631518986883,2.3805354677281887,-2.6686104694519965,-0.9360113338112906,-2.1880081745146787,0.8346866886826905,1
0.8604867400354785,2.462182339240206,1.5500204032757896,1.1081715447183176,-0.39514018029171916,1.9473735668000318,-2.0618430066938593,-0.7907403023989524,0.19357826730187044,-2.5365333493121094,1
0.9475439799550283,2.480642645536859,2.600806526784672,1.09372217124718,-2.1975814870103156,2.266672776874459,-1.7678332048405325,0.03960559888839388,0.9834341575883463,0.656957330334135,1
0.11904804592848772,2.743947301543464,1.3288519367179836,-1.3520612872135744,2.579350371131671,1.1775022947563398,-1.6620899560359574,-0.8808534322237946,1.1349251669514304,2.0075682424677583,0
-0.4507393771233059,2.4035093708576944,2.2739804994951105,0.24317848445006152,2.785766193885009,2.715199841438891,-2.2271910472210634,0.043076219264549076,0.1372631498630903,2.2516306705838445,1
-0.3766269114130827,3.022129792287493,1.2768572089732908,2.825066135612847,1.1204455312751724,0.5520094898644947,-1.842767223249758,0.6768081509488939,-0.9180406599080706,1.8591142051363003,1
-0.8148700540658692,3.0908018473607535,0.5031645730876495,1.3828197370510211,2.7746224522831717,2.0510593605982335,-2.1864048381156893,-1.0160968569571371,-0.06992732384944444,1.1321286506020978,1
-1.4367675456400373,2.5700221531794982,0.9759425473667621,2.1327281583525393,1.2475807036268427,1.944234399902129,-2.730906173212003,-1.0737220858868235,1.0023747336291224,-2.5897000034475086,1
-0.45824010055412034,2.772024376647893,1.1095127377028944,1.4662206868806984,1.7661602908286378,2.5197427256393996,-2.956931648457429,1.070043230672957,-2.096074700447175,-0.4593415348829746,1
-1.1089217555309152,2.4618235408879303,2.362000341109758,2.7184192510440868,2.0134557523961103,0.29434557638980247,-2.142376041717999,0.3878802887230812,-0.9844716507268385,-0.803033019166405,1
1.3927673001619958,2.7754730361083197,0.9242064469514059,1.2792235692746563,2.7013725931325085,0.45163067006373925,-1.8872434360291759,0.870343576090215,-1.7496571305133615,1.7689257155926108,1
-1.5303726792984669,2.8823117397661964,0.47129842609536676,1.1625331872264724,0.9471566950215298,2.611865891515046,-1.8535427737991044,0.9962347685337922,-0.9679722471995207,-2.231218695521958,1
0.4383884305402228,2.639351725151384,0.44798828361430054,2.7508999917628074,-0.6772497704916887,0.2983573084611414,-2.763497445443066,-0.3335580822027291,0.24357623328172018,-2.3062534049035186,1
-0.27936462200080836,2.7867419202381947,0.8823102474879136,1.5554465493361245,-1.1055342643201316,0.8547676177807086,-3.0504175004168212,0.5257269833352123,-1.4278651624455398,1.0343326837608422,1
0.23346849135868086,2.321717613008078,1.6784540847722471,-0.6845574457987396,-0.0884834709634843,2.680230714145164,-2.282697973661569,-1.333608973886178,-1.308444744143329,-2.459629940987594,1
0.8026305637567477,2.70993649095826,1.815593407629183,2.842896181797469,-0.497563904281598,2.4451245126017573,-1.9267100154939854,-0.6704616504229031,-2.0941008809161605,0.2241817781351947,1
-0.6116866768467855,2.836920303996077,2.011306610461916,0.39775098532691455,0.4992867879609175,1.976848628459507,-1.9535564802039238,-0.4868512480849929,-2.0148934916231904,2.2110196665516395,1
-1.4322148547428937,2.351846143137243,2.0303357105188606,-1.3455797831492708,-0.9541706490247317,0.706513581754232,-3.072923482368726,-0.38303256296386445,-2.0542663710533966,-0.6270976627763956,1
-0.888482755860821,3.1078515501578963,0.5232334249213819,1.0687080735993848,0.21015883029533589,1.8465749929447246,-2.2283360604404927,0.9920235353056432,0.2975549860416731,-0.6962792989264419,1
0.5162857793866258,2.508661256739443,0.8224606560945376,-1.3519032941852953,-1.804444569800432,2.871686149384013,-2.111063683426794,1.112022542116074,-0.45725169686488853,0.7605945314509368,1
-0.4410932299603121,2.5826398020302372,2.055623687678284,-0.6750962977430843,0.4460046644369742,0.8573491588710029,-2.894432921194121,1.0151373869270957,0.15491887369919155,2.2978781321213915,1
-0.9738621045366807,2.8808134528352713,2.6319305755453257,1.2876249422085926,2.7611333412172137,2.965799740748481,-2.9018535811271087,-1.2032736607917829,-0.12498277526561186,-0.42546081643103717,1
1.3141685440081723,2.9717562918848097,0.5287411330312368,-0.3209329365774647,-0.9622674829763695,2.5916661549510267,-1.7076294509194996,-0.676471962485548,-0.4928529994518893,-2.724293405370459,0
1.4495747218946464,2.633472673650477,0.730365014195957,-0.4710423783988176,1.886291114549289,1.9969011420099607,-2.523379527642711,-1.268317804979604,0.8196803155850088,1.0791584315865,1
0.6944229198182645,2.588623778616155,2.7152511530673293,1.5957777033639404,-0.09843498052137489,2.8747015037250394,-2.9293549756682324,0.2213165722858239,0.36020861520180425,-0.8264696164938137,1
0.03977287171405752,2.335375488453114,1.7469043235249722,-0.004762544864746587,-0.5022418754996854,2.841573283061153,-2.375850577465347,-0.8597448741427796,-1.3084958792632313,-2.9835048044704062,1
-1.4104342370333514,2.5718804261700696,1.3931276035792246,-0.2384554084190591,1.2009469547492784,1.5972722213359491,-2.1574260388181314,-0.4467225391945928,-1.925437589102395,-2.7964024537603844,1
-0.8890924960648501,2.841993283043934,1.9994445923030513,2.3077847865064154,1.6654591265490826,1.7320902876999456,-2.3681729447707474,-0.8116634599439709,-0.05173227583692919,-1.5578074781885558,1
-0.7592770545600603,3.114944745764237,0.689715915631302,-1.5927303978201923,2.6882540400706256,1.1151917009469878,-3.0378281253313,0.11786754542783173,-0.8871447743351673,2.1695313626000776,1
0.6195893491520494,2.616316366242392,1.0241542960682106,-0.02298440692828918,0.895909903949538,0.9766001554897539,-1.6017550171139057,-1.1641515807044749,0.7123992360625957,1.783518086176222,0
1.0774273568697321,2.672822365403325,2.232465306961424,2.61347498111986,-2.2199240035398513,1.400380549463932,-2.532872579285887,-1.1561100988848567,0.9189433408629668,1.2409279906924895,1
-0.6170799254021441,3.092329067791475,0.3257617843698327,-0.8605555706185433,0.9258330129073689,2.42431610835746,-2.7553800513854454,-1.5529818285708585,-0.9327200359757026,-0.6560795405598343,1
-1.4523334650364534,3.0046133798509467,1.1006572622556603,-0.8076734037251236,-0.17490518245902864,2.2026968329583503,-1.6376848975035787,-0.9717680572595552,-1.6826205512164254,2.0142229271369003,0
0.17502103291991955,2.508775187380764,0.7526700286341366,2.937635934892496,1.4681043226758579,0.8783089574290108,-1.925918987425248,-0.545235839831312,-1.424408298259587,-2.533334887551146,1
-0.8227932119244685,2.2609618907556253,1.2005215000995475,0.5423687377546305,0.06937221831241125,2.5216358174404605,-2.431489612541463,-1.434537313080947,0.8452454645500036,2.101694170952958,1
-0.9739621541590808,2.38932263217225,1.818284618280593,-1.082403453559674,-1.8899371689897773,0.4907110933681097,-2.194103263212998,-0.124957860668931,-1.3861108376984657,1.9582502634004997,1
0.9237272795527245,2.2218287742025007,1.2747518721240356,-1.4253136803527704,2.5070054635573333,2.2893591758334426,-2.030358135710335,-0.44216082947874225,-1.2957315095450936,1.958279033608758,1
1.3301352413860168,2.8807223704848317,1.4294485280746965,-1.523651291698017,-2.193694339992541,0.6639271291696746,-2.0104499880587126,-0.7456268628621492,0.9838996935935715,-2.182306038174265,1
-0.6802953898491454,2.1985792696947213,2.7350491874399627,1.9291267438261546,0.20415308275688515,1.8398031860708441,-1.9024961040604345,-1.1030368028902457,-1.6387049157851572,-1.5181450824951943,1
-0.768429390519235,2.699623263356009,1.0259896577784706,1.6845886859830355,0.6664705101354631,1.7234024276183388,-2.518646108447941,-0.6596931874034062,-0.09251996656654438,-3.139723513779754,1
0.7528539870369806,2.644899461084014,0.7754263057620611,-1.7382393050052982,1.403227561239655,2.0740352466082523,-2.3025808386891327,0.6142395621560108,-0.07867802326865281,-0.019805024415138206,1
-0.7940812764261854,2.6610467498333055,1.5440710245833735,2.130081657802295,-0.04615174559406121,1.4648615623395085,-2.3776984180974345,-0.5915789676907516,-1.443162076634608,1.8313267763153545,1
-1.1075766902562676,2.994085274938431,0.7125165784795167,0.2572629832099098,2.871278193023552,0.5534838103144991,-2.479425962130255,0.5297176454152834,-1.8944071796982898,2.0617816293308926,1
0.1698597499105421,3.0212062052978466,2.433974527687141,-1.6764862514272367,-0.9400298472344122,1.1982951822816834,-1.6680271561766455,1.4554570831458145,-0.9390360170516727,1.3089322622499693,0
-0.9981653894840378,2.8426909770509177,1.4078587550126962,-1.4126551163833474,-1.4036248162850795,0.6717130561791059,-2.118109095671844,-1.2222759595437476,0.5528485317952225,1.2653570882524483,1
-1.2874353545877018,3.0287266014329766,2.6600283175241484,-1.5408146562918288,2.6932318906260875,1.0438362132811676,-3.022831479064181,0.9453790563886255,0.5336331196838269,1.457888705021872,1
1.5027258637772039,3.1325688173917534,0.44275562260344054,1.3505977994271703,-0.8965387932384363,0.6301733655738195,-2.810040694887071,0.49114976829470325,0.07375459514691896,-2.864420762741215,1
1.5210167727570703,2.9487222753904754,1.0284408733616108,0.47024257055389196,1.5072821321358245,2.1098718755552377,-2.3476755137799397,1.4712621062346527,-2.1273722097297636,-0.405922956015075,1
-0.47927054973984173,2.42843659452673,0.9291449577244179,1.3081711097327267,-0.0685792299704091,1.4372193398609112,-1.87694386273242,0.4533328784804487,-1.5062626360890885,-0.9221411755106037,1
-0.9453189992883744,2.8445485172737044,1.3471101082363874,0.20101808305697988,2.294469331064165,2.334191191322776,-2.0518364872106636,1.0946526583526002,1.0232027150356684,2.083467032442775,1
0.6529836824892112,2.9012836634560144,2.5092454767709684,2.7920569985172126,-1.9076747921683204,2.973589561214437,-2.3055460490231656,0.6483777164061608,-0.8558625132898088,-1.3028949010406734,1
0.9618539396351102,2.7960713604397665,0.7561484554787052,1.124493976380149,-1.5955360444174955,1.6282719869040871,-1.8109328312603061,0.24819801510014639,-1.7766221479745354,-2.617913731257173,1
-0.7325393971981364,2.7488906071774295,2.5910528505183748,1.9206968935269568,1.608699992204262,1.180313578466981,-2.4689443986871535,-0.5119841228651161,-0.5544941239838095,-2.5910863984668744,1
0.12555832306837478,2.816947225781359,1.0553520978393458,-1.7018275908647915,0.9509201939111627,0.40038501918381975,-1.6411132883075303,0.7129390352494196,1.1570566159039553,-1.1176878431587447,0
-1.4736007148999846,2.6353042848255885,0.9458452889341382,2.4554661652325294,1.427392384452233,1.3794803942621798,-2.6247606269694095,1.3902808210397362,-0.48262849124314267,1.8995495660933694,1
-0.9144053603734675,2.456310779386441,2.4753589632491027,0.42794937440326564,-0.6588615698477012,0.39286669808066865,-2.460851864965698,-0.9242054420763617,-0.8793511022200451,-1.6247292303347864,1
-0.38955568808746155,2.7841378781881794,2.489632765704182,1.311600953324454,1.0810703219703401,2.48847704935306,-2.6751419677122814,1.1797788602326291,-2.1019966153938046,-1.230544955478856,1
1.5663465297380257,2.472488205757643,2.410544401498927,-1.341733378467395,0.09283849217969209,1.2373842018001024,-2.7071208817195664,-1.1668925648625408,-0.037501388026918825,-0.4623111593228244,1
1.0864832398064466,3.0453966994871253,1.4619873835183075,2.8740125941339514,-1.9620235609372263,1.0354412900701535,-1.8946785524947642,-1.0816904328214647,-0.399572085045208,-0.03814400367113491,1
1.2477425736265113,2.4209860334227655,2.302808245979326,0.8802373196747388,0.2559701928348246,1.0974679936363658,-1.629324246680359,-0.9145077645429194,0.3482288782863572,-0.5364484811342689,0
-1.05829183710484,2.901000262643979,1.9175575145162134,2.7211475300874994,0.462275067821889,2.0517813110696874,-2.433854126378274,-0.9329197643091083,-0.776986114970962,-2.3871330299639353,1
1.528636569759637,2.861687824268391,1.7801132924856593,0.5199030326719405,1.4269993808450407,0.6333914367208624,-2.960309265443273,-0.3297115860581523,-1.8427379112353552,-3.02341598757788,1
0.8117763113610859,2.370967438777729,2.3408478395663836,2.5103281211277135,-1.4503094420423983,2.1981287882349165,-2.3441557219486358,-0.5834198924879469,-0.6109839078535113,-1.0708797270342827,1
-0.62116349464176,3.0440778077375326,0.8200937783264727,2.149335468985071,-1.3145097037332447,2.022143787079296,-2.0565484640509863,-0.09846331508801698,-1.8430544205022703,-1.6026116764480904,1
0.8451927594481026,2.8702235136228476,0.7672312218191532,0.49534793561997503,-1.8296964863997995,2.2171668549084855,-2.3988988546964065,0.7027312639797396,0.7683386985206755,-1.294689864326255,1
-0.745505363742556,3.03707904018235,0.6188447263688278,-1.4661127466340127,-0.678185486469665,2.3363959883760277,-2.748249444253271,0.7409765218060838,-1.040195107529841,-1.6335323023384691,1
-0.3613601079598321,2.9232873119865976,0.7902741581684571,2.714132878471651,0.3728875906229039,2.397806429196931,-1.8992062197018755,-0.23980705823820303,0.27213921360916604,-1.148317685403851,1
0.9827202323559403,2.96473685533143,1.6736303438198403,-0.7188865722779418,2.7986729634647185,2.8382175940149477,-2.7403608774959656,0.4994459910000175,-0.5478169648925868,-1.0893906544053777,1
-0.1057409212451128,2.1904247972315334,1.630746058460405,1.3895055290734448,-1.7632684058358343,0.9796848211764297,-2.4460958932059107,-0.08780186525222522,1.112443787729128,-1.7570853130285862,1
1.077492398303261,2.316023186673033,0.5808688771013968,1.685806379771293,0.019483087587801595,2.426780558730246,-1.6598185003195702,-1.423528720627956,-0.3897116407166292,-2.5102621126332014,0
-0.6702895510508168,2.310185009222427,1.0557217612274767,1.8565874107812372,-1.7037870839100853,1.9373922672053472,-1.991312498368837,0.4748996563776189,-0.6115667710552934,0.4855004203269986,1
1.1097065117990392,2.3060045255346404,2.295974403167244,-1.456082964994374,0.21162813352769216,1.6674938237259824,-2.664774270461238,-1.4871170348228089,-2.0184114908886555,-2.936656364945845,1
0.24552991124205414,2.299473569965265,2.2823525877715016,2.484534401146263,-0.793915460004879,0.7347115062959676,-2.9469768894486696,0.2733853979152383,-0.9017379136770027,-2.5483497585847523,1
1.52237729753901,2.6420445858814907,1.1117600430170964,2.4594458330839126,2.5717179861290775,1.628082849343743,-3.0842180286944347,0.18685944526509624,-1.5222244141080712,-0.5282281699573912,1
-0.8234773809705777,2.763991689916871,2.159815460234185,2.816143804656436,2.1220818239663073,0.5241451980304874,-1.7991328449068587,-1.1160019535019032,-1.3905604700464642,-3.0615481925120824,1
0.8083519250252018,2.5008130572778984,0.41826184838858116,0.6489031616061385,2.8356980547964117,2.116609808867658,-2.236829747637471,0.005387978915931235,0.8232481225845447,-2.8437624523971565,1
0.44525380293838057,2.862592805637769,2.0195514760526274,-1.0387435807427328,2.4650506735561057,1.1589132599300827,-2.4435954137422633,0.8089091465178047,-0.7032293733514097,-2.921648791284515,1
0.8852642595617262,3.0064588525924507,0.285906580044548,2.0660448262324183,2.8568871571798464,0.37423651578845785,-3.1345128796583253,1.4655559844703185,0.4637361948876486,-0.3801253887337279,1
1.212246639877319,2.8493154104143765,0.9864510146687805,-0.6898453508706921,0.3728614083194959,1.2952535733372192,-2.756287221739465,-0.7304189851844591,0.6292822796141482,0.7102516225526125,1
-0.5069939577131657,2.381276846828778,0.5739897020468383,-1.2159348857229269,0.9714386405022881,0.5851184972045936,-1.7803892551114964,-0.875700458347608,-2.1871837768339573,1.5311587549367833,1
-0.3943477366175163,2.4860770419741307,0.5500993164755934,1.3621656839515515,-0.44205730305066515,2.5049275757726552,-2.4932762951722514,1.1041794373302232,-0.13619838099609716,1.1158234839906247,1
0.6274154200307,2.605137133311005,1.9810506726144368,1.3771990652912072,-2.3082206926072524,2.1706395847423114,-2.132353238038623,0.2606647959347006,-1.8932351226146826,-3.014268651278745,1
-1.4891537205478504,2.3021805926243557,0.3022714446398948,-1.1223716409236282,0.6200078507487996,1.368592249803846,-2.9483849543870773,0.6356916598065034,-1.7714201932694693,-0.8638141386194342,1
-0.197471458515585,2.505137255471701,1.4963695469321088,1.4066428838116853,1.053123590868155,1.252535364870071,-3.026966647162613,-1.489290157253639,0.5955383531597733,2.126664757852985,1
-0.6206306855084013,2.925708086047799,2.294203406433672,0.5638632899508047,-1.8786689384286366,2.4059700278929506,-2.1983459401505163,1.4406049631735114,-0.12214468392149902,-0.7537772360517301,1
-1.2641070109954384,3.123751932243784,0.8664888265790845,0.6589191392056608,1.1930424609380363,0.6019790154454869,-1.8742336881835169,-0.07223093579269602,-0.5788981273897675,-0.2546644419301143,1
1.4295880522481963,3.0513197499037013,0.533438357139264,-0.010241895283817692,0.39526576832162474,2.765626982104332,-2.4559672431448396,1.2299436872471403,0.7699349244130262,-1.0747904690163157,1
-0.6937602375248948,2.751739845802505,1.1457238407506605,1.1832944093564364,-0.1723238978341599,2.431741901844046,-1.6608523299329732,1.2119618551110352,-0.5230239738515461,0.8162975753012285,0
-1.0437384041533417,2.9368725642917344,1.7157168128488773,-1.0407663826933264,2.2580815384143094,1.439635577920514,-2.6016146479103472,-1.183275760359127,0.423826394043604,1.9701681770312311,1
-0.3612286787894601,2.2231899680142178,0.5054238457966183,1.3341992438464247,-0.3786751275208906,1.4381039771164255,-2.8781283742966304,0.09916186253156845,-0.06406393265578547,-0.18471051028685448,1
-1.0259641791676066,2.633697479503097,1.4085707742100315,0.8225342514634759,-1.7571728156143633,0.7053051120371455,-1.9783654289665082,1.0694100009961922,-0.11395988250947964,-1.104316174126346,1
-0.850489289118805,2.7980218125849086,1.241126512251804,-1.0037261694965287,1.9431375167808085,1.4532307206955948,-3.0857224885903767,-0.7060894282752924,0.7360466075023866,1.315878121183966,1
-1.2133425697416846,2.673898877648303,1.8932157272106174,0.5860669601351645,-0.2752599871673578,2.8297829004151525,-3.116846508364914,0.30407143909900225,0.6325277606795998,1.3225486269327011,1
0.7177817076799897,2.7877551121225808,2.4785436077149012,1.1409567290561253,-1.944704268807425,1.85861523346887,-2.1809030494918127,0.08121682522229157,-0.05334247634855993,-0.10548368534162522,1
-0.921661665087815,2.6580599684028146,1.1121605027867636,1.43257696152271,0.8597709372399098,1.6348102529814825,-1.885995879411274,1.2094351604763836,-0.6890710938877596,1.508965124724361,1
1.2417993870187463,2.9003891469053515,1.054699261086267,-1.5661227595635459,2.560759537572406,2.959270963489431,-1.8336526003066,-0.0758936136427022,-0.8146906054247545,-2.328894796928611,1
1.564102449124423,3.0735450262479014,2.7188877524172788,-1.0682656787223022,0.2635709747771431,2.700569458455711,-2.519954337288198,0.15053144492518622,-0.5000512667312846,-2.929187469197544,1
0.3633267783844025,3.000379785604042,0.2593497350680357,-0.9926582267972458,0.4017251301472249,1.8005535675939373,-2.428749000569973,0.6884543908229672,0.27979906108520325,-1.81332823675739,1
0.46601540517622997,2.7012342500033943,1.33382945226503,1.0321679184926715,1.3401269294677398,1.8308757709773082,-1.9268719535699486,-0.973271610134639,-0.7978911347538771,-0.45871815579885844,1
-0.13191028141534566,2.5816808903763997,0.780409350444149,1.6652644490575002,-1.6390703443411123,2.7353439414113074,-2.313723467549411,1.413166908821032,-0.010966579781468422,-1.1656847615680355,1
1.3518413673817293,3.0763781790292914,2.3757915693673994,0.926577179751042,2.528119183469709,2.0393783560083065,-2.144328153564036,-0.9731099909407226,0.8316955105514685,0.47310390479400644,1
-0.5941129274534255,3.137823880470648,1.9765573422934384,2.529062652858366,-2.3141468955565516,1.777365891985737,-3.1164882986795477,1.1343000194217512,0.3449594926400157,0.4177132959086851,1
-0.6826815936635957,2.8304178405313714,0.5809257171953702,2.1320311312103977,2.2474573505083066,1.5976328401873356,-3.0522127931518352,0.4275798698880653,-1.0889975138771373,1.6271048062198363,1
-0.5891454611183637,2.5456776101652467,1.0051888130331474,1.3447121652097898,1.971808429012028,0.7343604269864314,-2.791958490350611,-0.2589236591845345,-1.7253376840275267,-0.9179228181626131,1
0.8738454639528994,2.683788445524953,0.38607158414575593,1.1959009176356434,1.8715586577010468,1.3502993729159913,-2.773606433016409,-0.5398343879207019,-2.193709129366684,1.3141362797838299,1
0.9620072980278551,3.02851633477936,0.4769502318205241,-1.2383063135229757,2.282055821907236,1.5701757344145684,-2.327356860820347,-1.4336610108641286,-2.0745286956367677,0.3754868805374678,1
1.399421832770268,2.8172554110350077,1.4184159352860628,2.775928175932263,1.3055569553954962,0.4457202867284513,-3.099097649767314,-0.5393237997681171,-1.2199570997448634,0.2223937057054468,1
-0.8663886695680698,2.182743508785862,1.803528150570398,-0.40029026799891265,0.48109160257348416,0.9945986441706458,-2.4718192193861386,-0.7400125157763986,-1.9783585751995234,1.1542730848037093,1
-1.0512677570263433,2.4725851364059537,1.149397630024069,-0.7745876145867119,-1.9449908006032317,2.3584022796554884,-1.6857351859176304,-1.5265183916417409,0.936259212345889,-0.7663145022735312,0
-1.1217984888193626,2.1553844977487135,1.5865556164627634,2.303913623803556,-0.9237949933527132,0.827384984157524,-1.9697916055099862,0.9685311520875197,-0.723519221898002,0.8069068173947422,1
-0.09945664208277316,2.515928018917391,1.3591171962711859,1.870241502918117,1.654788471005089,1.4532292870424752,-2.591564969879393,0.48193145819139915,-2.2711647406753666,-2.5214734411910005,1
-1.0246787403484954,2.8314059838905528,2.305474414332136,1.7222355497980049,1.4895622757416285,2.9654761677854995,-2.7309876738477246,1.2941101953854488,-1.7771770000017812,-2.3028019156961306,1
1.2457420728798168,2.2465973756068625,1.1061690556265968,0.7501156280173813,0.9076889322708532,1.8940156754141435,-1.7182911339563296,0.1992942176361916,0.649080605307824,-2.6778142474333966,0
1.1319301540384386,2.731944559743858,0.8119437985636541,2.855270620449544,2.6370741909703064,2.56603248320627,-2.004050232282419,0.6729001542863775,-1.4929320762644538,-2.141118573475523,1
1.1778836530155496,2.9674522764983973,2.7146944711697643,2.245970567521032,1.0079453183989293,0.6750759714171297,-2.68751283326261,0.15711760151285104,0.36295609732595846,-2.193701942910278,1
1.3075874690117932,2.8252880306863064,1.0362972776104358,2.422456197220285,0.8291385224054504,2.263435656026335,-2.295581134469849,-1.0261611479717674,-2.2325070344586786,-0.20238930689736145,1
0.8270068180666779,3.108972134376142,2.4920102237427137,-1.336024020832212,2.853249337874292,0.69442772871895,-1.8514826559445632,-0.9521796887145261,0.8375593143792619,2.046990014604314,1
1.0263552587227593,2.348671108763472,0.6389161812885593,-1.4678800460117685,0.7408295441497024,1.6023216182301705,-2.2015386466212887,-1.398733360949543,-0.3260437913274714,0.8082270033625156,1
-0.249571067779512,2.4615801545346936,1.9233290056135144,1.4741603177393694,-0.9104128338461763,0.34588986197244986,-1.9861393352128505,-0.3410507093194042,-1.5846988723733573,-0.05076553947580775,1
0.31185951369897813,2.270127212112731,0.733435907991036,2.7562858503121648,0.3488325557904055,0.8072262189387773,-1.8658340072347168,-1.4009224282033037,-0.08172050382819851,-1.5152734708916191,1
-1.356260387797162,2.3088983428804535,2.6948601290086387,1.1888508361894878,2.061207028110485,0.3504502270106895,-2.540979608514203,-1.4843300415314635,0.010717364225748316,-1.1837572042602573,1
0.3923741003378769,2.180186258568564,0.3667742122735744,2.0134527617233786,-1.684054624385382,0.3301934125570088,-2.1984684894942115,-0.7816663699804519,-0.27428914214963696,1.4415248112603094,1
0.7807575811328329,2.1911421867441265,1.6604338937629635,0.8039981106569729,-0.48823939842023534,2.3182858175450325,-2.9787698074634914,0.7489892523250663,-1.7767533889614258,0.8725678953971125,1
-0.12464663226706119,2.936188600876095,0.6064710048471317,-1.557803553473176,1.3554729043653642,2.966525720612936,-2.540387352248203,-0.5470145609536912,-0.9516740008968287,-3.048308305790056,1
0.04807020977545484,2.4222689449064387,1.9929218117242917,-0.3910050274536281,0.20937909785656528,0.8317502108103545,-1.7949327694399018,-1.1292664554257785,-0.8896518484944869,-0.6885595372216216,1
1.5162134576220363,2.286177693717173,2.282138630773794,0.9238937405602985,2.3243602741055485,1.07869165251938,-2.0100941404221486,1.4047848547435484,-2.2187130381344065,-2.2121745301165747,1
1.5531854722787077,2.392504919402776,0.30233317349084937,-0.43471912020127923,-0.17918192756846452,1.7651318142939645,-2.7824457882044222,1.549482267480361,0.5612843336018818,-1.9758794550831111,1
0.943863245157357,2.5044506506108477,1.3144308206277797,2.660681446435582,2.383563897846818,1.3009529397567046,-1.9692733064004073,-0.7172847364915964,-0.5043816873420961,0.5840610043057675,1
-1.2482805711359233,3.060220690942876,2.056858830905,-1.2900923777177935,2.262106575008737,2.291726679712621,-2.388157616672139,-0.5167313552382022,0.6803017206010651,2.1471639487252188,1
-0.6630579447767473,2.79221284382445,2.4117340582758233,2.9043175225436553,-1.968925942253022,1.6464092455045203,-2.1329738899139055,0.21411521390548205,-0.7731431350687508,0.05044797430029613,1
0.09922335110022829,2.8740380493347266,0.4168110862722907,1.9503085271766123,-0.8428771686550132,2.508247044798451,-2.5391444465517212,0.5966794804041171,1.0369962165607358,1.1227650487608227,1
-0.4557599112321653,2.413483902458623,1.730757381212107,2.9002133053587027,-0.8057950992308058,2.841688646246284,-2.6421095509462416,-0.1292292545185052,-0.9638934589957291,-2.6755096055592205,1
1.3717966839889346,2.307886926035064,2.6237072505612358,-1.2592528842823207,-0.9288635930735178,2.768174405977516,-2.9265280576052164,-0.8392231556230566,-0.24091299993350157,-2.1548407716468083,1
1.1800023330215654,2.1943278170483906,1.58218825802938,-1.4466845988930217,1.340042163097805,2.8081570997765537,-2.6073074957514977,0.8283409563169537,-1.4616562691592048,-2.479040121146682,1
1.1774612796788837,2.2254602206092398,1.8308279018206792,-0.017227371019247206,2.9341215881744125,1.6603911990200038,-1.7963808088068938,1.4272080647461947,1.056662570580658,0.047377322387908816,1
0.936917614331465,2.776496185504311,1.3252003221211028,-1.4756585449474866,1.4604697720543194,2.175007365872386,-2.0128457464965095,-0.9520505501779746,0.24037137970613776,-2.3223873351233517,1
0.6100079606318007,2.859312613181939,1.1393029879123773,-0.5305126888137828,-0.36654974492962866,1.2581736247223811,-2.9586871784119704,1.4854104520448004,0.6858762715642555,-2.976205014169821,1
0.7206370590363593,2.457433454435426,2.3575012775619633,-1.3890726833616016,0.5776106536846992,1.7675143413879582,-2.730875278664152,-0.5497197647967951,-1.908389183375793,-2.3951023145635233,1
0.4650285801753986,2.656599093553043,0.9162041027646312,-0.31364365521365056,-1.5114888973459761,2.62527457681416,-2.93484730090351,1.2054883237710665,-0.9237285949390159,1.8116224110119634,1
1.218515373465808,2.213514616090262,1.8942631812411834,-1.025565078378774,-1.2260171795286636,2.6157140796038294,-2.2862829496292796,-1.442745112937736,0.7277056029821254,0.8384763026691169,1
0.8733300769579015,2.9328011145328245,1.5255971068525553,2.7101787841472555,-1.2817957373117752,1.6500197991264474,-2.055307729602882,0.6769548397275085,-1.9916390274718812,-0.7715787882107605,1
0.8663950270313521,2.455597084572097,0.8559821439877418,-0.5099630183019359,1.4384537768322434,1.0635147633097717,-3.097783264712898,-0.5674286387199647,0.9574161190838426,1.198120674862437,1
-0.9606107252781912,3.023637846924724,2.3728773491763864,1.7611903989359794,0.39597887974868584,0.4802750416161635,-2.5676152910433827,0.39554887733435873,-1.2112100683270635,-3.0857262217156007,1
-0.8184520711167874,2.747557296075522,0.5342498124741415,1.3386231957079744,2.000714703411197,1.1479107223403568,-1.759817899669638,-0.9515623372503569,-1.0457788106282138,1.302357637549631,1
0.4340268007766419,3.0085132206834784,2.748553958984901,-0.7922034144774596,1.338975144346767,1.5466650770356025,-2.436164494479065,1.2812505048228944,-1.0986956259955472,0.5533363310113475,1
0.39216937731739376,2.461730562490117,0.5499996788797288,0.975476923115556,1.5752332642387015,1.7942565021682855,-2.6370050333691557,0.4047762033546001,0.40001885447147867,0.915232097460644,1
-1.5037818440757609,2.6128044626977727,1.3500958128706468,1.3238609786999338,-1.681326203153187,1.9630540999287673,-2.5239055451592254,0.49220948410676457,-1.1164155312457942,-2.9855916233126933,1
-1.3578415235808432,3.071896462063803,2.7010476444474625,-1.71880085316828,2.4300751493081645,0.760231639044423,-1.8880627367327572,-1.2035037194774878,-1.0418271507138357,-0.2510704009801068,1
0.4131023434987524,2.337743184052852,2.7481259913573366,-0.7860129106947225,-2.2889551099349044,2.830972307815176,-2.0613243042917953,-1.3212068445181466,-1.3284203951013296,-2.9989257129457934,1
-0.7143374646408317,2.5361731600500517,1.5584707058610825,0.4080262901522227,2.315359321118877,2.7423853622363317,-3.0260314606718457,0.9014001985519056,0.6968108632986478,1.9260340379272303,1
0.6578292704624178,2.342068151165415,0.7423991135353685,2.5301707850899797,0.34371569485053133,2.6863038833462953,-1.7750930085035916,1.4784145205514052,-0.9534952797720271,2.1455233489229406,1
-1.475290955401908,2.8559353530075575,2.709275724191964,-1.2552998310786063,-0.9021216633102407,1.7630507671875282,-1.6201671124641643,-0.22370018377700562,-2.0710472062744265,-2.4454162051686756,0
-0.3683931042979771,2.4657485493103692,0.8037757525654422,2.207747343102358,-2.2012719279811748,2.5219965105981412,-2.131462219806461,-0.036889064516719694,-0.12661206953143012,-2.3261788790349467,1
0.22914425436916708,2.5181330406153677,0.8272992192039421,0.9994189747361872,-2.337441776114535,1.035639057121884,-2.60649149241203,-0.07305443811038637,-1.77532179818395,-3.13280147869393,1
-0.6961010750389006,2.691194580459171,1.5941565867300986,-1.1286086748737119,0.908996182176387,2.9778517310068127,-2.0277803708060853,-1.126445245654867,-0.13595104317130824,1.6640916455486248,1
1.4022676298243386,2.1855743715926548,0.7669138100683994,-1.2006372993700012,1.7499159098645034,0.41508199879063723,-2.873978257144274,0.8902863716247242,-0.2049854714056476,-1.635012957834391,1
-0.07449179956350616,2.5845286712319653,2.132213461247394,0.5915247179231846,-0.1111762220914132,2.2556901031919065,-3.015625304815237,1.4356681285173265,0.25614273118813013,-0.4764338853603616,1
1.2600585638077284,2.6287458433028537,2.587546020950091,2.032678101532689,-1.5473348694540732,0.41892419506917333,-2.2774270985959824,-1.1663945800026108,-0.20655933774332924,2.191474556123651,1
0.15796853775072983,2.4909876629163117,1.6705177672889255,-1.6116599353950785,0.7264931901550558,2.7184618339194446,-2.527834968749637,-0.567040900662829,0.4802686908173057,-2.5605456096553887,1
1.0942375433682,2.9046649157718902,1.484964870457547,-0.5915311670594781,-0.8167475781332469,1.9384836691942904,-1.6337418661237852,0.23740361668390952,0.9233165128937149,0.8430367836529378,0
0.750215037348696,3.0961450700340167,0.2668813399256378,-0.5949571043035395,1.1436743572570163,1.4707381014180059,-2.8164368490991945,1.1857732619721146,-2.114089135122373,-0.1698999166410462,1
0.21096288659604112,2.7776850995289144,1.0446241634239612,-1.634296455220897,2.3680813143375925,2.7904356936909744,-1.5815366826357278,-1.0628211342412186,-0.2794822926019018,-1.4146320496027829,0
-0.9692957007206804,2.3128877951431677,0.7023052205496916,-0.1886264218094056,-0.8563945022774568,2.5410301171865086,-2.9994552856488643,-0.44665695559373164,-1.7746584214420125,1.6434476373307532,1
-1.3658331073215195,2.3831322964743995,1.812360528293152,1.559274265510394,1.9025778669718045,1.3955233047042066,-2.1316547246350943,-0.4100077458709297,-0.32339367277812014,-1.236018107903844,1
-0.5170181095190165,2.1615460285461667,2.6328055408924675,-1.460230254915309,-0.90806502680626,2.7695080694954064,-1.9920726620171736,0.9639834615220371,-0.0047278919175099965,-2.6099320007096596,1
0.9756362018717173,2.3936576232006694,2.652631122807304,-0.6566499909666985,0.9708356365404733,1.758511496035468,-2.805917200494828,-1.0041902945538972,0.4093445620931262,-1.9790060401570426,1
1.4546304627021072,2.438819633477844,1.8255375623220873,1.1666350448238023,0.15149040649046785,2.054303651675654,-2.3861763239389013,-0.7078062316399301,-0.35123265479500754,0.17293634397676705,1
-0.28759506759899134,2.2152727275692006,0.6532129703324276,1.109403967384187,2.570501041222407,0.3617968430134804,-2.725015067613573,-1.5086130890410647,-0.3452342993157915,0.954056867387163,1
0.7482863946068616,2.8661885064655834,2.2075954343492823,-1.4036887646293117,0.3571379077788106,0.9962999856927359,-2.6183761108187222,0.007152643080046817,-1.906252482328365,-1.8115751206231614,1
-0.12214979436743478,3.103084255266041,0.5276394307165602,0.927158132372004,-0.5348427133679781,2.0300562950482135,-1.6258076740548213,1.0935852207334753,0.4248677733883066,-2.641593970033815,0
1.0051179995240243,2.3556983183865987,1.7323025887602161,-0.1111354065269532,0.888233429478428,1.0114593856293252,-1.7734914595180076,0.5414515606559707,-0.9889136707750537,1.373108659019128,1
-0.09796453684646345,2.641632175769306,1.8126230008906106,0.29775834588623606,2.251971098111059,1.3767960199384384,-1.914594056865252,0.8518438205885623,-0.8286400900256459,-1.142274549436528,1
0.5655686920360408,2.896465409375498,0.7188879845784242,-0.6111464984322188,-1.5685767782756344,2.337449293965009,-2.3432177534922394,1.0131042224624933,-0.43069296449218486,1.0336926405058926,1
1.4054648124295959,2.322412477461344,1.0162675652011899,-0.10628863570041935,0.9687841375016819,0.6593156705687567,-2.304840924155262,-1.3984391941011018,-0.4128937277162832,-2.264092699352009,1
-0.3295996274531352,2.2785925002800678,1.1627637369459327,0.13772818289748812,-1.7495384397142415,0.45344328884667096,-2.6703516270481864,-0.5603043965255052,-2.267008919866687,0.36176785071258033,1
-1.2451393228214667,2.9510406544454177,2.4602198603465633,1.1560391559219503,0.9061251124293199,1.2911971290535142,-3.0824831413684346,0.420384674657895,-1.8163009201478855,0.5311797981332784,1
-0.07597226689430348,2.3214956911411373,1.7291270635788272,1.996943718863919,0.7770322689983109,1.7164069350298268,-1.7227194283362823,-1.4819149733806478,-0.15617884118530156,-0.902573689407606,1
-0.934878144776941,3.119674552150484,1.2659930122517817,-0.1678202778541884,-1.4479647173748904,2.974737716501023,-2.9112199740785956,1.562750700713367,-0.33143872614258685,-2.335006980962291,1
0.6871837334352158,2.626526374672687,0.5294361860894918,0.8757123655174901,2.4830562525343396,1.209781882858623,-2.6701329557683495,0.6396372644127284,-1.7885241018743345,-0.545628202658548,1
0.1557137453103461,2.3806999730083738,0.6976929474132935,-1.2129896891227876,-1.9729711257175033,1.6585181945364262,-1.9175857498770548,-1.3653208020098997,0.13207788694480138,-0.8865799790370321,1
-1.4267066913058626,2.6781695534753194,0.8849297928575114,1.1025814544988917,-0.4922525741004551,2.0841201141401076,-2.6787649419288386,0.5803720802810568,0.954255521359173,-2.024220792677065,1
-1.316530712312461,2.3365236740995123,2.2979458615049513,1.442787920554896,2.80191129948933,2.2007181882186235,-1.6521136352994188,1.261952844999392,1.0171095239615342,1.1834155342058046,0
0.1928705431296749,2.9665908075004115,0.7017762373333079,2.491109186618437,2.9541600497523497,2.0805928656948494,-2.359833194365229,1.4105888948704906,1.021528976714552,1.6186646958614888,1
0.7893670305533567,3.089360181883666,1.515984226005443,2.431804824811908,-1.4807633253272658,0.7840208424240671,-3.0398693148566616,-0.3610988109704112,-0.7893513391249447,1.219143306710888,1
-1.370227439732483,2.8621656822553176,0.47381078716419256,2.2424366137207072,-1.2736322801045912,2.2682217244292273,-1.8943646368321563,0.8679100152386623,-1.356379724281266,-2.826201027804189,1
-0.43847693209772376,2.344314377604756,0.5935055260754456,1.7295403903178186,-1.2173691581257085,0.8924828222465455,-1.9285760678337864,-0.4149267339845357,-0.5102983407716553,0.489244997831491,1
0.29190121023228843,2.6241381873801095,1.2412082068900427,-0.4947315523743081,1.4191211515050708,1.1460907965233527,-2.7233745173892796,1.45588436979789,-0.09707585461759027,-0.36137571612492936,1
1.3480867557431266,2.564334403794224,1.3241158866288887,2.456593011177392,0.8624058156279495,1.4999774945464253,-2.35926094198872,0.5439108850419319,0.47856887287358285,-1.6137693794455121,1
-1.5182953705242261,2.1641036460723115,2.7083291620000067,0.8888828355589298,0.2482008170550909,2.7599824870183864,-2.64109883521298,1.0369909943142896,0.20490826910515958,-0.5344628039656629,1
0.8699802356437352,3.1059404322637563,0.7559029748270623,-1.6629591812701356,2.010161429831528,1.3775013960667997,-2.8559043927523695,-0.11613180182792493,0.6172626479792611,0.7986786061099855,1
1.4251512766265053,2.6177366358146124,2.703716410567199,0.658403139440904,0.9499403300491838,2.104751919414557,-2.2923274673565714,1.0389659754470106,-1.5083905440589855,-1.1610492816060132,1
0.6443560601755425,2.183539497148153,2.0105183009562957,-0.3159782204294992,-0.9029539008587286,2.156797074006456,-2.954935510911573,-0.7349185689142003,1.1289820458220028,-0.6382048780432985,1
-0.2892648683051966,2.2233983576535996,2.205826286052536,-0.9796746833990332,2.601634535141703,2.9554551138695566,-1.9805875529982226,-0.1872846951186129,-0.6743092901936567,-0.1846739729383544,1
-0.9783372888348449,2.864830071098997,0.6705693918446409,2.420293553485868,0.06242699324137657,1.9992172954669023,-2.2899235619288216,0.4540943345882893,-0.41703786849237656,-0.9408817328488905,1
-0.10067140785135975,2.4847903403299383,2.6274533745418864,-0.5555639644056496,-0.17411428195417145,2.384577898497756,-2.950910779715932,-1.482122204084053,-1.4404584472292212,-2.9688183753101587,1
0.4168574035611936,2.6505819542935827,2.594505051139717,0.24563597104870216,-1.6250894053084282,1.1790049720068194,-1.9977354278032793,-0.3847458230874865,-1.3324443993087653,-0.1346082641230768,1
1.2843796713365871,2.5664590764532735,1.8879107428918542,-0.6683005000411952,1.9034814016384667,1.0175151804414186,-2.8252421768883513,1.1732288038084222,-2.044217805971397,-1.3942458568030487,1
-0.8775252042719676,3.033181974845231,0.9204588668323799,2.8396488472403902,0.2658038976497208,0.8868563259950637,-2.0517732855925446,1.0883686074382173,0.5894049133875559,-2.484819328707144,1
1.1771623597240874,2.190434780003235,1.0044147536048005,-1.0871319142912812,1.2883265452944,1.6697954367971304,-2.7581433504521478,1.1806316455568997,-2.135822101052077,1.0196010312079191,1
0.26387968924301397,2.9682524259830734,1.3220327135827885,1.7280489788240931,-1.437060692942,2.979470466344951,-1.913777550142697,-0.5042047182865075,-1.54574573666605,1.1334619423972323,1
1.139033730850945,3.017225030754948,1.4464884077511695,0.27236536784265386,2.075549139408003,1.8503510936999754,-2.2700798843741037,0.5002889081797528,-0.7424799137454392,-1.1223518815169462,1
0.5304495015022206,2.340288056985226,1.2708580362127244,2.2482289326581557,0.5525466603818767,2.7012947564118224,-1.8992678306934483,-1.1097155921948105,-0.5559970132431409,-0.952406257585328,1
0.5899999926880355,2.2927507560305247,1.5561390792882486,-1.0923754068923992,0.9911518759062146,2.5244262818310568,-2.7306444835219583,0.6869088546891977,-0.58250447433317,0.7934792982002263,1
-1.304028435606414,2.5488333654933317,2.2240567753051037,0.758575991430047,1.6306200359864804,1.271112072143931,-2.3437173629139525,-0.6708307857980855,-1.962550248357677,-0.2538129626965029,1
-0.07368320238716497,2.780179440098165,0.8273152172959114,-0.681806229529476,1.6267157646731132,1.07690849030426,-2.8309125165539437,-0.8094027895442768,-1.9894860183474727,0.7436478494195504,1
1.1957606195115686,2.957514465910471,0.2745822652617965,0.7941923583977575,2.4971631870847215,1.9020613778030258,-3.1128499516687906,-0.9913922041861799,0.07821667776229368,1.0720009032610034,1
1.29847802517904,3.0461630302122242,1.1040002307895618,1.0961014363458634,-1.8056745745560452,0.5465312402578166,-2.122295644204767,0.8704875026258232,-1.751978838103411,-0.5059020819688005,1
-0.19094374105550593,2.467968423714844,1.6021518114952134,-1.7322148934571993,-0.32886535959832885,1.5811468243371165,-2.672085760351356,-0.8812547035284132,0.6446651121209119,-1.084945969809187,1
-1.0984482107702482,2.543892554972994,2.669815128979502,-0.7368620283814551,-1.4175045926762038,2.8311139299564854,-2.222995511174703,-1.3375059613506937,0.36865215864155365,-0.7930741247057931,1
-0.0072375541072646765,2.6410619362570684,2.6831491599418182,-0.8764530079728872,1.7536788193292523,0.3078554319454571,-2.1684684115124924,1.0326797204915346,0.3145326568753197,1.9169003709226664,1
0.805382960638191,2.8734123258348667,0.8893960771702133,2.926304935778851,0.1389318306853391,1.414767167249188,-1.7507892801449212,-1.4099949402835248,-0.23560554988932703,-1.2306170825241567,1
-0.7908204610146468,3.0683358571639,2.581377678584343,0.5896581632847506,2.7558690462198143,1.410108774467473,-2.8495765412348035,-0.18721684302376884,-0.10060648691661855,1.0242884484923276,1
-0.25408655000308045,2.549809604064316,0.461446608434139,2.80351511585641,-1.135512239130063,1.6212619538551758,-2.8028865501405553,-0.8514219874636088,-0.932476535185812,1.052383807131028,1
0.10508877508428549,2.2736013663727666,0.27929804525767127,-0.7457029537094746,1.4954653095476917,2.519765030914206,-1.6756376491306273,-0.2704191602867063,-1.450973093759358,1.6683096359249245,0
1.4619293136548812,2.8941098912400567,0.47546112739881363,0.3114461045826573,2.906175300666643,0.9092212861802755,-2.574811312195197,-0.7650567844750934,0.3815423041613104,0.185129908831275,1
0.0377683552631658,3.069151437431748,1.243199182897599,2.49543328891259,-0.05906364884104054,2.3263019665336397,-2.338848987393111,1.094153969281442,-1.210849461242454,-2.861549415061847,1
0.9775390709906757,2.7637997626610713,0.9126358934631286,2.3831762762452193,2.534082347819976,2.677429719552054,-1.822954063716068,1.4392278332923134,0.730737976426048,-2.570609167693955,1
1.5113129448775608,2.690942844852441,2.5618167073241622,1.832320678825806,1.0885131404898623,1.1707438979345066,-1.6564220063061659,1.4040242058029297,0.08121637255911418,1.5736754883650028,0
-1.5288285037739016,2.3517241414730847,1.9418757051754845,-0.4107463815788597,-1.5926911233518135,0.5128583771984063,-2.9275387410940388,-0.06551580966645565,0.675087660227053,-1.4205967280914693,1
-1.1114532427237744,2.9401061206641232,2.7328872926216206,-0.04959038934661919,2.2428169664216053,2.3424320112708195,-2.2835781162915163,0.9901761713497275,-1.927710160136313,-2.493628648518706,1
0.8344665148220409,3.003978984549785,1.399543275135907,-1.4650454921625096,-1.9901929176745552,1.9017244889126446,-1.9406448043010311,0.6589957389327268,-0.03976387931279346,-0.179966851812162,1
1.2275749323946616,2.97318128243786,0.7527430884410299,1.4427260607920722,2.1482264501858843,2.7932436902917983,-2.532385068733835,0.7207211772761919,-0.3572902935198181,0.4961957486250901,1
-0.6897343190036405,3.113129324317857,0.8279932654997869,2.5428797234552487,-0.09018762046154327,0.2940923042802056,-2.465772785730923,-0.02484215693045022,0.7120334688519971,-0.18785577586183333,1
-1.243740406437846,3.0671601085153397,1.6714940870285828,-0.46769944754959725,2.4204230254489563,0.6176350360805634,-2.017084456971009,1.5009153639838242,-0.12821424695140937,-0.3495306387207031,1
1.3494409684100495,2.406311493026199,2.7380310836041355,-1.6543017258134405,-1.7154918495121432,0.7917266335722568,-2.2338942184919883,-0.6134700013372523,0.6983162332024753,1.342361606966724,1
0.7771848523889986,2.152109473197577,2.4254375302220987,0.12031745534880933,1.5341108022324357,2.246662203351531,-2.9398295671825,-0.2733573150686752,0.9073092960215652,-1.7034289594659557,1
0.6848430658970548,3.098249674164154,1.1575956607663156,0.07860261194531404,0.054942484271937264,2.467413800877716,-3.1261464364869567,-0.80846355501302,-1.5117916036553838,2.257587124851137,1
1.2356393743293355,2.7421471711908807,2.6635407125410486,1.487213522823486,2.7397472179746645,0.7268337405002776,-1.6648672694644764,-1.0268214227246246,-0.8328103808087297,-1.113019631317281,0
0.8069367980847724,2.772076125813875,1.1160277157941545,0.1267237598851545,-0.17921590049261305,0.6321989935362953,-3.0183994529260554,0.09105036370851072,0.4111812273348461,-0.8514777985762252,1
-0.3453785431798848,2.7921710140405493,0.6470767336059149,0.04621409349760963,-1.2405776494017156,2.0443192799399674,-2.7318632918418935,1.0672708584625001,-0.22686043337410045,1.412899583892464,1
0.7144239517742359,3.08313367304554,1.9589719440185294,-0.10228979354537238,-1.115557248224328,0.4447040834528788,-2.2256788616456538,-0.5232421677547434,-1.0068875021300283,0.6969460743757501,1
0.6134215518119053,2.4613950176430808,1.528908316634366,-0.7253622828607831,0.3221503519026707,1.663774392445177,-2.4815816313892447,0.6233351151049569,1.0908168677666819,-0.20664094394161037,1
0.20975864502316255,2.152492340070466,0.708794959531061,-0.06731814196662467,2.7761870135660676,0.7636770384457332,-2.2705039476031272,-1.4312408278329436,-0.622355033331597,-1.4010995192067242,1
0.4342759137892158,2.638687371743701,2.6557315126569585,-1.3538857089980176,1.8463493565526026,1.042826034463247,-2.7385325468450556,-0.9218277715601285,0.6428128143424221,1.5932310439745092,1
0.6944709696925879,2.2864649968099524,0.38262335349414345,-0.14192944801232765,0.2802420247081474,1.10609013746432,-1.7719756591424978,-0.8957155852101558,1.0645247914383096,-0.9523752203174296,1
0.9044449782527604,2.8824254292350084,2.7343020255621036,1.8947785451780361,-0.8407358968062877,0.3336569863026296,-2.0596427874389844,1.4950065637265093,0.516966881108675,1.1920947156065753,1
0.7492429477333276,2.8926512757294254,2.5854685731904765,2.555860637972942,-0.3337553295585538,0.37583155764187615,-2.157956811798281,0.22503566089402693,0.5938600708265964,1.4890062085036333,1
-0.28003583157532885,2.4449186032056063,1.5240110902223565,2.1720548216167725,1.0298364377139313,0.6684203042672134,-2.5529855383808453,-0.27244835511369847,-0.42592378163746214,1.3962896517285777,1
1.3593175415795087,2.2447225416942294,0.8156464137497864,0.09988600047533636,-0.7727678834835798,1.3901448556432208,-2.1591546866740945,-0.9017670223675986,0.6054834522015984,-2.5797765147243643,1
1.0235566601610593,2.4497957756140156,1.0285514836719898,-1.2712976123749802,-2.2734523223131387,1.2476683367570978,-2.5155143530258286,-0.5179532636402608,-2.064209483404872,-2.9712037231735633,1
-1.0428639547163305,2.907396462885325,0.7666350846081813,-0.6593048841360187,2.36786618682327,2.644588597239557,-1.8024624106418288,0.2323005407850045,-0.9659046171777639,-1.8501790949794839,1
0.550713881510652,2.920973114955682,0.6091220643468548,2.4798437000247286,0.1093410501586285,2.429690084150941,-2.0439881678914236,-1.0586596253766198,-2.2250717462267957,0.7838157519583073,1
-1.2893332757861677,2.4814191109907853,2.214687304946425,1.778797601029797,1.0499429363640118,2.1582276338145947,-1.6871342529406934,0.06295483966143745,-1.0741479010437418,-2.9861804009377746,0
-0.16375438971048006,2.1899795489869565,1.4292908571520788,0.43830403069137036,-1.3964828809644096,2.400808099899422,-2.8971454140360366,-1.3404288223712015,0.9063731601259222,-1.5716029704319665,1
-0.7222144909033985,2.3273023742972345,1.6189931228124566,-0.7790708956631848,2.2616114597800765,1.1106300566604743,-1.9360483371345096,-0.7865693813155166,-1.2185250694392606,0.8926849186047483,1
0.6135424171126793,2.9019436253007105,1.7733222933110002,0.4199687915310615,0.03562088906763439,2.2187482219442005,-1.673445072102504,-0.9589296214762136,-1.7133526932260206,0.571623328022369,0
-1.2971800145511714,3.1305570872782056,0.613148071006635,0.05669793631985054,-1.0834549624501892,1.0739325178861452,-2.4767018048788083,0.7772558938116585,-1.6684045245406023,-1.6990167596299524,1
-1.2217593208577728,2.474625639869401,2.6150477314360585,0.04319636030340801,1.7763350987332576,1.5337276963110114,-2.5102710261643724,1.302908496959535,-2.1836967329297057,1.5833505748593395,1
-0.029002939368410807,2.494199699144632,2.5286795982709926,-0.14619198113146026,2.8382879787877435,2.8096604802375507,-2.082376507512542,-0.6979701402963009,0.5154578051140977,-2.0717268851371022,1
0.7374101133263755,2.2732747521238403,0.7684493628355136,0.6097047939513955,1.6096074035638575,2.2802907313049485,-2.053949307174763,0.5254602347443946,-0.8482644484743966,-1.7953654165352042,1
-0.6756686906873198,2.466428660494077,1.7555682125737064,-0.7685417208493849,-2.118122492325756,2.1540180405892255,-1.6975712587440173,1.1628597815178174,-1.0719796699194053,-3.1040575627488836,0
1.211508437991796,2.7416995212762276,2.3041601154881834,0.30159375047787584,-0.46649934122502845,2.0538439228786745,-2.041991172616589,0.21358400084066598,-1.321025722541753,-1.3233444335849527,1
-1.2808231573532873,2.9224072244531607,1.1280245601088543,2.842358954146854,-0.9669650742025706,1.5696109913252014,-1.8399722360868696,-1.2260923500542926,0.502392035630288,-0.4803187400233262,1
-0.39639727223029975,2.885959961370454,0.7329287377694516,1.075348079613216,1.5446408375917913,1.0164371850684781,-2.1556181012933995,-1.1276594183469948,-1.8723242589335385,-1.3710643029425948,1
-0.27408306117176395,2.9170182737210535,1.6768918881639383,0.36999418871082446,-0.654178163751717,0.3035201571494663,-2.080769385428435,-1.207263451857556,-1.874819521920394,-2.48690919290231,1
0.3360626698575735,2.7473235537883367,0.36472437035846805,1.0493224178078742,-1.5708766762243784,1.3066384150699135,-2.952180185271563,0.8068193852070851,-2.158371807863304,-1.2413559949693183,1
0.5477710745109876,2.368269534564194,2.673303318708115,0.25580596883738727,-2.231983569495447,1.7457204433359952,-2.0046378673338845,1.0563102334234398,0.9141482963555334,1.7856657672152818,1
-1.1044910211171588,2.2243047562409832,1.0362970441220547,1.1161261116626693,0.8448534754873949,1.0228174552700775,-1.6118341060587627,0.25977520397827636,0.4880722925674128,1.4036413538980752,0
-1.2303665935229755,2.376186893814054,0.7925121493779134,2.5819284052373996,-0.48280799079463166,2.5411551182431187,-2.280695334818209,0.8062020999431161,0.8290870632732301,-0.7321327052375586,1
0.777480123575955,2.5671031640794717,0.5080511706769846,-1.4955177428143225,-1.240026737366981,2.234160607372397,-2.8433192880107754,0.6674882140569005,-1.9257343140914331,0.2625562982052596,1
0.9594870840783334,2.7664604273692723,2.723921231193923,-1.6684551307126305,-2.2606975603010215,1.6366879543723007,-1.6592634373953206,1.1204221330836048,0.4503033438111177,-2.5805731745394818,0
1.3132427606997354,2.1745164039652094,1.9803727559523823,0.06386121084267327,1.1938425392579792,0.5550627838928048,-1.8996399920279823,-0.8352652998221093,-0.4907490736449551,-0.3570378377786949,1
0.43567139080993034,2.722057389548926,1.6167509543064047,1.0269997837299818,2.207202249680396,1.9352360032674711,-2.479878151286281,0.9376393128868277,-1.5336394668875144,-2.238012760346047,1
1.560861271927184,2.357141289061191,0.5035920963556153,0.8990900161553297,2.040581347780151,0.4559091031512255,-2.4587358553078857,0.5653496196475094,-0.8025082677310513,-1.2615520493834071,1
-1.1101772503619298,3.071347649640557,1.8460341966630396,2.221522539351139,2.4579801278264943,2.7930715126761885,-1.6450577178584367,1.2328353088017325,0.5730775063237319,-0.29915758168663453,0
-0.6923283608610019,2.528682266783373,1.0084702403528536,0.4483031834704554,1.7975193149409252,1.5959941808107876,-2.528137248299437,0.009840423364495976,0.6652668002370326,-0.8606509171467462,1
-0.16345404196140367,2.904840385441757,2.3853256175556834,0.6597654069841665,1.0079554942522861,0.9354894491993575,-1.8940762414238097,-0.15921979639852046,0.19733019506549354,-2.5162553856191088,1
0.44223388533139274,2.5119379035870932,1.3820878913261168,1.4644597311022522,1.8769827965207861,1.231745485535767,-1.6611173229159928,-1.3708467581875188,-0.3412532548478697,-2.313903287716353,0
-0.637673584834154,3.0359067123987464,0.2813470446990832,2.562918214378329,-0.6031389632292934,2.162998494634589,-2.8895474237833123,1.3009887402621623,0.8498456077921528,-0.10791042998364553,1
-0.4113254556628394,2.934555062253651,2.0414247200711113,-1.1915630588335673,1.1846324239557937,2.079290944481298,-2.2461773207940827,-0.8155875375943055,-0.8967241852574073,2.1029958270477844,1
0.24510715829807772,2.6508322826731923,2.729533073543948,-0.6651994679783046,-0.23458679848703934,2.3352764253779044,-1.6819306460267238,-1.0587732993056074,-0.02711431986034274,-1.4301139938807583,0
-0.3009636515911054,2.234023275267799,2.571065196377702,-1.1399197402641206,0.5486141245969449,1.3716091312144179,-1.851239294466025,0.611859205364343,-0.09836559075424622,-2.9693281850986937,1
1.4643595008317085,3.0495260643941986,0.46470420667000867,2.340554781158275,-0.6022422425230629,0.4740640748444196,-2.9651285494547177,1.409607056887095,0.012516834615708294,-1.8371693650038372,1
0.6977291929058032,2.8492046270944433,2.1170721321842407,0.7986283752648542,1.9968644079384994,2.0166743988026288,-1.9688808192428033,0.1603915205287385,-1.1631170589031892,0.7103620354078459,1
0.5609209689212702,2.4790570788045296,0.6581964301522323,1.5246695688529597,2.156283715390666,2.545886201323448,-2.0760522396444516,0.7442488047021742,-1.1890935424274613,0.9812009828199044,1
-0.25995680687501976,2.873764084904929,1.0291203533205215,-1.71561747133559,0.8548961242779134,1.9079502359181737,-1.7300429385835123,-0.1405597817757922,0.5116889269525804,-0.47782782420725534,1
0.8319489711054451,2.752934997466846,1.296760569916204,1.4525308113969384,0.7037716659326732,1.6654659241367211,-3.1045536029765137,-0.7535583018899041,0.8525944648987536,-1.3100373674062633,1
-0.8381946061292399,2.91287693750767,0.8327517016234528,2.940091187877721,-0.11503633289294646,1.0899707241229755,-2.919951258183614,-0.19494420900404896,-1.9488846422059112,-3.112514526605994,1
-0.5201374628331954,2.4537195060410864,1.3319559926733202,-0.6493646160336752,-2.011207782131886,0.48389750638584916,-2.103557562510583,0.46923460649535653,-1.767239919372575,-1.1460048530796827,1
1.328406672013044,2.4050994344219263,0.6750541157777474,1.3826536663170534,0.2580402318237276,0.4196280660680867,-2.7908899283834887,0.7699573963667332,1.0829941560890441,1.9843152887168052,1
0.2786264282948987,2.8275080317159897,1.2802836014667969,2.4351963589344896,0.5862729304327177,1.1677303436977,-2.2433477200607106,0.5840370495674942,-0.4700140574974925,1.2938540817551405,1
-0.955259002929423,2.9562753716296117,0.29070216583440256,1.0181642251792535,-0.2403349653526261,1.1837763786815605,-2.6653282482965777,1.2735372201234145,-1.645458545043016,1.2568798990934424,1
-0.8286733109204614,2.878217473117875,2.037998590425465,-1.5881865611463741,2.3261517545031394,2.4145001429075865,-2.7313025366167847,-0.3379174872959514,-0.27370120798754494,2.2850888329939507,1
-0.9796497450875633,2.2167285649645874,2.0199424985186827,-0.3622713060995111,0.8800360499521274,1.345551609669175,-2.064893958045518,-0.7920844721354913,-1.7876845708287483,-2.107904458982418,1
0.5382747235268375,2.9236304308699443,2.3413668821574345,-0.6577081636887063,2.331669303756426,1.9311604511746427,-2.8467403349753293,-0.028323307617802218,-1.049265866759339,-0.2735931302744157,1
0.25597891615987534,2.243337590752051,1.6044802590325358,1.385995307630901,-0.4272075200134329,1.6386600849182416,-2.4227021562487945,0.5928762652053685,-0.21646539090757955,-0.12936233066604608,1
1.3971676373628705,2.806518125144707,0.9547516101735486,1.2743217332090957,2.7530923130764826,0.35593053372626776,-1.9194267987725824,0.5409389396984332,0.530208814318188,0.35893037311889087,1
1.3742819734202274,2.811142462444997,0.29556012438653834,0.6560431810945895,2.445914293261353,0.9170657502669564,-1.91368800357535,-0.7644381965880108,-0.5488058591980154,-2.88007097408189,1
-0.6666677609662869,2.4699365977804084,1.9288069773189862,0.47369406759090094,0.23847854204763896,2.4608667215328675,-2.9049363826045576,-0.444292330438083,-1.0126184221174577,-0.8551818112672849,1
0.19058079835673536,2.837087964641074,2.624971874473872,-0.47955705171337915,-1.7938760409995347,1.4452555742435766,-2.9380543553795753,-1.447961904417311,0.7846632618488583,1.222693272618049,1
-0.0027392829795001017,2.5926679660673164,0.3546061000609777,0.7809036524660651,0.8138564585683175,2.689434153895665,-2.833797851605259,-1.393780339301163,-1.6570365726753884,-2.266926060385833,1
1.3790821083615081,2.934367591444791,2.322669950746441,2.209181450061314,-1.8368641197249105,2.1801526921543073,-1.5853219850471665,-0.44206588591432605,-0.5895082416997299,0.47769237948041043,0
1.2511149296195452,2.254637784852127,2.4919256732265422,2.5949323271045994,2.551610648168806,0.3055995007250771,-2.296164682315631,-0.5175936771079184,-1.1700881843615236,-2.806409638305765,1
0.8336702929942414,2.1731919599108953,1.371942524576899,2.713324060541618,-0.010407906134289657,2.7438837948611794,-2.0503157061446045,1.1197029176279696,-1.906809412244944,-1.1843805024688427,1
-0.4893977399036913,2.987277790039528,2.561513651818033,-1.6421584042796664,-1.8229680964686428,2.021691138722198,-2.7161176823618214,-1.0485034023962325,-1.3826004089746302,-1.9129987084674944,1
0.09599473070285325,2.162132322197821,2.1070890758713157,-0.3319182147190878,-0.08143853260496003,1.7093930016441554,-1.887257352855329,1.5213662773336976,0.0684068530858517,1.612895011507288,1
-0.05931195477783535,2.5751478462204904,0.8476138310265635,0.8183140907212878,0.8001631478499136,1.421415677360981,-2.436071407505124,0.9359725741248079,-2.2268913666980223,-1.3971073963919685,1
0.2677882003589702,3.095920812694967,0.6988947445109188,-1.4843673206558716,-0.7732279110756044,0.7140968775637255,-2.17279530968069,0.5000899240511412,1.0952594882451185,1.532998926659746,1
-0.012036890290439306,3.0613165707240495,1.8288953974190187,2.930658166796481,-0.8686593544006189,2.9724264300868817,-2.390442616144215,0.3148200046222569,0.9387331930680047,-1.1163805798072275,1
-0.8843409066731535,2.203940580688325,0.6262529336231862,-0.07389866608917606,-0.11111674088248424,1.750787507057975,-3.102880303935791,0.9059668791386428,0.614950890920094,0.01249575371738354,1
0.8135922815474008,2.8981299619930834,2.519561848553538,-1.3059610280613445,0.6854218449548628,2.7362017424455556,-1.784409002992283,0.9183641698545604,-0.16574479373786488,1.2283396095864059,1
-0.6823643574758529,2.7742334368563246,2.3619448708581063,0.719627013247758,-1.3145110114770193,1.770225418100114,-2.007496789713572,1.4346433223595814,0.05989494744281698,-0.7734661494858788,1
1.1892058206832452,2.932612153416535,2.2724802402168813,0.730024643183464,-1.303059188615714,2.239950278411337,-2.122456616112024,0.7259617188157235,-2.0937889849385543,-0.25418005371172114,1
0.5944374129404091,2.561948433290216,1.2988499441920087,-1.1675597398525288,-0.7438734491152839,1.4868728225676375,-1.8693182187613553,0.28723885096095936,1.0014771205118635,-2.592436138275151,1
-0.6160517814926206,2.6054561098340865,1.8632462892567851,1.5615613522766258,1.8223305786573816,1.6255811140323244,-1.7550952086117528,1.4341898769461519,-1.4509215770859776,1.249522841518242,1
0.674873008176287,2.284161645441869,2.578022067340275,2.279397585395415,1.787817287277914,0.6333878389629912,-2.9981792576458948,-0.29448768201349806,-1.9071970501334845,-2.5211565647389915,1
-0.29280232867225564,2.150087579569338,2.06340904920338,0.7965125023061264,-1.9294090840318852,1.7538294446199856,-1.7589288730580854,0.597900499066162,-0.6073786234131437,-0.4103465254585634,1
-0.48315977771408525,2.7635624294360475,1.224686503641684,1.016504186151995,-0.4898042482622633,2.214534301034997,-3.0649861057543735,0.30932339290017463,0.08275792848289543,1.1412602506059701,1
-1.3315047269548765,2.7518074927029184,2.2364783405179924,-1.205865718217615,2.435230878593452,1.4076400572014172,-2.7649412081318876,-0.6192404315608696,1.1254012097185195,0.04895345156607345,1
0.6514401303960877,2.3952429928471894,0.9804132709602075,2.2578154485986044,-0.2329596559691196,2.5034206710266464,-2.5012918880834203,0.984469477904552,-1.6912776565509882,-0.2615593742251443,1
-1.2859799819684528,2.4869773132141235,2.7280154473603093,1.991717494315648,1.6875724041031024,0.6558099300411089,-2.2995047414846637,-0.8809074259636245,-2.2015486800021233,-0.7699513173103041,1
1.348191508216022,2.2266850710098987,2.5272346929996834,-0.8300559195101096,-1.3414361576589287,0.8179619515743586,-1.964491579994768,1.4532153225437814,0.30450634261390164,-1.1389610446980858,1
1.1763025382386751,2.7239167287672945,1.758046343493541,1.7945820225146472,1.7567470703881973,2.1255477286956657,-2.798002380466251,-1.5140790649952345,-1.379190820951213,2.3004528857616955,1
-0.3386844498027284,2.264164247618611,1.045779359844619,0.9533286653383959,-0.26898897615570805,2.5202154594184347,-3.0563318031579323,0.7011253744597401,-0.42389301416038405,1.1608992847690458,1
1.2321592729870328,2.537809367832015,2.5729339488514547,-1.5760983269276263,1.2428803875937597,2.394687511650012,-2.0831302765201825,0.47271147852757234,0.08539163433364472,-1.269175315608466,1
-1.0645684632870864,2.3010999978958186,2.18309730554985,-0.8636153722726235,0.2220900212014758,2.9011455912924933,-2.3463929660210274,-0.5671906861873819,-0.46024826647971606,-2.226185102968603,1
-0.14947331588311985,2.288948687385737,0.4621454757437341,-1.2318188020167393,0.8714386893194654,0.8129002474819891,-3.090309216277648,1.3152274503145935,-1.8565271681656648,0.7136409389768974,1
-0.24086557729055147,2.721072860843127,0.3109640564364045,-1.745256463427388,1.9878693122485585,1.5706552754247654,-2.6988644586273165,1.4970318567437226,-0.5355880317082828,-2.400037944470261,1
0.16087245305311826,2.6709821586634086,1.7655775464065329,2.0672131721102045,-0.1559210137225442,2.6811768502028177,-1.8272923305071511,-0.11275853765178567,-0.02235299899988652,0.23243001256017815,1
-1.5005990484787872,3.1225137841191812,2.6186921557530627,-0.4217999950288356,0.6168792981893532,2.3637750481787076,-2.954279012729007,0.15011786452796727,-2.2107770865396517,0.577343926321845,1
-1.2470059087330507,2.812734798055015,1.726901387616359,1.2692237133038144,-1.3406385992766392,1.6194953056944354,-2.1185029368314887,-0.3393539072471481,-1.6516531658993057,-1.9238876002919865,1
1.128983118233993,2.6070789902231706,1.91176744613549,0.6773820070431622,2.0773306683758364,1.6595082890206079,-1.945339033050669,1.0267241201768618,-2.230280463905731,1.401151589242677,1
0.5240859188930616,2.9003421345883704,2.0471851664793412,2.1341131985294295,2.887432673049262,2.049225393332507,-1.7259870625918827,0.19050621440464743,-0.24897382212491115,1.0692873594456018,1
0.208190312421491,2.446852544828866,2.0590198163573517,0.3625175057067458,-0.82475792174679,2.5535559261467693,-2.724250282411786,-0.28673961617522403,-1.1464954737503599,-0.018001039618903203,1
-0.22246701371712008,2.3044941910150514,1.7847423811580023,1.4971526167460851,-2.343174900687523,1.7357827950262736,-2.1406266996847054,1.5540573742519859,-1.111690353479094,-1.4051894025045188,1
-0.15287608816738962,2.952830372858183,1.4296891564649867,2.930111546997421,-0.3500168705043558,2.1723178377499917,-2.5769271107893656,0.3019852630786031,0.7773385461194762,-0.345576016142211,1
-0.0002068787799862637,3.082990264219121,2.5960149217603172,2.9458651450326947,-1.5143902188333924,0.30219586195326864,-1.8549276973004953,0.5907840968386002,-2.0254741794695894,-1.0996727597118592,1
0.269964036041936,2.356276135785496,2.0876541112291847,-0.6652934662515289,2.1120195443804066,1.2288103031333226,-2.7219088151724646,1.004706634096194,-1.2570176497946504,-0.7421255868603405,1
1.0915743545678218,2.6904829458626964,0.39187187408704754,1.6097149033802074,-1.3767078607586076,1.5992076422276864,-2.4152497450827264,-0.35298290355891937,-2.169280519017484,-1.6524216068454123,1
-1.3785269796655448,2.5577269738631023,1.812020273776959,1.3322964806231452,-2.0016310497540246,0.6121932520352722,-2.823614259496171,-0.1598475518258704,0.5884726722007874,-2.0196699054437826,1
-1.1623200471640918,2.5050450612885813,1.8515068359570415,0.5412958356005615,-1.8211826781379885,0.4842457844887378,-2.8962178770496187,0.2124671781399068,0.025064982615712328,-1.52939978391626,1
-0.558329559294723,2.3535563818781786,2.7216692745213953,-1.6697307560271368,-1.6692819499765286,2.540668155002202,-2.7362004259483994,0.34605565292624263,-1.372709355532041,0.6664037924461477,1
-0.2588782128174487,2.981342664148877,2.1285333111756124,0.7536672344460755,-1.0236620958914422,2.4227357437642536,-2.361293574007668,0.39328816413982404,-2.09813772877223,0.6717181259119531,1
0.6503986734243945,3.0833450860913167,0.9137221070063016,1.9546849950929381,1.3086315570674554,2.6547442104954744,-2.765653616721656,-0.15223643087989602,-1.0400515282818803,-2.2791756040158506,1
-0.40750326536723147,2.9559274479386017,0.5828057074902129,1.256404246547167,2.8905415451167915,2.698528386889592,-2.4153544760567884,-1.2323140352526902,-1.8755555378679203,-0.4157503544322969,1
0.11606507547590961,2.9237247290895776,0.9617046399590976,-1.2442971355899162,1.3564257181438886,1.6167648720106147,-2.178857869463742,-1.1787335005046438,0.6326668458718658,-0.36659244887605746,1
0.8950360799388344,2.8620674940433704,0.9202591190607099,-0.28952157676145607,2.4222087113353226,0.913582252024518,-2.374482949809894,-0.01453797071167906,0.3195235763749098,-1.9205611021391156,1
0.30911942769901857,2.706306862772588,0.7631998352313957,0.5668744585180936,2.316482007898946,2.12196114861642,-1.9687036576971555,0.33946562547268755,-0.06438706410714223,-0.06421977228003106,1
1.3756460343388945,2.669253102482143,1.2631287204483272,2.1812319942876215,2.6397780875628056,1.5799985351957009,-2.252329694617036,-0.799809210849991,0.2704581675097981,-1.0994846145641501,1
0.7868821553418877,2.6732718876607047,1.008803092742736,1.2167666636880403,-0.2822325638123653,2.407700152379792,-2.1574407529689767,-0.26248781379832664,-1.222206905624599,2.100748565744032,1
0.8219378265457897,2.3846340773663175,2.709324576956301,0.6053513273171869,0.42787483800247283,2.7375151832245113,-1.5992092441343773,1.5474477436462044,1.0869509706372233,-1.3439611356360681,0
-0.8144526232073374,2.17385334224466,1.1217342640300307,1.0902499266522598,-0.7251665134519492,1.8507033319924622,-1.574243275914242,0.8637191032023408,0.2949379091038642,-2.570246239816813,0
0.6842516849354512,2.9044318717976303,1.6800456511202377,2.423999365976764,2.7156728489745143,0.3858205784709501,-2.5737698386542833,0.5754982848303312,-0.8729913388028905,0.263193530259219,1
0.6762839183792457,2.9809476506088863,2.0230035588177544,1.912582354292537,0.8314750374626225,0.6072738977747251,-2.400772575049297,-0.4255483123002284,0.18336321768509478,-2.545459166934761,1
-0.2026737350155836,2.3996995127704857,1.6758574755507138,0.09210261777490447,-1.2759236101303688,0.3044108631421305,-2.2933508708462673,1.256034849369393,0.9177166235109873,-1.8976994592213925,1
0.05500701767448857,2.7085492409822702,1.8820322496484738,-0.1993294301404409,-1.8164731238208585,2.7693376759061823,-2.402510991443606,1.1080773778783797,-0.28050029342014415,-2.981479972797276,1
-1.3894599895370638,2.2210395395931313,2.106742512778623,-0.6761306436029375,-1.3661353204271447,0.3150091770860389,-1.7960281551366766,-1.4242928189964328,-0.41418508797160425,0.02237971292303298,1
-0.11379146352508385,2.602120333792919,2.142879111585045,-0.3828200250972529,-1.0837878970109223,2.5891461002378184,-1.7701183089171475,0.19008691245682519,-1.3293363018368773,-2.394094246341392,1
-1.4198826827186333,2.9930644310426606,1.7418569417368492,-1.529703482812746,-1.5031988350450871,1.0441106691046962,-2.9808411201831078,1.3628893428588709,-0.9030286723924341,1.6779943942932811,1
0.6984567202432754,3.0511552645143736,2.4181895577084034,2.5900113230650037,2.8505532598036787,1.1304864570942506,-1.815226160840584,1.3441008513946848,-0.11720163803517014,0.5789208621379207,1
-1.263283748485406,2.961918850623426,2.2179953818060216,1.211838779793157,-0.034896895605706746,0.7056550147440628,-1.747539562040552,-0.5120766967306429,-0.19662705212542475,-1.4472089939017732,1
-0.7679550475558262,2.5836980888309125,1.7100458526147553,-0.01630231894614198,2.7635865120525382,0.30845630545188507,-2.3227682389034645,-1.3833333361870987,-1.5310572628629182,2.3013106632836435,1
0.7254323399186733,2.7861817273593283,2.074979788157523,0.17582684058907394,1.8127553749921104,0.7089096662101468,-2.479450314752897,0.151529432801482,0.671902620430592,0.8994641287381255,1
0.4871370378597444,2.663359868597645,1.2444289639643538,2.3278505535620324,1.0879401798130073,1.4616757882665958,-2.5125760695173853,1.0471689893199903,0.5187287096561533,1.2874370997492037,1
-0.8262781431986852,2.1822283649949927,2.0438910755778963,-0.8048823130935543,2.935412052279041,0.31728633448614757,-1.5966289717483262,0.46694464827490534,0.41402897605877387,0.020393517677084638,0
1.0992198842013625,3.1027904021927,1.7838510772880727,-0.6548671371214831,-1.8526864328395067,2.621234049105951,-2.0376135174064998,0.9941147272382505,0.7427051167710434,0.28861520718511846,1
0.33996456357766447,3.091059312866321,2.1500907235702718,1.4697284870289007,-0.034217019144070715,1.5936584659796524,-1.5719565249344858,-1.0215133005405561,-0.08272706590116563,1.121750881813281,0
-1.4205705686372583,2.9931250866132055,1.3006952740874145,1.7232458274546487,-2.1316074092139976,2.695459356990757,-1.7479090937080053,0.9977601012065735,-1.2325766145147656,-1.4414232926828627,1
-0.593727143528582,2.275140580836473,1.4165945944498146,0.38846210221906885,-0.16038464021658028,2.182618742009182,-2.252898916268572,1.1408755864258888,0.6525624594757979,-0.8184232178421165,1
0.4992768038779718,3.070228306382487,2.1787070735031673,0.7898868045431837,0.5450021802697034,2.5762614369660852,-2.3707305171881474,-1.1722833487193294,-0.12265729955865012,1.5878788103082866,1
0.9590497943447636,2.2688606224630514,1.3460158489294651,0.6931178073434263,-0.9772966884661995,2.1191924644107294,-2.5094045599031327,0.7436313280067692,-1.1181061097370681,1.53846933763317,1
1.1544008997743322,2.9532640879323164,2.546336060782351,2.735582302047008,0.26305889363205637,0.5525555572137151,-2.9231676749397497,-0.18649017604488227,-0.9680767292950097,2.1876182267291386,1
-0.484121339038464,3.0480713461802758,1.7398461329230381,-1.572933868310355,2.2162388346586566,2.341535528488365,-2.701306133396424,0.7987937679245307,-1.523758842645523,-1.9686403099377052,1
-1.4455043248841062,2.2981427540662764,1.0969744109393407,0.7989494146356444,-1.6504336088730114,1.791435003153051,-2.287978525060219,0.08351069829291569,0.982107174070082,2.2794292267044534,1
0.9843061609621047,2.1988695821586526,2.0813527734112975,-0.9057926246118411,0.6732632079563565,2.695030453211231,-2.818823918250987,-1.0080102619261317,0.15872473970781487,-1.4961029996861739,1
-1.2412933552661514,2.956225625228301,1.4021605853828931,-1.4032991558823693,-1.7971773674421343,2.8919307053639103,-2.8239382994890936,0.37954842184829407,0.06519791371981531,-1.4989467290102843,1
-0.34421351729373595,2.9180942018428104,1.345318404760173,-1.3936189019702911,-1.1256794145518798,2.6053308162784417,-2.2808222118692987,0.7998399634685669,-1.4321307663579308,-0.5481479400394207,1
0.914140403404716,2.2258922333238838,2.749409201456368,2.3001311535179347,-0.6584536935527285,2.632835173563524,-2.1303474923917305,0.03455962959189662,-1.7957052041219,1.8073057746277192,1
-0.13730285899735928,2.9441595055878897,1.004203541943923,-0.2960839287799353,2.7693414103918252,1.6276943005524525,-3.019307435862134,-1.2309016200019485,-1.4949077724820126,1.6590829401130462,1
1.310452458574423,2.2171566107541776,1.7143544385835332,2.8730611333220164,2.590354302094412,1.7045303925752688,-2.244463652867176,-0.9854498527543691,-1.5773129565683082,0.4261748354464441,1
-0.5013417130496245,2.481106735344876,1.3065939152908186,2.2644380146660392,-1.0804592994831326,0.9667658733327564,-1.7512329055357365,-0.4377551019110595,1.0877402448745883,-0.7705331874236512,1
-0.9299128806551578,3.1058443127344386,0.3204085894975306,0.5328221954705867,1.9208401975471583,2.3700653803973792,-2.3409301022363245,-1.309863417121453,-0.13713510294269593,0.5478437883500242,1
-0.7095645356791466,2.9516305902177162,1.6561384506438963,1.666394326500542,2.6362221025588832,2.5922995171824037,-1.793823593409508,-0.8295056473725514,-2.0899945518850642,-0.0017301147819259732,1
-1.428915717678056,2.8555431302057968,2.1019112611841626,0.9033438837351428,-1.4525045248925736,2.6466649057151312,-2.081079846727895,0.62348451233818,-0.3251221241066513,-2.687333933981602,1
0.763767042769639,2.2052229579579214,1.704210523204915,-0.9489342479998137,-1.2428795329078801,0.919622834628304,-2.5695183883448873,0.4382892522851989,0.48819545483515814,-2.9691372790468815,1
-1.3591118353463267,2.9239049594611375,0.26941480982440746,0.4614540244488219,-1.7750493725290144,1.8829931949951055,-2.754152927871209,0.9758027813242773,1.012144350026877,1.5865838717158032,1
1.5260638717052375,2.9072957668819437,2.4035691804875534,1.0524391798561656,2.2530701230516152,0.5923632450826868,-2.9125416987582753,0.5726783232568875,-2.0701864863217048,-1.547555732004189,1
-0.8648642363136788,2.5479920377936844,0.7502448847283893,-0.45217909684040447,-0.7747180900425361,1.9049786041479817,-2.6280231733457198,0.08807081027565711,-1.185869418207708,-0.6875333395238443,1
-1.4178095479574109,3.1392151859701594,1.006382933309212,-0.39329070313604975,0.5972007793953074,2.5883611397924136,-2.8552615848834906,-0.4838194504923874,-0.33102070736064615,-0.5025360398468073,1
-0.22199726618377236,3.123959267525483,2.752377383708458,0.898791780132838,-1.9833137947965847,1.8165567521519808,-2.344325967421,0.08803507318882753,-1.535219642613065,-2.1017123569850025,1
-1.063192762939598,2.960637698619929,1.4824762509000387,-0.15472173906611442,-0.6221926436051077,1.0329521300592404,-3.124031589666712,-1.347052116180996,-1.437210258536454,0.7396893606019321,1
0.4376790889918485,2.8567133430777565,2.3156162425815676,-1.2690075854607699,-2.3332107230086363,0.42853179324157153,-2.7871622184860407,-0.43680558163067484,-1.1378996494179558,1.1262868691886658,1
0.7288153214761519,3.1181654611289833,1.434124726422909,-0.9639166255050846,1.712165494565694,2.493702800013435,-2.2431860485860824,0.9692815116755262,-1.0001587408814627,0.6299741761378135,1
-0.7165724844497949,2.5890613381685412,0.8610424301130929,-1.0182129711748955,-2.15319037770754,2.0974853873379535,-2.4670242045241513,0.0020779282068543736,-0.8006376871998053,-3.120629272951688,1
-0.25374195434379954,2.424725166934691,1.6936974586218951,2.5295384799271323,0.3389831511224304,2.108529348457292,-2.4717570640234254,-1.4189884813131963,-1.084747378737804,-2.5220852735026282,1
-0.1671066544769515,3.0278194014835047,1.4595814002861744,0.4010095081998828,-1.2342846127715084,1.1265102726099636,-1.6237105000067955,1.5567140221849047,0.23782257797068418,-2.90985435963996,0
-1.1375590971683702,2.4547381757363493,2.5150891186363964,-0.7135044167818294,1.5081759178215837,0.7429319392614872,-2.212704497814554,0.6297142783597007,-0.1383060769608333,-1.5765759271310587,1
-1.0326063849056122,3.0270232568158058,1.6817586868751988,-0.7476110297116939,-0.15300460567208107,0.472953992160686,-1.7946802800244301,1.140471160010961,-1.8197068297861991,-0.7131771431806309,1
0.4503451604243047,3.0688290536285026,2.017476777437084,0.6187836450898554,1.737711196708804,1.0451080047154746,-2.410034020603165,-0.23626265043581052,-2.026522017209044,0.2692628981280021,1
-0.9380357437126746,2.830203500211913,1.8507189564036945,-1.4457730629014496,-0.2634214440145217,1.94043868077262,-1.9543921989401003,1.3318084239880654,-1.1401765211184063,1.4295050192024648,1
-0.43576150504161926,2.1516889133530968,1.7835775639021225,-0.6082132156257758,-1.6844996640779446,0.9871047296246862,-2.724551975555615,-1.2992286426054362,1.0293727085059237,-1.4861714681990263,1
-0.11994925720111604,2.9434611725046125,1.050338360444683,0.06688401791183862,-1.0861376499746291,1.8312064160404233,-2.7628043697728124,-0.7827975124578963,-2.1925946232886604,0.8789673402251075,1
0.3791062038561628,2.3626969481374887,1.0421676067623389,2.7582012677162,0.9964842244905201,1.8933305183313165,-3.1019008281780365,-1.0034396537970567,-1.1078141799285366,-1.6058511395006927,1
-0.36591097043219367,2.941891631155909,0.5559688369753136,-0.7721657322188803,-1.1339934758801038,2.0032744839665657,-2.096262798141532,1.237890311337382,-1.326629933526392,0.9813334199050856,1
-1.4375708709131647,2.8799748284278124,0.7801681777949824,2.502529215497443,-0.1510742945579202,2.0191869644629343,-1.963180339739773,0.07724326055707476,0.13204202613164373,-0.13437818132251556,1
0.8570758200479016,2.705469697763135,1.6814756441681868,2.2930563771407693,-0.09278919588974865,2.6986086113842633,-2.7473722690276947,0.47715579101266115,0.40291249918640926,-3.0769423701856984,1
-1.0012683856690994,2.2161610737547224,1.5378263813339619,1.2099428468812805,-2.2887564503661153,0.7266393390182723,-2.954408309484088,0.49451640293052246,-1.9420378232016289,-2.1960389928094664,1
1.0949248272691943,2.841998936598543,0.9955950225238767,-0.505924377127313,-1.9186757990150247,1.2305108200750272,-2.803314266980042,-0.390730891814556,0.27813429532092826,-0.5232274436171478,1
-1.1172348127663572,2.7977897772169396,2.6019207839351965,-1.3781191504869856,2.1540810102128676,0.7767758658504897,-3.1122896970175375,-0.6696240762625579,-0.21369199919808723,-1.8422757118469424,1
0.14646041778835817,2.742051183984924,1.8049505244202297,1.4674563078040994,-1.9778776032474568,2.1834068143632672,-2.0562475772904456,-1.392118311398564,-1.849568666585071,-0.5218024090439668,1
-0.3347692069083006,3.1075009767364294,1.8357980446487567,-1.3303078664400738,1.3711212887139026,0.8144739293440137,-3.0981249605553716,-1.5532858363930804,0.39192876281574174,2.0158502173478765,1
1.33497618307265,2.3146105741174745,0.4039874244335341,2.1531855112796063,-0.816122959764132,1.8593210983898716,-1.712051627600909,-0.012007070225955818,-0.9875339856900429,1.5981638917617835,0
0.4827985185497714,3.0778487030036317,1.8380827065733507,-0.31694599903126797,1.9235246141524254,2.3336102979397144,-2.872478997120843,-0.09091288457946778,-0.547669210463195,-1.371525143884119,1
-0.7013223947581188,3.1365442604591025,2.705449716481924,0.7468215797050668,2.718439950754842,1.249998522232122,-1.8293452712440736,-0.34596630382903726,0.1886047015078729,0.7822767805230888,1
0.4388410660901254,2.993027261213843,1.2363711305445961,2.2503787663211594,-1.3716054904988924,0.830121651562232,-2.1051605100049047,0.3536314434117429,0.8252367754429053,-1.6398914221700642,1
-1.3619590130906225,2.649803923589821,2.449621954856589,2.8257336024180866,2.202941501472351,1.609674417790392,-3.13910344144702,0.8985123777793877,0.8900859856444043,-0.04431958612085385,1
-0.3267083360690579,2.723622176403838,2.2203591885387652,-0.6154927792058265,-1.8037632151045515,2.2633324895937283,-1.8394074734146928,1.1365435617733304,-1.7858286660907325,0.37368030077786196,1
-1.1738443368799283,2.4468226719196995,0.33165389311603155,0.5485156335036661,-0.6404943154035951,0.5547551752269445,-1.9651408484814008,0.8596100069065156,-1.2823308935220332,-2.358649188590743,1
0.1560875267003612,2.894395777940928,2.336162884502159,0.47603211705447945,1.4251094113162526,2.5327047201611794,-2.1108477916408788,0.9316179464241647,-2.0698672529010267,-1.5560533998064385,1
-0.5427339132487511,2.537875967000234,2.6392736279935294,-0.7625167458048426,0.5266243818589271,2.9571361902300346,-2.2805377307099963,0.903357425671856,1.0241978113074919,-1.303425867847196,1
-1.387425269981566,2.5740543581617445,0.8564325048085635,2.1076883860550675,-1.177930835467281,2.4964854507617043,-2.254105972513197,-0.27358249912543364,-2.130857743600486,1.9855889826887494,1
-1.3072235622595847,3.0131869390690706,2.339151740081844,1.051621381886405,-2.153016338390491,1.962321780256047,-2.0967156259654693,-1.4646053440742195,-0.10538868335931495,2.147064445824707,1
1.55604498417914,2.662766333773181,0.48277562564177523,-1.114976615736587,1.4742875521914547,2.9322587414266015,-2.693246082338307,-0.7134909531722449,-1.0624971468143745,-1.0373674402061468,1
1.5594247076472953,2.828067429989374,0.5482053014998596,-0.15928523400291206,-2.086378275845983,2.0481210466069,-1.8542523467337573,-0.8130358934480612,-1.122727297393172,1.7906147377427621,1
1.0320702732539688,2.71622873968861,1.4688415742805931,2.9263623545946196,1.4840648166515438,2.853419945378902,-1.9709995540923928,-1.1482083661286726,-2.168947039635755,1.5999042163563115,1
0.620246986643699,2.3215456004993733,2.6977561643355945,2.7520073103588203,-1.1533272345594676,2.0318557667170216,-2.553697129902157,0.37798173694900705,0.09138774156646123,-1.9312086300669118,1
1.2634844631022242,2.9792718264693456,2.5248104515263807,1.8192046631151495,-1.469711645757862,1.2618232905171543,-2.0261063697075175,1.069032929776206,0.16443243788618522,-1.3041573682851977,1
-0.9840687750905583,2.6604453878449115,1.9749101254768253,0.688236402410566,1.0583050223745771,1.4701453238720523,-1.8337140707184996,0.9867228032406172,-0.30101277611250477,-0.7623316649657719,1
0.12791532570655373,2.195503338640691,1.9259408209531748,-0.7835195788824474,2.215252205541147,2.4762968325240666,-2.6543246781677463,-1.0508105199853,0.02960433265394391,-2.368545346872808,1
