theta1,theta2,theta3,theta4,theta5,theta6,theta7,theta8,theta9,theta10,d_min
0.8602219924657251,1.3780783008214443,0.7611434194615085,-1.572870764513375,-0.7335384058939016,0.71500709992912,-1.6614788561971956,0.9358525068292465,-1.6535499525742128,-1.3985536653061492,1
-0.4056942039096949,2.91004206498461,0.3626058422703436,-0.9845399069295955,2.613304063359612,0.5699246287859747,-1.6252476960400088,0.45732330740336447,-1.3635875264467439,0.8198231745706677,0
0.8103955038680739,1.1132115399277867,1.0350746578254404,2.94322196991239,-1.2064649333649453,0.6399304527826735,-1.581250467875943,-1.1556680012236806,0.7461156109172737,0.41229812111094777,0
0.7685531695505456,3.0379805598434197,2.0747440203135223,-1.2252832988084061,2.9536678045946774,2.824534572400126,-1.5856561876653887,0.022250947613339678,-0.47909624115381355,-0.2112552921366424,0
-0.19734297474088147,2.6146095356216095,1.8181272040281948,1.354092022827261,-0.5833296472047449,1.5594758145349044,-1.6250633156917849,-0.474094869400709,1.0308800426660047,0.7125868979860113,0
-0.9422882442281599,0.02311752701815731,1.985132798330277,0.1962899587090341,2.105653595386011,0.7576923645332481,-1.7193086159592776,-0.5770138525385863,0.25389869262913,2.1668359284725365,0
0.5287853000220808,1.4792420872894363,2.2926758942814023,-1.4144180252412477,0.6894344474496479,2.7772466499196615,-1.6613885194037836,0.8866090808950939,-1.5174019580031515,-2.5631086790692414,1
-0.8962041273466783,1.2827799412953576,1.0337120875922858,2.019682210728847,-1.4469638917981391,2.296800624942153,-1.637067024269001,-1.1221841380153348,0.19211423059430466,0.7579916461700176,0
0.5159445166279968,1.2760547449218216,0.5844220656315454,2.7588668818048374,1.132218267928422,2.4679574555349744,-1.615879279760409,0.5523739213562526,-1.7174092519797153,-0.4260368025906258,0
-1.0917399974806512,2.1864459777440914,0.6287599756719591,1.237758922544459,2.2606056095239078,2.0678941234330157,-1.7159205563623723,0.9130463004280112,-1.7964024391322344,-1.8699224111548207,0
1.282943368821886,2.1970804001657536,2.6033374628312136,2.050075781775376,1.1106035168241726,1.0575210782797528,-1.6719115221743919,0.8537820997227892,0.6820028329532981,-1.176737285344952,0
-0.13886244992246133,0.6354209654570232,1.0709909642844968,2.3043891244419568,-2.2880625909012844,1.464773351930972,-1.5786541892172852,-0.18155658419508724,-0.7277398651529858,-1.4340743115483159,0
0.2640676223859897,2.040518328882135,0.47940639126014783,-1.1491826467959134,-1.4770731321651542,1.1045001866044963,-1.7197340911253665,0.8611327639940536,-1.8503197010208596,-1.0475330136723136,0
-1.0343380787941778,2.904877171703143,1.466283401561296,2.229650064986265,0.6082890989705754,0.858035773767482,-1.6100443962240745,0.17334709353783184,-1.0310793239614513,-2.8871711279243457,0
-0.04189284116817649,1.5408199622731957,1.059512342289533,-1.0970922873396471,0.40469912195416446,2.767931927720078,-1.7201180187583727,-1.4263455458750425,-0.8425349186101065,0.5516103525435252,1
1.0245566419702834,2.813944823576868,0.36299846850488837,-0.14486734283496316,-0.4815202133879479,1.2069124101971351,-1.6475653974817077,0.45284915598249076,-1.1833448324580857,0.9257995994080548,0
-1.2316934296984847,2.876277193732089,1.1938853309714057,0.7918250819718229,-1.7726510305989156,2.855644746079009,-1.5841993739399085,0.5444998792999922,0.7925235977801841,-2.3389027039040404,0
-0.6565179882400275,1.6172793857875838,2.4798585795552146,-0.853977613340639,-1.177986377335632,2.138587588610742,-1.7079424492921718,0.30390759028479253,-1.3543483924013593,0.4695249958611334,1
1.227088421358568,2.8054224486512904,0.786217118628992,-1.5140063031869286,-2.107286384743435,0.5313414502271474,-1.6336164247777427,-0.6790151220229644,-1.440340433902459,-1.9423148045569214,0
1.371593292676067,0.7566476055178502,1.0174840885012197,0.47311550470384756,-2.341368947920204,2.76825421359323,-1.7063983102419653,0.1762372414835942,-0.11453113322071706,1.2784898580331396,0
0.8710511920772974,3.051534977831438,1.3097578989110719,0.55417555228891,1.3752323777766402,1.8206135340776186,-1.6439540594327329,-1.044037792116525,-1.3887826818897167,-1.182161426740868,0
0.6099840479186633,1.8247061529536335,0.2592866014383831,0.9132447485190789,1.3877763013966047,1.8037371474524777,-1.6164017009508702,-1.5699663056207214,-2.0715767405767935,0.6744692680977522,0
-0.6250211078078493,1.5341539024038147,1.9166343979393274,1.583131466865189,1.5762592908655737,2.2398311380321223,-1.6096660506627256,-1.3806058054923525,-2.0584149038006863,-1.1678382273223409,0
-1.1293336652193144,1.3160189626531942,1.092522697574396,-0.4508266282650739,1.7981191441190019,0.9628551253955977,-1.5971249808437995,-1.1167684601705594,-1.0404014866740698,-0.9496308451135134,0
1.034405850731792,2.502005657341008,0.84351388490705,-0.15657099451433987,-0.6814614829745795,2.4042861938146296,-1.7142304631110277,-0.5747971243278206,-2.1469357569620886,1.9424873789621064,0
0.4770634203211188,2.7239205837023004,2.5370274906464827,-0.25933939976771514,1.3218128110503908,1.1166630961182196,-1.5869250540780269,-0.5190068028394526,-0.9839883185726912,1.851946495270425,0
-1.1110160132349274,2.589445558032912,0.4192359417053631,-0.600353970245908,-0.7491305405734519,1.433320602047106,-1.6497691852991043,-0.8242096198077323,0.44081845561124045,-1.9208107085134678,0
-1.3960584152242232,0.5483742187385775,1.767744036876731,-0.07890757219500655,-1.3478811606421113,0.6537440805100851,-1.6087324661049411,-0.3696321533436493,-2.116677054116587,2.2329812003473335,0
-1.4334883052798333,0.5699050061330856,1.3522809437565921,2.7503199656585746,-1.2862192354061308,0.790274545522422,-1.5866035447565572,0.7116360799536514,-0.5607974462321057,-2.4530508402967057,0
1.0470598588960776,0.16316026070042738,2.375951033079836,-0.10951196493112403,-2.0191977811194124,2.08216950074888,-1.609440679075892,-0.4850738256207252,-0.27183022539398705,2.252270239728339,0
0.8760485533753253,0.42249393441728184,1.7859735898844546,0.8383910144322111,2.2628516096380444,1.9189478941024662,-1.6445064539921987,-1.2552415025616355,0.1409800176888143,-2.4185303245807632,0
-0.0694653595654382,1.309032617387939,1.6892926548014862,2.955545597869448,1.4317579034986556,2.573732657844556,-1.668958183565681,-0.2678402138268883,1.0725825427260136,-0.8605419907638203,0
1.3073327813498785,1.5100587448622467,0.8145275175460203,0.9857221024494014,-1.187968478363064,0.3007396054820425,-1.6856869012187725,-1.0758029566662384,-1.0010571648072737,1.71283872538431,1
0.737564529654313,0.6355504224147557,1.647040236539725,-1.7095171925178536,-1.3433999552901283,2.796008882048887,-1.629928947311875,0.808431159541487,-1.2100240167461842,0.7733173248488963,1
-1.1385390996813012,3.0108839721545126,0.29796387247934175,2.735256252049396,-0.26822584946111405,2.545243974473306,-1.6389313924839286,-0.12523144961820232,-1.0407301725132119,1.3844855707595882,0
0.36476029807574095,0.5378546948513568,1.6584904871081547,1.74846985022825,0.15603322283801946,2.121298658232745,-1.6479275232668722,0.11700343894404708,0.041084341972486005,0.7344288479675942,0
1.3540817800669196,0.37596346789352564,0.7375051438561073,1.4525966625785736,-1.9350064954275996,0.8811844997430041,-1.6014677739382763,-0.45678620306435636,-0.5641495058096648,2.252409069625124,0
0.8243509418018482,0.8494797144579518,0.5319053383681939,-0.5948817421651671,1.5038054082676027,2.3781212734915838,-1.6357858583037936,-0.9174128859686924,-0.48270303939167203,-3.0583132347613082,0
0.16639822489410583,2.9394795586727716,0.30705095892970935,2.098973433570052,1.7025992582169849,1.1211513716878272,-1.625204718539047,-0.0309602051182567,-1.7837774441020424,-2.0845650592883613,0
0.43041199573239175,0.3828340699722535,1.6989294571110816,0.9264089335369237,1.0838225225873446,1.476939013225531,-1.7132002810994322,-0.5554657726706125,0.8181950538927514,1.2560056444813719,0
-0.6219479908705764,2.88390755191884,1.5223953023336785,1.005999863327947,-1.2310940525739813,0.8328388752619391,-1.6030006584194405,0.14906722009582984,-0.051560240525271084,-1.6819180848620594,0
0.520250071374526,2.0413925488546227,0.5785285047117902,0.6932013655466296,-0.7024113477161855,2.8884586358647755,-1.6500182905078,-1.3561844279639648,-2.2145500545219123,0.8208054912300717,0
0.49068478348831923,0.11355091095334612,1.3161805464895047,-0.5028512003824517,0.9242605642364938,1.598212341309548,-1.7045281906343956,0.4379160804218014,-0.8122424440601652,0.1959112868717936,0
1.3432776507409605,2.424420373187755,0.9623485361854871,0.5808371989005554,-0.7657581854801787,2.970691509636643,-1.6864520418182845,0.7657334817993575,0.8790775621880056,-0.840815450499858,0
1.102551653252476,0.4873687962650254,2.73578196802777,1.166301848848946,0.543719417400248,0.38915494363520065,-1.5930368754366744,-1.3555670151609456,-2.114433398179924,-1.6389347154143605,0
-1.4370192680382754,2.7762175336918062,2.235597617382903,-0.8154198543436303,-0.3716373622214888,2.3899981036716476,-1.6415991676828448,-1.12352754068104,-0.9146742989374106,0.2783840824874346,0
0.22737729087012126,0.45570899964825606,0.2929903489790756,1.5719591594527613,-1.0141055780130415,2.6102069451675556,-1.6632803241054752,-1.0592450861088423,-0.6675895014113213,-1.7463032550681907,0
-0.30133201307399493,1.488889810575421,2.1785342909734364,2.1834001920870434,-0.23600217482541197,0.472180535293959,-1.6481272373758311,-0.46008351555197624,-1.5988773685305349,1.7540601314105362,0
-0.28642103639389105,0.6833535738284606,2.2498244120619915,1.2929712529829236,-0.9580742559031574,1.9999915307841802,-1.701925197422527,-1.3924095961517284,1.1386398471278745,0.33536692909557075,0
0.634286848686566,2.0345582341118,2.6372541146192505,0.3190051814491768,2.4288287727247457,2.6280838424390964,-1.6692960709691307,0.2108779485963992,-0.00581191918648738,1.071771181259121,0
0.7432558618341718,2.7833050643124424,0.6816808688194518,1.1557499292924756,1.764472520326457,2.3249676025479116,-1.6330314568614492,-1.353129367891265,-2.216453129162034,1.1314618882886749,0
-1.343734278190957,2.643858682663914,0.6609697131339386,0.17171899921113298,2.528074638971849,0.7538821451278994,-1.7120867402522046,0.10202672248041567,-0.23251657887548527,2.05926469107435,0
1.1195607940241128,1.1689013398214614,0.300425768733593,0.5150387342399516,2.405811935015829,1.458317693771706,-1.5757312152331624,0.09952072408008439,-1.8996801868234656,-0.35874424992011233,0
0.5892682543815304,2.2149759876198,1.1174784448702213,1.6287657672445497,-1.5112342013052613,1.2289892273593765,-1.616948209432407,0.41437618231065865,-0.4938045382689489,2.085626203728801,0
1.5358776284265214,1.745744004009328,0.6546589265657972,1.8915615614270815,-1.0550512323120422,2.5582247476767037,-1.6325071885366345,-0.5616343888102071,-0.36364415860979404,-0.23020477821529317,1
-0.09631342664213993,0.4731131377735742,2.5822059777025017,-1.5978766244896845,1.7332174529735838,2.7647998004322307,-1.6617417337752771,-1.383043019093721,0.4896810846625437,1.4630851496689137,1
-1.3058778494913905,0.7651158057349405,2.2842711847783197,-0.8417188064740401,0.9899766389722493,1.4501983572613935,-1.6949951384246493,0.5574057117020075,-1.1599801166130619,1.963122935294772,1
-0.5072466424463964,2.651663662121766,1.3149222344405558,0.13994719771985298,1.991673464372031,2.1138201186313372,-1.6042637755799383,-0.49257213633435204,-1.3773414011451615,-2.6656084119183427,0
-0.0037147502111363195,1.668630668754374,1.530593220752791,0.46307417534781425,-0.05861351266874282,2.131020797533965,-1.629238452641429,0.9171936493845119,-1.7984748602684646,-0.007874824816095138,1
1.342225839702644,1.4073710107265764,1.7994055000379248,0.27032250941651226,1.9082972588425875,1.5157135809068933,-1.6869147596666134,-0.36101249951186265,-2.032431177371561,1.763432753587098,1
-0.07063155680891908,2.390898248397784,2.447495405419599,1.979273987964938,-0.05482524504190067,0.6115139496794944,-1.6648738499818911,0.8200421693043716,0.9860468248031857,1.0535251589712922,0
0.16674593957140416,2.0538815657746,2.4607447914080622,-1.0775838181213144,0.752322590721977,1.3093963060425324,-1.6756769565516758,0.16321710672877865,1.0220605640130023,1.1068425254695797,0
0.8708574204416208,1.5376571893050845,2.530761154790386,0.97484551854809,0.288558987199957,2.1281614022015805,-1.6854964674834454,-1.4069200345106898,0.663051221015516,0.1764003666498679,1
1.3335632350704503,2.5829109045387355,2.7372740976641277,1.2398341588566009,1.0278012549013926,0.48658869863504595,-1.5746947146594321,0.7143632073517974,-0.3932045567797484,-1.4503536502083902,0
0.751814811016241,2.5147367992148246,2.225663755528877,2.8519965640593314,1.0317407058563206,1.156101730655295,-1.6460147830764094,0.5187103973483527,-1.3639191021033326,-1.8762245623952527,0
-0.3097435492823619,2.812293527544808,2.3020969781372256,-1.0692663557192428,-0.5644766712347637,1.0132928542262916,-1.6157433784111912,0.3728953416077918,-0.7086413946822676,-0.5293680478567753,0
-0.7070493406290895,2.7837907452196693,2.743258732280609,1.9150425289065618,-1.161200657800262,1.9676441179130444,-1.6767449764055082,-1.4927872666323907,-1.6578409614066358,-2.579712136826963,0
-1.1403811869869735,1.8050978590163256,0.9874061067697922,1.8167860628900225,2.6854563547337875,1.8363294627316735,-1.64791013539947,0.3493500914876284,-1.9421841556467445,-0.8014320937693733,0
-1.359096659818012,0.6342141783427742,2.296191128971768,2.2460329528286693,1.3551488101187403,1.7188111958922616,-1.5960594216921815,0.6644673518804509,-0.6244998230548666,2.242933764717914,0
-0.6765416521488687,2.816569948147205,0.4262632876439101,-0.6890347670079875,1.7713543238950384,0.5914008937845181,-1.6502733510046017,-0.022364948198032586,0.7429086794558284,1.486289987098202,0
-0.8120917264922785,1.012625970109609,0.6094120742696534,1.4055830715792936,-1.3828766898114762,1.8014948398570783,-1.5729253625710575,-0.16192260604197983,-0.05716467144068815,0.5604005701454344,0
1.553363491655978,2.1182360777141356,1.5011894444242841,-0.9173382101973531,0.9142049739989302,1.0876417128876852,-1.6445466169413676,0.39138957148964093,-2.2154864095156084,-0.060323384514670675,0
0.039978681902349544,1.359533627604789,0.33947463761167634,-0.9479664853313884,2.8856300062281903,2.9767721280054737,-1.6124155961417177,-0.0044421207532832074,0.39461473584642937,1.756295803887563,0
-0.5885303600502465,0.16001591528514222,2.033066729000688,2.887546046435445,-0.9760066003134185,1.5384631984738726,-1.666704358003389,-0.5709109852828526,0.2034997668534042,-1.0734437599416906,0
-1.5647853779011265,0.3519009649359103,0.3217368826464869,2.106206715427414,1.7525853100215762,1.681010352034633,-1.6461828720912417,0.5678623396063063,-0.8159321690974835,-2.269138272419269,0
-0.7525055736761149,1.0126199846386716,1.9619355493247574,-0.903686426998793,1.0737029781536451,1.5451872642589757,-1.5942756622086454,-0.3290339179042079,0.919761062555374,1.7776757606102085,1
0.6642922506138824,0.4724255962904686,0.791089468022307,2.1285826200278,1.025739529922737,1.0832323236166312,-1.6836842136538774,-0.4708398331073762,0.4761240680797463,1.2080276281045363,0
-0.8112538265592707,1.7873258383523252,1.3137801390800268,1.010017561536511,-1.5512211541170329,1.1938905052094346,-1.5873208443467108,-0.3506580760802904,0.2816657405241143,-0.4925094455378436,0
-0.7716126610119461,2.885012158034418,0.9033954850842522,-0.5699422937040621,2.9000703313966216,2.6285752650121035,-1.6097044433793009,-1.2190883250881615,-2.1719932391256744,-2.182030655705518,0
-0.8906431169922395,1.3000419344982024,1.5653656481008618,2.813098520859751,-1.5668298890303434,1.7956775870949153,-1.6936618354235202,-0.7859412566238927,0.9552678570492663,1.6018751871219945,0
0.7491424134761815,0.9958609573481334,1.7446733128901313,-1.4566610494028267,0.5718341092446666,1.8637977447441891,-1.6773490144212555,-0.8199863529439846,-1.4885521170530014,1.969950872267399,1
-1.557416121137314,0.05206057795832874,1.0093514317672851,1.5609285532799353,-1.8060875424065244,0.4851851663990171,-1.6087159600377234,0.289325002025427,-1.3650919443064176,-1.2010055814457856,0
-1.4113681533919038,1.8669422919173142,0.7120740036176736,0.278131257518778,-0.8485570750118043,2.037228810136641,-1.6168435299900947,-0.22313102917856087,-0.17525469929246373,-0.7729859028317803,0
0.34781821835921334,1.73811823788138,1.0377588354786211,1.4751314928824573,-0.5965503615828518,0.5037165011139992,-1.6691663024078147,0.25050137598463107,-1.856623737819326,0.817383973317444,0
-1.5308445832645905,2.4995296668145883,0.8654149060602481,2.043844327732847,-1.207152870925866,2.7275766386808398,-1.6144144392814224,-1.4299881464985102,0.471189200806319,-0.37424616273533795,0
-1.009692867879451,0.6265618577043998,1.77510352700575,1.6640437875494758,2.405147703492215,1.0263166433308968,-1.6259012251060296,0.18614455385731676,0.04333091140061418,-0.4476063792877918,0
0.7589895290319675,2.2957669666897775,1.0054235363527164,-0.766385384956133,0.5492791451749928,1.0119782219858244,-1.7163704703360856,-1.4380331669073647,0.11280208564239258,2.174580578249192,0
0.764905146438027,0.0726598969873118,2.3058944561230317,-0.5152012788170313,2.9333167094812698,1.8067358601714207,-1.6861809967634473,-0.30087280298073504,-1.123203889022347,1.1168816255538672,0
-0.285300470258137,1.8895727334246046,2.1785107538101007,2.3076656321407194,2.399938249339515,0.9102777082815319,-1.6425206974255413,0.6046956304443449,-0.9788315058747539,-2.8100998768690424,0
-0.5040398517840456,2.998380950427236,2.4363734729805056,0.4372094392273844,1.2792031816011122,2.8789141047589637,-1.6761043880621203,0.3776809905345768,-2.197634460702899,-2.571396839979171,0
-0.09917174648513916,0.8146410971432375,1.2639180408701705,0.49917665562820934,-1.0434343006224254,0.47059871516801766,-1.6188236614061413,-1.50945770457526,0.5061888197282012,1.9343351659698933,0
0.8314831551867157,2.7528719034109046,1.9015889436604039,1.323581812203765,2.594517761297576,2.8847923194401726,-1.6567970263151037,0.008920230777664129,0.48328682836281445,-3.134330377130072,0
-1.265489429464795,2.6558024474987274,2.052670506161138,-0.010066120920088961,-0.7767624736698975,0.7822274453364464,-1.6369476274605588,0.7822213088861487,0.8035055844463233,-1.174140583158469,0
-0.6404568104625192,1.1657332804571903,2.0721862738689087,0.6324505260959685,-0.2817942648941356,0.625388792951503,-1.602530455700752,0.009906014398594731,-0.9805715767847885,1.8777193410876163,0
-0.7393449929848832,2.657942603253385,1.4432101125535812,0.39378605696240765,2.623850157370458,2.872656862410178,-1.5759399079147816,0.5253124204285011,-0.6866334488734538,-1.9915056098272084,0
0.0968702380637374,0.7799961081381457,1.1649332924480613,1.8152684760929017,2.5484014335579124,2.9011531267548616,-1.5779222408522953,-0.1497743560872251,-0.5853348117331161,2.2537393740190166,0
0.1148235626320604,1.3645280859507478,2.670123040425827,1.4975514217713468,0.4987932974482727,0.6475710304150961,-1.643696418772382,0.845978271911141,-0.2038014272635773,-0.9302269972404593,1
-0.7750003367624712,0.0943713773101014,2.543775249015503,0.13720528014438216,0.87912323312429,1.0431384883796746,-1.6531068053652203,-1.0073863889224173,-0.44926084297973956,0.017906703814277503,0
1.5342162413514704,2.56948670773013,0.6314425255353617,-1.0887461013918545,1.4271695905294344,0.888396729989041,-1.7035400773955434,0.985812576214008,-1.382567957271219,1.7535326538772966,0
0.38530545926297366,2.3576331560988595,1.6603591163378277,-0.8945682004254341,2.145832781596753,2.5183097761663333,-1.6684589464976556,0.384464458492098,-0.4095029184461354,1.8245332475004914,0
-1.3751218454639127,1.4389428104246538,2.459500887267847,2.8120907614797668,1.5898611973198435,0.6149470527609622,-1.5991636830274762,0.08672994345113394,-1.1113636479831206,1.6879007892777307,1
0.5022470855459356,1.8830434200882098,1.9344606402513644,-0.3877796025778104,2.8240904176389856,1.8275457831254716,-1.6431642416940724,-0.5375400823938952,-1.807272281789972,0.6075715071945487,0
1.2324113456182044,2.353802463417804,2.674929760582363,1.866666960119645,-1.058468894895198,2.2172566243417817,-1.718310144204215,0.5445106220456439,-0.5793598054868272,1.9757576951690674,0
0.1941114403978179,2.2601171599676553,2.750133446113873,0.7516747110954736,2.2313309459065733,2.7416523119364657,-1.642904818697828,-0.4039649687412392,-0.3756643487095601,1.4897067556561168,0
-1.281987647754719,2.09591835868082,2.106451497758507,-0.40256203418500336,0.8944517596877617,2.4559901352305245,-1.5871862018937433,-0.42187008633482415,-1.005062840964714,-1.755840554356139,0
0.527046358782677,0.40619920285898176,2.441180984317993,0.22529566635183018,-0.6620187313981223,2.279493969237034,-1.6887621103712689,-0.9142390653095149,0.9407422886274648,-2.69441931180754,0
1.4221765510446762,1.915589916265726,0.8303389633120807,-0.423086710099015,-1.1679158531267784,1.2205099552545169,-1.5853664356217,-0.4656976362369507,-0.8398401088298397,-1.028790003925041,1
1.1778379058326867,1.916114175520392,2.440923979878242,-0.2059417701381412,2.725998155484553,1.139977765650126,-1.7088546913662488,-0.23936904728991215,-1.4927234334994148,0.9722562105319246,0
-0.8031962975951109,2.8657895627023833,0.7380356124663906,1.5890018585372832,-0.6936195523737083,2.9771787545835386,-1.6106109227199763,-0.0593143221105481,0.704315679388491,0.07837114833596948,0
-0.8156894928921301,2.024732270288172,1.954537886382478,0.017483754311280242,-2.1154028887815546,2.4862914147371793,-1.713548335742186,0.15021404405956518,-1.7372398572970762,-0.7776351386810716,0
-1.5464279170080004,1.0554481011822334,1.9270227243863425,1.1372346603102401,2.254372209710376,0.7569382385314416,-1.6003125800192102,-0.41827508153378457,-0.8026705074565446,-1.1642097395709863,0
-1.086554350706253,1.3275930441969317,0.5204267024957001,0.2547339597412024,1.1119113005857604,1.6318136844395197,-1.6962951192390203,-0.6410597619661115,-0.7534619431688214,0.5128842143948864,0
0.5132432276993326,0.35119267947532634,1.9501604206341483,-1.3821432853074496,2.7151614656868714,1.1399278848153034,-1.6677615456570019,-0.999812270065961,-1.984870556201905,1.1746331498908735,0
1.56818479496395,1.6216825242759125,0.7086832427443972,2.8418231795805893,1.7959274336648132,2.792303561982748,-1.5909353641657225,0.7489412432010021,-0.6294851713947665,-2.2086327085527833,1
-0.4605196374850111,2.472636566342917,2.052490744954527,-1.6245481828799704,-1.5908924262357285,2.128293795066999,-1.7027126148822096,-1.4464356615645355,-1.9005117866594612,0.6319355785971772,0
-1.118126694313327,2.760275968129135,0.830438069113788,1.7879458511981015,-1.2818312050937282,0.3876966687583847,-1.584252479904681,0.6722355869343974,-1.6406697627639522,-1.6909011007957044,0
-1.460607580121065,2.048088884302786,0.8799109325125326,2.6374441217034814,2.042952046953461,1.8743075456354628,-1.720048773492878,0.6910445418352358,0.22536406346831273,1.1629494133501406,0
-0.33132803367231123,2.316684326174011,2.272022398178201,2.755951016621431,0.7328865531539437,1.6582905206440821,-1.6569960975776499,0.2243844969481017,0.8888887571797559,0.1354047574068411,0
0.7896811451941834,0.373378492826636,1.8064385573068114,2.3228831090030315,-1.9940661424757624,1.361329908585914,-1.5790770176320137,-0.28635927982836895,-1.5174942967063392,-1.208598345149458,0
-0.16098934738807302,1.2337630748288122,1.9110617440995348,1.0409896180558187,1.0893410527038299,1.9344961976934407,-1.718877853806844,-1.1236019795405823,-1.7068195695326247,-2.6050636707396717,1
0.20856084354228432,1.7298535330598652,1.929641860410951,-0.905959297971875,-1.716678132249728,0.7295062410887485,-1.6444287190155231,0.0815958288996399,0.5146237203114774,-2.4378912636032837,0
0.8098384008211819,2.5955600618259003,1.0365384608574637,-1.3702578042692966,-1.5171990976175573,0.5387251419974007,-1.5870763436111626,-0.6061335981971017,-0.47718095272305616,1.0579885534472644,0
-1.5666481598285737,0.6665502159599329,0.44481937694073076,0.5174792978927156,-1.8321769844634181,0.9600252909065317,-1.6769896395370132,0.2660813798762578,0.0409493068665201,0.9399817903780714,0
-0.8943402176658238,1.8393219609858285,0.3889426342047493,2.1400800574088454,1.5798582007339026,1.8833414798177706,-1.6549581693330762,0.36727423669708514,0.2669372163947772,-2.390836531283302,0
1.1312851227274743,1.0060472192955467,1.5088110346764478,1.2899846238008288,2.011404079121342,1.5375079748143885,-1.6855412430564878,-0.31454944646569394,-1.4159346249905957,-0.2525051243992773,0
-1.256530480464879,0.33724528274613247,0.8550127756984539,-0.8043479942270523,0.16954887142972197,0.42836546195189207,-1.6866794001823355,-0.6649753835120465,-0.5999428361669106,-1.6685421312302249,0
-1.4312901767553337,1.259971987544396,1.617205036822477,-0.39566849673946636,-2.0152369569861674,0.659980863143337,-1.6364325850529882,0.17940551904939417,-2.10516899979942,-2.1266683135379205,0
1.478578047633617,1.1954996142218355,2.6581360954564475,-0.7865363220217012,-2.012378121999948,1.2415560989310845,-1.701047250406154,-1.246114778573536,-0.8755093685656155,-1.466725223447458,1
-0.4437674346023588,1.2832218449314783,1.5117068681719876,-1.3825665614890514,2.22900907428315,1.0579513403026268,-1.575847027901222,0.8135275108041966,-0.7839301334256243,-1.8917416556969926,0
-0.11989175804779051,2.068485706824441,0.6628830753867524,0.8501568191339364,0.25020330862988205,2.577570135928344,-1.6109873510710857,0.6717777397450064,0.2492204265410476,0.3670699708094127,0
-0.8963476261611489,1.7667913692050519,2.6600383541405628,2.2487979147411954,1.7656334173934933,1.8451638619649735,-1.682074850534097,0.6699854736777715,-2.2386983693944886,-1.89789632641506,0
-0.3375979344080766,2.90104725771265,1.6602597344265606,-0.9180731262289584,-1.788294983792905,0.8902540308249736,-1.6686068173041422,-1.5340408345772427,0.1040218442186136,-1.7871016404249533,0
-0.011249105140572091,1.4624783627217806,1.537135341404387,2.300306089889596,-1.5519475813961185,1.2085249914089478,-1.6166274664438918,-1.4568251012774862,0.5766725486861226,2.1127555169783476,0
0.86321081661737,1.5592941035773242,1.289207397096609,0.20751988743210936,-1.7806058615408857,0.387888973695809,-1.684383586644064,-0.34661240438619845,-0.5310239985718122,-1.9517691681359812,0
-1.2525266389622631,2.546423513033355,1.071194285048307,-0.8244664858087715,1.3487390711234437,1.681222123317764,-1.609954831674175,-1.4235191323301017,-0.8139498019729439,2.140790443684384,0
0.9255167534311755,2.6304309347073094,0.3537450044297268,-1.0552927331593072,0.10775386082691796,0.716020778432888,-1.642861409888821,0.7909931720573351,-1.5870936153392792,-2.5546290146406228,0
0.5285585260967827,1.182944784727112,2.4678727418573696,-0.30493172005185465,0.9823243979509142,2.7745992113051763,-1.6954069448253497,0.4788238309060542,-0.10541900222836542,1.2996952398654504,1
-1.2660161311823896,2.9745841585909583,0.5757451278588978,2.7721691681260765,-2.0114697998612887,0.4686312070136892,-1.585419360157005,-0.8004400169347035,-0.2239804033811006,-1.570027863814021,0
-0.21642023701687374,0.11272250206310698,1.404193976561005,0.7649169748438327,-0.5753611189509029,0.9692092439388127,-1.7001744635807603,0.23681121895041524,-1.6975031451395197,-1.544628400360879,0
1.368644680314793,2.6296738354936195,2.015929249535324,0.26828188972345757,2.2732616353932302,2.1199619743922913,-1.594453440493629,0.26293458224087285,-1.7650411706763798,2.2006932443185536,0
-0.1726495877584644,0.198187916010155,0.6671008389712194,-0.9328252149169545,0.9123567088843605,1.4113990097621065,-1.6190755325247224,-0.6170693355479447,-0.5132800926496974,-2.113516516354493,0
1.0362602225593485,3.0643182767551944,2.309800573384055,0.8679361280269489,2.676331896742142,2.307327075054129,-1.6050097290160443,-0.2674723966242716,0.5267527658333284,2.0048322063578055,0
0.6431923343555883,1.5164265429414014,1.886531046666861,-1.1786673528095961,-1.9344534731262368,2.1552162881429315,-1.5950138224691317,-1.1635723438848333,-2.02103166365802,1.7015120663061212,0
1.3523492940301083,1.9223739669850108,2.0623320854025255,2.2434459278640024,0.38308531724755035,1.7439975589169345,-1.6704006704740575,-0.9598443124658387,0.3197768714340121,1.49814385007067,0
-0.8278282328956701,0.154229401375126,0.9245495106786091,-1.5072781678055422,-0.8539839005014136,0.36155590067160265,-1.6020355173822454,-0.9151601292431735,0.09611482922802983,-0.17351922426241462,0
0.9438325689158893,1.9398571727075313,1.1743147327615007,-1.3296730843587752,1.6295577403059314,0.3498662776089995,-1.687644935489167,-1.433747536775653,0.8109643936491873,-3.111071378818993,0
0.850227890909262,1.6970968134161708,1.890860663087707,-0.38200151190954656,2.2870517123778145,2.266627176549845,-1.655951781421828,-0.6539183846177298,0.5282454446111813,0.9944860852383637,1
1.3711428324564976,0.5900172381745369,0.34995401820424477,-1.3608863311482748,-2.057970302538051,0.35823488955704674,-1.6982568485854488,0.6231684115943883,0.4673130497641669,1.4778795990871232,0
-0.24565456307627764,0.20983286976259352,0.5634313582084212,1.5435251307013869,-0.8595418157522139,1.688428548396307,-1.5768550901024005,0.6576432465211168,-1.4744119342548907,0.8830239601597998,0
-1.3805612296769438,2.581750534734554,0.3230603879376905,-0.9442787945071766,1.3396480950161256,1.26921992547718,-1.7189883211738113,0.958053095040545,-0.44270964591333595,-0.9889266023088243,0
0.5396221522481712,3.0162430622708025,1.4327277858048821,1.138788185850042,2.350290147264694,1.1036514330966998,-1.6476739965408196,-1.5606761084503504,0.6792143648467013,-1.4693862132544224,0
-1.1581727687600107,0.6235527034883074,1.7192837579434412,-1.166386246617635,-0.9364030652463164,1.2421253367562393,-1.5721105371750954,-0.4681684922265783,-1.4849271627002052,-0.028563881036239636,0
-0.6552255158264176,1.6622888516425427,2.4134226448185285,-1.6715317865498749,2.4184355341030663,2.4212301003057553,-1.709922250324566,0.2815033631584818,0.37376907034659723,0.14934197044527142,1
-0.6018337395880691,0.39964726275318324,0.4016853006195259,1.6767959699307027,-1.7842298034795057,0.9427135584888298,-1.6458771615367724,-1.1499544767598802,0.43871898843065127,1.2692831327941678,0
1.0065492394891626,0.7559646436128061,1.3263868895202091,2.239691621849387,-0.41859830132558384,2.1630655864444863,-1.63218900760819,-0.6815974571674138,-1.3258994002090083,0.4247850465017433,0
-1.1590043611294456,1.3779001436581189,1.6993288820321015,-1.2206846926417738,1.3851202205377877,1.4514937462830841,-1.6905036965434816,0.8890875991791416,0.19747761878417114,0.09847900758573047,0
1.566325061227688,1.926441762051673,1.3605192914465423,-0.8539344307030582,-1.5307440853295715,1.4537968550013385,-1.652366557969898,0.30632640144798207,-0.7564749417191756,0.0993832642023782,1
-0.290882102110267,1.7840454830548846,1.0619421051042148,2.4986586317929937,1.9285188604263475,0.4754141713621937,-1.6708096954780642,-1.0095348699811837,0.0075430378834524525,-0.10737953862147265,0
1.2242828822071197,0.9870525398579012,1.0890106108225548,0.05563405548255207,2.244324007372601,2.906035721057374,-1.6038599546014969,-1.0145805873248974,-1.8887010277375977,-1.9974810037313355,0
-0.9571174363694213,0.181948381849728,2.514135960101356,1.4106346917645256,-0.13498274326841297,1.0286470458820804,-1.663769186616107,-0.3519295400797995,0.17745625038214108,-2.652084532704683,0
1.297715476824204,0.4397739707250006,0.9111409005470483,2.9298348214681935,-1.3355984065863125,0.5644870448242632,-1.6247461745590368,-0.5641007872629733,-1.960243997733516,-3.119561709993174,0
-0.7754708852207937,2.4359840114124642,0.8319259895719094,1.913302932748648,2.201257813037709,0.6819341352026154,-1.6703765433468625,-1.194960846264859,-1.2905411133705815,-1.8336478603295314,0
-0.9168860485554339,1.6293919774094445,1.4963068371407044,1.4255610000288756,2.014413516976452,1.1022949926725185,-1.6897256032604557,0.9335682395547631,-1.1755605245711827,0.5248622621961379,0
-0.06463038510950181,2.706097271942284,0.825787281939745,-1.079741227820413,0.23755533593163358,1.6660530229338844,-1.6043127351156607,0.24625053714199074,0.8587127792627105,2.1621000990206496,0
0.7993596540049428,0.3070543119786913,1.2692675258151016,1.1192773158757068,0.7844293484944176,0.780349024520385,-1.6331430183114066,-0.675272630250244,-1.1110181466961484,1.4147103250275044,0
-0.7346630599679711,0.8607819961822303,1.6652639319815905,0.9037462781895362,-1.21415443635866,1.9040175079566133,-1.6707393422677532,0.10600015473393465,-1.7751256945629252,2.289101355705507,1
-1.061503469416158,2.007246068718374,1.0087923502023548,0.07939481359088241,1.478831950968063,2.0544308959330793,-1.6151038010983156,0.7046818708170088,-0.7076359999679285,0.5164139968553463,0
-0.6097872817608985,1.9433974368848714,1.4442422505378865,1.9091222021508263,-2.3158715843876947,0.872463992667053,-1.6765207780710705,0.8489805290511498,-0.5332104716420802,-1.1501878530728737,0
0.7685807133446081,2.576388663716017,2.4307701196489435,2.7827738723720774,2.130531324384984,2.5550942828246543,-1.6912707453606954,-0.8825335297820429,-0.22731711532702237,0.4433222414703253,0
0.9008389377530868,2.8673027760902325,0.754286846868824,-0.5077915408604301,-0.7176587738596385,2.5667464393952604,-1.6105630442783476,-0.21213539683206228,0.541515448638175,1.2995942217656515,0
1.312080389404805,3.0903417319367192,0.7700489796338461,0.6225176343943803,-1.7170409229541823,1.439886182684767,-1.6426176004021993,-1.3655129309146157,-0.6859233294135072,0.41892760093150505,0
0.9036695510060604,1.201939131130003,0.4916593989856627,-0.09209514417944176,2.1226926968181683,2.6306291222409883,-1.6745260191834854,0.26942887883267685,-0.29144461944340083,2.230702508926298,0
-1.4932243596304733,0.691295778218221,1.7397286573269064,-0.2976606642384818,-2.0948876403076664,0.43266694510715975,-1.6527233406334978,0.20183239638814898,0.13055451100345516,-2.15168067197595,0
1.397765623286226,0.15976550647134594,2.673099151146271,-1.1893653175327286,2.089666715979459,2.734343228890519,-1.5968472868956298,0.4995814908171703,-1.034089664947129,0.7557361183023588,0
-0.7985028069957597,0.7245433985390612,2.7452519925358883,-0.37865775561398696,-0.15398531610395327,2.7196199716755145,-1.6776455962135934,-1.1793348252817943,-1.2104373736137837,1.006781398269331,0
0.4409791260054339,0.6328198227320833,1.8129639951939298,0.9239327937096062,1.2010433130076081,2.0964964552095062,-1.5761367076450046,-0.6833358588513584,-1.2456064715208748,0.03420932159142076,0
-0.5270080302111619,0.531082981182167,0.42623667483606803,-1.0478166198991792,2.6139686182365187,0.47617964988779937,-1.6320527929363016,0.36073081219878067,-2.2350985935589818,-1.923519463476816,0
0.2519542805728414,2.4316700223477037,1.10981168035263,1.3084174852507844,-1.1437883109223568,0.3611043453751337,-1.721164178641869,-0.6859385590533025,-1.0328771860794708,2.04055236989709,0
-1.0370977099905194,2.501235231580451,1.7027675457738387,1.544982179177695,1.0417009417770946,0.3144827342460391,-1.6257374988656337,-0.7451061130797136,0.3803929158384358,-2.111291891247152,0
0.8321766322590547,0.9660695644301543,1.8897215838123005,-0.917452676323238,1.2030373505643803,2.2737041555565614,-1.6473043275099426,-0.6991064688233204,-1.7034416319152283,-1.556456709383075,1
0.3464531208011645,1.9579356006782223,2.016292080828511,1.7370369550081506,1.2295185759227722,2.103168561263805,-1.628924431403378,-0.24351389917264799,-1.5959981535529355,1.4627494541182986,0
-0.8717647064040144,1.3846226638458354,2.5949585850847874,2.950560175087629,0.2332079002696963,2.2397716639510112,-1.623930869078653,-0.9629106142042027,-2.1140310184416156,-0.664118977913704,1
1.3438277096406883,1.5442915056365374,2.2214398606077594,1.335719882753022,1.3427908762563212,1.060714292219205,-1.6502359067786376,-1.1050745626198364,-1.428402224359972,-2.6493075761043814,1
-0.09947352105980078,3.0213079639989644,1.7088444959790976,0.33070290625880183,-0.9289056367214454,2.607393893969973,-1.6418936077257287,0.7919598253879785,-0.09356787745361084,-3.0537801859461102,0
-1.4690518642990504,1.7897463172852635,1.8469987265320071,0.7709463124417546,0.05686946461900799,1.5887563730039649,-1.604940465521511,-0.25702479595109984,-1.6708948067977403,-2.822278489025279,0
-0.8456675464705264,2.8441864181507768,1.1754255172216523,2.4537769402426273,-1.0765296606782715,1.1517284659241094,-1.687637182941627,-0.1736106359724887,-0.15501350038809614,-0.23392517286112557,0
0.2588764884336452,3.119660722677947,2.3543735085393407,2.043848034109572,-0.4035806473801198,1.8511421683249483,-1.6681883980793355,0.4369309766411329,-1.685307607392068,-1.9567043106757016,0
-0.6179454793673823,1.3810003933886654,1.9807099544067548,-1.7295262801103262,0.3635402380792052,1.305694350017705,-1.6014339729555658,-1.4704902644251205,-2.108957327423006,0.2471091821614233,1
0.017278852781190235,1.9991446789372012,1.7390489946965673,2.7217689186530993,-0.6774346308699042,1.3622712885244168,-1.5733801010114523,-1.2948777633067812,0.45956472846392504,-3.076820501774835,0
-0.8544951502241019,2.3843310540702967,1.7556033371180546,2.010316931635427,-2.1686191147775196,0.7328467341111189,-1.6695301286694393,-0.9154872926964772,-0.9587878497554949,2.058378845365914,0
0.2566237155903648,0.06821165091084141,1.3997306134851333,-0.4262413248982704,-0.867597416217823,2.213956880629278,-1.627859221415746,0.509792950057135,-0.8836803622349565,0.17339300668612934,0
-1.5354076644135226,0.5608171116889497,2.561785301992567,-0.47972710297088117,2.879226198861091,2.4871734449899026,-1.6010665165397195,0.1381330879886289,1.1035110510572346,-0.7285183443880627,0
-0.018640284502020155,0.9428538041275338,2.0900310469530963,1.7905531289876495,-1.3326978077563887,1.2309020313598162,-1.6620139841890058,0.34390681222215336,0.18579285023923076,1.4112107636855291,0
0.45218952055258677,1.9166689028073247,0.6036366732339957,1.2446883172249992,2.3578836221186013,2.0215457003726147,-1.5858023715246783,0.9862765410454191,-1.0413338798815506,0.8100567955568243,1
-0.8679263924492128,1.428368421440486,0.8544529125537167,-0.5882343323543984,-1.3633523515698407,1.9901190342258315,-1.6998949104696606,-0.4662116195052457,-0.47723376349683155,-0.7466974433689781,0
1.419056400854051,0.037842849870005135,0.4602627654272795,2.9232927254107564,2.1348719703820906,2.0668922708376316,-1.6068931006508569,-1.2419985099743711,0.3564922121157652,-2.0054336908263206,0
0.3602733767512276,1.3101763349562747,2.1444926193864298,-0.5881435920788787,-1.0016838557356589,0.5862076545229604,-1.6123007520820694,-0.8130224665456426,-0.4946011426379464,-1.3255390283958823,1
-0.5896471830246742,3.0440999528983452,2.614025466867632,-0.23333201181385954,-1.7933120857568494,0.9385768653513324,-1.710207231517213,-0.37063840440633866,-1.415786459704203,1.6989078765893617,0
1.12902195893534,1.1875496422503986,1.3851186002795823,-0.8231266065238871,-1.3964413341079691,1.1008094719490886,-1.7050049763529274,-1.0873076259450034,0.9480911302967248,0.5015675476432011,1
-1.2924168071998825,2.116972904276723,2.403617086129928,-0.04072897469983294,-1.579482229096647,2.4557683953196734,-1.7123708873520271,-0.5341032097825262,0.5400216746909838,0.23059345366913497,0
1.076178382052322,1.4016630053312478,0.4407427452558197,2.917516656758359,-1.4174072602215624,0.9789076885682388,-1.6856839114794886,0.7531492988056849,0.34884031680310423,-0.6424133535943857,1
-1.421250328869402,0.8999044218293737,2.4956338176920996,-1.4610156173731317,-0.27066142877708943,0.4377753332945272,-1.5701560967500494,0.7696480388793374,-0.2659828955036474,-1.9502990452908175,1
0.4751918960437458,0.34121428832540296,1.0625818746065687,-1.6450577443701644,1.1345687686442862,1.9415830377474088,-1.5844875546373094,-0.34987376636175704,-1.0911456501969863,-0.3464831834080013,0
-1.5014494302321517,1.6175188032970336,2.1852782401049407,-1.0232569078298812,-0.6562411851978758,2.6253736091328244,-1.644863501447456,-0.2091897938455758,0.20696484967379813,0.01600990821064263,1
-0.6757041716393473,2.472924536470501,2.568845619424941,-1.4946593070251963,-1.7010976354882499,2.179610617934992,-1.629883453070837,-0.5912539141855845,-0.4225342606342972,0.7010989563659642,0
1.53121298595529,0.05096363291536034,0.47684000493856393,0.3196341296726115,2.5477675595831206,1.7919914332819724,-1.6671667901008473,0.7551060971536538,-0.9401864888029512,-0.3594301499594601,0
1.3986080374614385,0.8346415576837063,2.010241769587026,1.9918438617701364,-0.6201565815977561,1.4647749593225197,-1.6959147605753258,0.8978782244082553,-1.9800339054570544,0.4044157861241815,1
1.1289266862812812,1.4075123932987557,1.1693736226435116,-1.5424216789522887,0.606410868525963,2.9671361700933456,-1.656316579966938,0.9631336207771473,-1.84204940704875,-0.9967136270778902,1
-0.3396295908824345,0.628575972036459,1.0646186440673808,1.4477489454395998,2.353118104126964,2.354077023626802,-1.6262494612987388,-1.1796048386273643,-2.024970048139613,0.21659769115521144,0
-0.4355214576025752,2.6772353377838725,0.9872496228651659,0.09955788069214755,0.2826324026614362,1.341673580275804,-1.662765290121108,-1.2738745039415837,0.6990663086869695,0.1867351091435996,0
0.7759281402384708,0.41056069400164036,1.2983798967797782,1.0807805882657555,0.8834090962503627,2.0270504035401653,-1.6157380930753946,-1.3055480452534627,-1.227888348306786,-3.0452594395487824,0
0.060185117630969565,1.674404402871564,2.0956489473226325,-0.959004344134521,1.0033263802733945,1.1170397327011288,-1.6635791059484346,0.2704389949106365,-2.029969498680702,-1.267981235728827,0
-0.709934630577018,0.10302339842286803,0.752431458682248,2.7125566328176873,2.9446353447417115,2.4939481648745265,-1.6760249551219344,0.1286353310392685,-1.9901016395840643,1.618263263985392,0
-0.935361097508695,2.3758792020881723,1.0742201356643126,2.0224227208683607,2.268667093214728,1.6896652466589483,-1.6486818984661293,0.35090468305737543,0.5636501312762241,1.0370100866543104,0
1.2418843723982171,1.3638566394274287,2.404487054387685,-1.0312610704855,-0.28653043193063166,0.4448021474009061,-1.6594971842101012,0.4060378461920562,-1.5987072590964129,-0.1806255744404699,1
0.49056109504970213,0.1073233503147369,2.310717777521332,0.7221784193464531,1.3970953424697536,0.5719438850272813,-1.5934355978538373,0.26013938139212267,-1.863557554028659,2.215777090818301,0
-0.16260148502653826,0.8327702521934571,0.6834775628180543,1.6390073529328122,-1.9705808638217692,0.5106132008896114,-1.6508045186773423,0.9733716047648453,-1.3255164940225466,0.20516175575786288,0
-0.2582860808206835,0.8081490629931587,0.976756492172179,0.8658569737847746,2.6947898827806815,1.1866400198169524,-1.6548751380074787,0.7042062573131849,-1.1331104292049665,-1.0610501647783228,0
0.8940271454732434,3.0382421016320627,2.5878000164405806,1.2241900594142958,0.9616434941766641,1.3409871652729226,-1.7195119738003006,-1.1249459383970932,-1.7691429100006086,-2.507140861716426,0
-1.2083157925932215,1.770527946899926,0.46729600984703223,0.05483043460238868,-1.0238694026856554,0.6846962746435877,-1.6992779806336336,-0.9144465648558799,-0.43077896501380986,1.000140112907546,0
-1.197353067372427,2.942341492305392,1.829281785999757,2.5253384651820907,0.41098297310963083,1.9951548202163696,-1.6590818483495793,-0.7323221816785759,-1.1358155284644922,-2.3300041005638885,0
1.5692631579110399,1.42980566133255,1.9459360344085668,2.3222352058656295,0.29274260059256907,0.481312197691779,-1.6565387617301208,-0.691786234281076,1.111317415809764,0.6351634352385438,1
-0.4547822548392424,1.4206937373811401,2.0331130017898853,1.6545976971464058,-1.9920329501047258,0.8910002502791565,-1.7194387246070413,-0.2655560029669517,0.7341550131006902,0.1889220776285403,0
-0.5054902072199625,2.0581424931408043,0.6846410790991594,-1.3943080913193322,2.518197356218651,2.719406849391489,-1.6179986119871308,-0.9406132204827757,1.0570994729574874,1.0397381899974971,0
-0.6378329555067191,0.19038053047473208,1.5402966212984064,2.125156824384767,2.2158419342615066,1.8018056759774397,-1.6422499850551606,0.2151633206569159,-0.46033937261543056,-0.858944655676201,0
0.10646368674825091,2.423642098249927,2.160785120468119,-1.6292940944169179,-2.066521882154364,2.724411691693403,-1.614815440554799,-1.5592209101943737,-1.2034136615850686,1.0286633945033539,0
0.6227198007073669,3.098275405087348,1.4040172655829215,-0.7942351801315974,1.4798027717538367,0.5694981224493519,-1.6446031873051867,-1.1351340951268751,-2.115944108547488,-2.3577111279144347,0
0.4048967738911202,1.92305949385499,0.9511011871092444,-1.0955635700856243,1.5548207153642104,1.4900325883969088,-1.578533770073856,0.12980703166987295,-0.449546247014714,0.4460174614948311,0
-0.2505014158381442,0.5906472763010431,2.6531724048766097,-0.4460140408862052,0.9863710191806057,0.8353791811490465,-1.6385136929749105,0.4022181048392961,0.9541910996776051,-1.28745582111248,1
1.4823003561909813,2.223699288423629,0.8074661819319281,1.2144652945087304,1.1301445503897676,2.3465465748119643,-1.5700079853289224,-1.4670574531195777,-1.5805721675967437,-2.3476922284783797,0
1.409463597448254,2.375419569863755,2.4576448019232062,0.3660501505953677,1.1993610792477267,1.3046852329269745,-1.6730043612269168,0.5645572196659441,-0.02282793685440243,-1.2236774973421698,0
1.5543295703967643,0.24725393023235978,0.7249455380780944,0.5283778847425347,1.232323540938895,1.2794528587076666,-1.5936513094413036,-0.20584471906755453,-0.6682164126389554,1.5496270185951704,0
-1.4676597282043746,0.21031096123444837,0.5126866643780288,-0.03969816566229367,-0.2392966501675402,0.7781408068489124,-1.6324044076639874,-1.2019513540442874,-1.5070751643338376,-0.07574341171220977,0
0.25257625321693267,1.1829487735748367,1.9856672950970475,-0.3276720999147742,-1.8805750678412148,1.6083179394928588,-1.707337028722914,-0.2516666764640776,0.2200581784704272,0.2477683139048792,1
-1.035198063328857,0.21709383014359948,0.5077436616836513,2.395362427900504,1.8971307894275524,1.4209189179244994,-1.6982576374264182,-1.1711837202047888,0.8922722236725686,-1.8636833256444831,0
-1.3932531272365478,2.680398743680745,1.411386164967674,1.1696663588637892,-1.2039908424089307,1.4441231987773149,-1.5793135813914123,-0.9603720951409558,0.8915085404437275,2.2896152689421254,0
1.0384103676622247,0.16249420119619826,0.6836389764695134,1.1800321760080652,2.901070956537205,2.703544509852395,-1.5813780961422028,-1.0241019216145282,-0.41197974529197,-1.8575320492368539,0
-0.11860429934888206,1.0264608248937466,0.6388057269948051,-1.6881176312025634,-1.3793825663248565,0.8027118295650588,-1.7096698665498842,0.6502887995799729,0.4048939757587342,-1.7502161059458288,0
1.091672709513636,0.7458620102440929,2.19905281060732,-0.22548501884493666,0.6490565079575705,1.318425392843385,-1.692987537582128,-0.0715413838287915,0.304650192523499,0.9728968635003148,1
0.2892970701975137,2.374076386824667,2.1695786990151804,-1.4889170867555892,-1.9627254741750022,1.3039422240100076,-1.6875679828982746,-0.6113933859503751,-1.9536532619191407,0.09309645203999883,0
0.30283761199125836,2.4877304287150634,1.8852836721953157,0.1197636507676112,2.61160093455286,2.245085156156357,-1.6415100224109684,-1.0407319464185998,-0.045416972829881,0.09152631573669767,0
0.5711531419106108,3.0602138976084725,2.549300106370617,2.7202903245120584,0.9963885927124725,2.889228193660446,-1.583410829395642,-1.5633106457949648,-0.08445151466813527,-2.1653361680347394,0
-1.1811308386978157,0.6216595437490884,1.4650920274266344,-1.6942178913627535,-1.093971848551853,0.3708838557844366,-1.6229061456398863,0.705419756896293,1.1534170445024166,-0.6903242857963368,1
1.0305412568165144,2.255620768363707,0.5363883352171441,2.8387821196034855,1.4450650282988926,1.6472498258269552,-1.7067689505235877,-1.523442066884497,-0.40437528863172956,-0.8798640931389987,0
1.5626756119433167,0.5036224775726914,1.336485912887638,-0.6819061280935543,0.2026058320358537,0.7307541570205376,-1.6204149618424386,-0.020121274783791776,0.5082534735303423,-0.6850138851717862,0
0.49402863995269297,2.2614783310683646,1.9868821055736843,1.5799624191461255,0.45522822650527095,2.647356242550781,-1.6869151514711553,-0.5421907821773018,0.46069106059624065,-2.4138689373442554,0
1.1711798563613602,2.1322218867442984,0.5673772825860319,-1.3729214702347998,2.124510660198042,2.3856306307087936,-1.6777919919483155,-1.272264114904367,-1.4261548493962923,-1.9768239388507407,0
-0.1687749335534885,2.713300230980185,0.7947889408104813,-1.5935143426434537,0.8197534780096296,2.1446764739364723,-1.6224622495130672,-0.11512557616753738,1.0444205272083846,-0.5582627139044098,0
0.016181659856470798,0.7373981126339856,0.46360095702429627,2.06639752772239,0.7536532943560834,2.0493714384341413,-1.6941152377128257,-0.4505942784884174,0.7505923475191953,-1.9634790916068823,0
1.4415616389852877,1.2627135551971593,1.4761690879521827,2.1190483568141465,1.0658504690471715,2.763174384668063,-1.6524286551224663,-0.5700212519335855,-1.480513412052535,-1.9491089840754172,0
-1.4636237232523726,2.144666963249853,0.8615982290520485,2.423094558850556,0.7140724991143599,0.4178366711035729,-1.6147763886887951,-0.27355203684379803,0.6610244426974594,0.5869334497850014,0
-0.11743580936806208,1.3180632526901022,0.8998791594841595,1.5588971846949864,0.35574046398825443,2.301846536446954,-1.6437528993382646,-0.7323211330829187,-1.9196020503876632,-2.0334325982646915,0
-1.0575310099861486,1.7688129989316015,2.6085103013851714,-0.6173812015474716,1.1866645530828253,0.7026674775103121,-1.6133383609808905,-1.540982102379216,-0.02154790241335558,-2.2486296139731756,0
0.3772605044418189,2.007127752200615,1.1946974333934306,0.4723056611152918,-0.706563526160781,2.855656043708407,-1.6773961127565649,-0.1830634802851172,0.6604533280584759,0.48724915265772584,0
0.0225769746520168,1.3721463652979586,0.4606619716754139,0.8222950066425603,-0.05728192056992487,2.3300349424240925,-1.5930278196663241,-1.0592412892720866,-1.9956423391678877,-1.0070755716914968,0
0.1359908133809049,1.5677400068988245,1.8301551149811757,0.6339159986723608,2.62059974966851,1.3931034993406557,-1.708912252954025,-0.7974389872687945,-0.19348203273671905,-1.7417861328746427,0
0.36948210613842614,2.129895310381364,2.1253066527796873,2.678302863851756,-0.4866681096951966,0.8181019526126907,-1.657716746727831,-0.6697479242395954,1.1267339091339803,-0.6067052757412896,0
-1.52037782902725,1.750812180034842,1.8314112379912448,-0.5719355919807769,0.8756732633474695,1.372902695206563,-1.6574574075603612,0.9357973981149115,-1.318385725848672,-0.5790337972501902,0
-1.4883053528480703,2.6256672180074148,1.7672073170178444,1.7884399308867294,1.0296443245653082,1.1777642893953157,-1.7123757260548664,-0.366736051952558,-0.5427532008513896,1.0687114538154483,0
0.8404556426740484,2.8044291610599017,2.21778539618472,-0.02376631960567499,1.007179483276797,2.3014138328217695,-1.5765284000255446,-0.48932769755858585,-0.047798718027062925,-0.9955695414378707,0
-0.2788220240664778,2.095626228630224,2.559783722096742,-1.00619625428737,-1.2619887401312044,2.321959079369103,-1.6258658556166654,0.7458976375761697,-1.197374410867702,1.4912430468986106,0
1.2140670525213595,2.5724744706583578,0.5698640681743112,1.5612089804334235,-1.5038660578067264,2.4278707109906383,-1.6370567139809333,-0.34984044606146125,-1.3289094044724057,2.2330144482641843,0
1.1852777210441745,3.013132262866814,2.1819598605557444,1.002646940738575,2.636886393763489,1.8619968722821814,-1.6426660770130206,-0.8696572050705103,-1.3075770308897012,0.884298013792757,0
-1.3111761131046218,1.5592137770421686,2.6438272808325354,0.3217454248094822,-1.8279013969603566,2.0843732376947943,-1.719960232523452,0.44370558181211206,-0.4692606001804984,-0.4654561269649924,1
0.6801954561237629,2.386352936097919,1.0650847740559626,-0.4207508578325727,-0.14257155596992543,2.6982445357019333,-1.7009066753150361,-0.7390249618381818,-1.6149569253925118,-0.8073035288905115,0
1.548330428933377,1.3193113632073654,0.5120616162094501,1.3849397133242949,-0.9248201395033524,1.561915696043687,-1.691123453771733,0.2984230242762391,0.9832474716361248,-1.928996323058136,1
1.0697859754760086,1.2451755496825807,1.6526484053126866,1.5558747633679255,-1.2875782450290634,1.4881905943403682,-1.7111328200703946,0.21355120615169199,-0.8440087009873487,1.7294825502107183,1
0.3588450104807561,1.4044456568919652,0.6063762070112527,1.1106387576347454,-0.7122915195900028,0.781257145922086,-1.707179759608582,0.10759234196628964,-1.4744998293901377,-0.011724457467583882,0
0.9438121489981064,2.6804631006741304,0.3400544892238967,-1.073317523654186,-1.7113151750368614,1.5379738540617027,-1.6086604243953007,-0.8114878736746453,-1.7746267548731445,0.35937948720072166,0
1.4087499092568432,1.1973056707532044,2.5963336853837733,-0.37445947502412524,0.372581670615149,2.461426430122037,-1.6166745063358317,0.35280689254915076,0.3793632701992675,-0.19139038781215278,1
0.5926819480661483,1.6728049418409372,2.0035779585506437,1.4075045196619378,-0.3183424897834035,2.519841691316405,-1.685640439884987,-1.1715286826111542,-1.0895878549254363,-1.7537673135378424,0
1.4820622360835587,0.7763856401832588,1.900261820450612,0.6695425785598577,-1.535728211900473,0.9872080996927106,-1.6424115400264183,0.30579623555005986,-0.9071253724302402,-1.8684456454311018,0
0.03858759409352985,2.535384761927886,0.31546758318148976,2.8335607454460217,-1.8327548801865765,0.6283173644325424,-1.5895363006153054,0.12771057004858055,-0.777139166374788,0.4044709558240682,0
-1.5614991606580284,0.9381034817550654,0.864102014701135,2.3026619677764035,1.7938314396736024,2.9653044139743914,-1.6738756042961649,0.847680430476623,-1.094651725915638,0.7652937451922446,1
-1.2776367011042131,2.6514430484799,0.7685325216624894,0.9882630388883742,2.128729930288266,0.5048300761723593,-1.5925769494478934,-0.6920576440848888,-0.8797162832280292,-1.2839378425314796,0
-0.8625663562234732,2.2733984718588536,1.693884346090976,-1.0484475891910887,2.5780313048191195,2.4375541291440577,-1.6860013240726581,-0.808074869573565,-0.9646462402956122,-0.9259177922015045,0
0.4797518849027289,2.8860043467391403,1.3265780508818183,1.6398872884880644,0.08304635091109569,0.6373298172860764,-1.7051279572767297,-0.7359747792851637,-0.20387389659763588,-2.403599486124221,0
-1.0620030825322857,2.5104695819552383,1.997968013593784,-1.6123612731059123,0.14218947273787075,0.43309600815774835,-1.6713624878771434,-1.5301478848057584,-0.6636316686991446,1.0488558170502444,0
-1.202785688099886,0.32443377320466393,1.7187875613948758,0.6289941783371957,0.8336590735881106,1.1955413224119884,-1.6138551821594702,0.4249306647141238,0.3987971294817436,-1.6684160958721503,0
1.0546097297855799,0.23593774090709643,1.495942392526343,-1.7329754200845102,-1.3176935027839425,1.9907927073308829,-1.589021924281477,-1.4445513128456908,-0.35618805528364184,0.33757961306860507,0
1.5644374307100615,1.5463335593813596,0.5109704545225622,-1.0548649159184835,1.0259567041867408,0.8722186218169639,-1.580854697284344,0.7857619568566598,0.9845530458693612,-1.5401162351580162,1
-1.4288122785536819,2.741973400151186,0.3417099791021809,-0.4957720712645781,-1.2478363750893893,1.2893882596313788,-1.5771077630356627,0.5936405611083966,-1.2674043595630515,-0.24537193099924037,0
-0.6662796930213049,2.132516456898126,0.4155086962182599,1.2783373662027904,1.1380921960476682,2.5466128161067547,-1.5894473173451347,-1.1604560820047778,0.27787732648179997,-2.404329625292471,0
-0.87306431577862,1.4168160236538143,0.37651682729067804,-1.0077198720196985,-0.9067686829816131,0.6354543359159484,-1.579977958761644,-0.8322778136291427,-0.5534006449957203,2.302310141128991,0
0.9009951664500686,1.3596143956332156,2.5863075370929764,-0.6984186125126548,-1.392352907917482,1.7317372858704927,-1.6567076845891664,0.46924794379847623,-2.131488362904864,0.2335474313740038,1
-0.3760602665561841,1.3543394039595849,0.6182328019815204,-0.5866880495868869,2.5984298513220816,1.9878215853169856,-1.7156413378032151,-1.3720999336694668,0.42360011220552973,-0.040886993897999435,1
-0.26869836872043784,1.6493891336182254,0.8575425760831693,-0.9904641054555627,0.9095728736882567,2.664679917821076,-1.68124255050646,0.1732276071898382,-1.75216234864526,-2.2011657853254767,0
0.38137939641610474,1.4372884860812427,0.31344946691610664,1.9010140518786285,-0.4223606395895909,1.3588765589686542,-1.6003019757791623,-1.1095983650983934,-0.040770453754086056,-1.4277473360914998,0
-1.061730207625754,0.29379845081163425,1.0522497467939012,2.3323230457588577,2.5273663303986575,2.5749730779591276,-1.6725973271217414,-0.9646561376718865,0.792584839780361,-0.6663489502620767,0
-1.109842964758159,3.0812082853388763,0.9493878356709922,-1.1849526768875274,0.9679901825008783,1.879122349912914,-1.6804931970170471,-0.07391115572995899,0.44049824520784453,-1.2285069009941882,0
-0.36439130568166034,2.9241040514255126,2.225037727394649,2.744912665121335,-1.5615099229227618,2.6830694985155255,-1.6055645189350507,0.2259510018314197,-1.1999415274447132,-3.018799022937455,0
0.6418061999892004,0.46843833740313384,0.9798475878814419,2.6171585377970237,-1.5329783155780166,2.803950548018512,-1.645124675812239,0.5749048342151879,-1.3012131091233585,0.32199129695818085,0
1.5680847146556143,0.02349660777524717,0.7024131255386882,-0.7827753795008986,2.685996156540434,0.5559452982090711,-1.625309819046911,-1.4150346287626592,-2.011263336060331,0.12117110238094941,0
0.29608450396339636,0.6519807203749081,1.4413014428852138,1.7477087475171986,2.9150948493256923,1.0339413750077557,-1.6724326138337848,-0.7434132706716279,0.3473987258542812,-1.2394046978474271,1
1.5280053810283885,0.6985942716842435,1.7780520163129199,2.155455150332027,0.38088754823393556,1.5699349675724712,-1.6809815426362882,-0.24995516155575337,-1.3739902682937495,1.4669372336763362,0
-1.0877654977840445,2.4388024437367717,0.8547050608129452,0.7700424711686109,2.5128005335055565,1.1005541750537913,-1.6813734285710433,-0.5297355201483029,1.0501928841847432,1.4759453742178397,0
0.9334032837347943,3.0451522423372595,2.2400793496869342,1.8684055187842517,0.24725132987586562,2.2598682345481884,-1.6330458361977342,-1.0545628063496633,-2.0832220651541555,-1.1220744944321446,0
-0.09692100790755309,2.0435505122382693,2.332994114452197,2.227347038639636,-2.1631512771572385,0.47952373927581216,-1.6199827960595656,-0.29065354767895957,-1.7625439512597818,1.259188548391903,0
0.35672106604734166,0.8736018564051634,2.1337543947543423,1.1160946440390176,-0.25310677692267136,2.1547480104822854,-1.5834171444215246,-1.4825373979421423,-0.11860741976785594,-1.948536578249483,1
0.9133165109106602,2.580705463223648,1.231266418952068,-0.8496561423083455,1.910493055585892,1.3128072946709841,-1.5870787160941633,-0.6625104378574899,0.6101296686842295,-0.1665400577425249,0
1.0337543833777942,1.86546139902673,2.2270022344141402,0.5258790076204662,-0.08891730520726826,1.8447859638526467,-1.6328071103208126,-0.4813265077562694,0.3281312906122831,-0.9570262436085653,1
-0.6501812535779513,2.7924078114090505,2.729531089799937,-0.518729279350532,-1.1143439289962396,0.7681004603027455,-1.6170187791580608,-0.42090173844541345,-0.9402752158995433,-2.0254139971656175,0
-0.33519457798190655,2.3309245362413917,1.7777724909881327,-1.2158566658788557,-1.771471903725387,0.4736611041347248,-1.6657850933038503,-0.36002524809727765,-1.435284178259616,-1.2303280951771076,0
0.9103047826497448,0.20239633790841352,0.5514817446338216,-1.1412539139491902,-2.3198681085516637,2.164571449813995,-1.5804037767171184,0.02034836745728108,-1.9452364157648547,2.264710675874633,0
-0.3776813148475697,2.902240404752251,0.5231111053423554,1.6459790742783942,2.7522694379032284,2.3858565918039742,-1.6268964540454205,-0.007064666032203348,1.0851241767706257,-2.7406779364498535,0
1.2137918489121142,0.30629037926716557,0.6166008671247338,0.058194662865761915,-0.851735369389039,0.9470162385035585,-1.7175076830957237,-0.12113312803884035,-0.8968563707986392,-0.1276348511311629,0
0.3070271295783198,1.3875693715595214,1.736740366075479,2.7774623904686955,-0.48863280385401886,0.29875722945454947,-1.6031168394508633,0.5470139302662929,-2.074115144894484,0.2752898761359921,0
-1.518952674936864,3.027003025409763,1.6392875477649334,-0.6010127059165487,-2.25655342297914,2.6229814624778354,-1.6469583874788676,0.4301331636441035,0.2086311745524605,2.2868604263608785,0
-0.873069930456209,0.35766878013172937,0.9596016430258381,1.1961854202073274,0.23276579572987277,2.251614934733137,-1.667425440889381,-1.2352076141876625,0.6882230390018464,1.3821610036857677,0
1.17694470442053,2.876423160287739,1.488369836022119,1.8352881616077132,-0.27595281199220567,1.732476165245302,-1.7126485629001156,-1.12245790302289,0.41096970568319513,-1.0561802835227012,0
1.4230598519571565,0.6136175076093545,1.2855329643671125,1.632680819943194,-0.4171902821988367,2.2957666542113597,-1.5914899164893328,-0.697133887436763,0.47493009061531843,-2.44707455035121,0
-0.6223689125237363,0.8012856486017225,0.38419322445378246,-1.4417235121227239,-1.7885397107736019,2.5391513514834148,-1.639088213896382,0.8540817611403779,-0.4268246933700617,0.2935418989695533,0
-1.0607550042765164,1.0436642040135569,1.219525887181464,2.6373762930556284,2.606263535815235,0.8261947951946653,-1.627512961729739,0.06290016103428786,-0.3425013743112342,-2.4610059374637707,0
-0.22986174797385228,2.8294706832931253,1.1189255830436318,0.6757955430352842,-1.7271844550875661,2.7944246701923743,-1.7048177846277361,-1.0368255840312495,-1.2500347177061653,1.3698366138432632,0
-0.6175198333778964,0.5432951130179523,0.7131144352957435,1.7843720251119493,-0.20332815040398478,0.3630682901908512,-1.5754630581936335,-1.1830404087013644,-0.5214548420510488,-1.7838868179470557,0
-1.567410703139088,1.8793794555958558,1.249442156376777,1.3528846913537484,2.474564900710191,2.4829240405738706,-1.6585856785364397,-0.44039540492671203,0.7722303146407943,-2.9522819736443022,0
1.5142043900670565,3.028112406157456,2.3298378897844616,-1.024426306906111,-0.8317002746457751,1.9836276685182836,-1.6935073018358802,-0.7944163440160011,-0.6711448239184028,-1.8942410274633257,0
1.527895978166146,2.110031448245936,2.3858542896485067,0.4666342208804273,-1.6593638807978737,0.6111100717194415,-1.645656195979775,-0.6654480846288144,-1.4695700725847,2.0969943673845166,0
1.372227102751468,0.8080183577922473,0.6640102366384666,-0.8820761147679814,0.8153436847131981,1.0180662821963622,-1.6934020705224728,-1.327728543813153,-2.013738370081379,0.9732314233832766,0
-0.9576074715952423,0.08432713954898372,0.7120088912173701,-0.0775537313091581,-0.3566424749016275,1.6370836207590733,-1.5895859932020866,0.565926188256211,-2.2416534207044547,-0.9049608849851967,0
0.8211343281544761,2.8974007608910255,1.5918823580219545,-0.5244250491702263,-0.15597541624658273,1.422440726731063,-1.6620896178509788,0.7122324058870018,-0.43210613500217243,1.7955754904508603,0
-0.4656544927301729,2.201990334323383,1.491283620957738,0.08907136855299802,2.0478985246562633,0.7968919115626691,-1.5796273101170806,-0.08486808851118344,-0.17332779843092894,-0.31762481759236083,0
-0.7088690194151569,2.549272281009019,1.8966105169995366,-0.7377113673013711,0.7433263906846599,1.2458883367771991,-1.6249543517745202,-0.16825588783672907,-1.6583321683194263,0.8725564163027948,0
-0.19044080577145328,0.3520667333033009,1.9408092430023147,1.3266390023658587,1.625757756946578,0.8483803311269618,-1.7046885810701986,0.1422294987675765,-1.4648180658602121,-2.5141155952355865,0
1.2505063978593716,1.76771296159155,2.741926853304413,-1.005383127163189,-0.7614334022954521,2.7676654151383304,-1.5755552340531047,-0.9844585872163895,0.750146317210632,-2.3813361132116255,1
1.4800673356284963,1.7364608399214345,1.2730361481914727,-0.5815498708505329,1.3876662957164712,0.3357637686617545,-1.6510149727365941,0.21272026517903764,-2.115352744732701,1.7609155189920913,1
-1.3209449365702526,2.18580536290486,0.8182994646312098,-0.1506781638681034,-1.292314093091306,1.665110069485016,-1.6255748835238064,-0.4609825610782743,-0.8082099572531807,1.1290467217978288,0
1.4433990282067588,1.8675542609118259,2.4937541851103813,-0.7030458015854886,0.9418767386343334,2.84088398715645,-1.6411899571185506,0.9295877983979539,-1.210278264484607,-0.05825703748332156,1
0.516970199508328,0.10553530324482789,2.755785831584593,-0.6157818977583738,2.813931373876552,2.048046634940943,-1.5845446474787002,0.9047812657016487,-0.32430604571576005,2.3195518488300366,0
-0.46238110236495866,2.262241739967682,1.896379651079017,-0.8312335126407436,-2.285275906225319,0.9828884822960364,-1.6555465635955688,-0.9864819410619696,-0.5091876972560212,0.45318921643788146,0
1.389479086824193,1.002206271349415,2.677997051112415,2.445679049556989,0.9433302223540863,0.8457255932991885,-1.5785616098013118,-1.122584780800536,-1.7554330622058847,-1.4056784804817204,1
1.3608394404930821,2.941886535671209,0.2857045143044321,1.9155150907379621,-1.4161043404674567,1.0895955748925763,-1.6726374519383718,-0.7193705611999703,0.33742712706958145,-2.916393114100313,0
-1.5308578281090504,1.3628718334748322,2.2060290427065334,2.883404573807036,1.1520126895637337,1.8789796772729384,-1.5839189627403663,-0.9176493413709119,-2.0474486364102393,-0.3549332357330943,0
1.3946173305138634,0.8634085438485458,1.397743732739059,-0.245133723120059,0.23388987800654482,1.3145043060144794,-1.704284624829159,0.6476907062391664,0.13432797026922083,-2.914402477756188,0
-0.5019636854181748,2.5803674064318494,0.4073261730219307,-1.4674645723202726,-1.5110170467648754,2.571794745897213,-1.5960058291774326,0.43383655983532443,-0.16319394934174936,0.8111701172374945,0
-1.4667955153632874,0.36455182681088755,2.0906689484798,1.719947067327503,1.918078964330653,1.7881626642506787,-1.689149045773864,-1.3536811978861083,-0.8356658559109389,-2.6392827724093797,0
-0.5712785780787465,1.0871133898338274,1.0059167591679232,2.8188260110601204,-0.3353214109916096,0.9401558071490503,-1.6603189654914159,-0.7989652539620112,0.04016788414041361,0.32497366277426964,0
1.2330970871512534,0.11399982296805218,0.34320582670472977,1.4418798887653383,2.6162657145775006,2.732057571503655,-1.690256805734009,0.3302058298984796,0.44980780446130986,1.58051637773699,0
-0.669624150925256,2.7201059285261535,0.8083588811127919,-1.630962644122966,1.149179539983165,1.4524374664287487,-1.6838366373265137,0.5974845168349672,-0.5722726890236993,2.2920617974086768,0
-1.1357788153085038,2.1937094056761737,2.1935603281115954,-1.24693395126008,-1.9990816458684526,2.7524629609607567,-1.700478702894163,-0.5689698113548249,-0.179675535238641,-1.9827727872545728,0
-1.3538819159069886,2.6200874417546314,1.158258143840295,1.4381739630298167,-1.945829010312092,1.606454616312161,-1.6950187320915526,-0.017572972386880048,-1.8764599976066902,-2.0606854411122733,0
0.49877690620655835,0.42068846837908397,2.1025229167733026,-0.460493177587018,-1.0980472248773148,1.0967727255949173,-1.5880271403308202,-0.5537723930160898,-1.4380942462806736,-0.20928438714754183,0
1.1328105621574582,1.0747248932643916,2.738559588470864,0.7323666686160966,0.05063014035553559,1.2147299860762,-1.5740365702950005,-0.3334232831464601,-1.6641167067492781,2.1531182392670503,1
0.19633829917377277,1.7508595761339287,1.1263557402342532,1.4563449631094398,2.049752830506753,1.6327270577219055,-1.6713162775860813,-0.7988232700427759,-1.1533885235581263,-2.4953940822418925,0
-0.7409341748545718,0.5898758413250184,1.2521885510828215,2.183348259120764,-0.20188963793417036,1.0849637647233414,-1.5778344917236875,-1.2462125505856365,0.7652727745657875,-2.800983859423274,0
0.60250213135422,1.7560205981209878,1.1812096910431569,0.770159885931756,-1.2624918982571667,1.8222473762413567,-1.7010295748434652,0.4669713121206971,-0.2694508605892221,-0.5080542664807339,0
-0.15340236380497463,2.479212760562059,1.6670124644129254,-0.4952900697002427,1.247646046830491,0.49895813828257873,-1.689806086503414,0.3171650838258331,-1.7698857443749452,-1.7989995804297978,0
-0.19087375720459776,1.4039742277656484,0.3815857878120137,-1.1497003120521532,0.02078501110663522,1.8861187438657712,-1.6526986348268344,0.08565772087229329,0.3223917818116919,2.0456844592671843,0
-0.18165352956148473,2.214453784606371,0.9152423819784531,-1.0481823752024224,-0.2541514388391364,2.6381860571081823,-1.6688564629076845,-1.189207413860711,-0.47964081390630775,2.2772407604145495,0
0.2771632614599737,0.007780702891052474,2.31913763232065,0.1430877964258881,0.9400254074180316,1.4548832250028372,-1.6816852058782483,-0.4796900038851244,-1.9483705677901224,0.720855232348506,0
-0.26995339210438263,1.791398740249157,1.674310622022125,-0.6530083926842765,-1.6681794117103195,2.076502587465675,-1.7010978753905188,0.43084951840498076,-1.3418818994374546,1.3300960286729953,0
1.4414902815711554,2.2208189897733703,2.136429326819179,0.6556287825916551,-1.2785211245367083,2.5786203097417437,-1.6699021495090811,-1.3070251448859143,-0.8461226450561659,-0.005458500632509189,0
0.06549147833548297,2.7262708631937653,1.6113797587254415,-0.6927123120407259,-0.9568548139709596,0.5636763030085116,-1.6099816010439034,-1.2989274091334622,-0.19376121156706505,0.12007148846468008,0
-1.4170115799964353,0.05178255318982073,0.7616864081933695,2.5344564775895337,0.6892461925508475,1.5229382397894002,-1.608202327881721,0.7393042889763966,-1.3719371941540193,1.7831725012005744,0
1.2208178517297006,1.708468007254456,0.6661491806599736,-0.4926134105735145,-1.831779604004307,2.4529980161984137,-1.572387297956754,-0.8101263313190394,-1.1567799319615002,-1.616424492452414,1
1.1419616037846725,1.7370437030286523,0.4047564576750161,2.8083627765773063,2.571251726588547,0.6109835358958378,-1.6412310481989152,0.9704083574869997,0.6544858346710956,0.7655151152145989,0
0.6627577714898283,1.5823495083109358,2.2454835596580605,0.025955376913298744,1.1991039091718383,2.279626716220089,-1.6574824936539339,-1.2031291742514902,-0.9468459882116906,1.6170024095837072,1
0.8225172806915102,0.4410134973415311,2.6599544961555868,1.4574717154301782,0.5229239648775801,2.5213596871626724,-1.659151473943575,0.9506153714832635,0.6715115673435097,-1.6078785389923862,1
0.8344207975972908,2.4869529824854872,1.9074184287507636,1.2629293900629266,0.42565973801248047,2.888917280154271,-1.6498985973684095,0.4353101633311962,-0.014072093148160825,-0.3100689776602028,0
0.9541918045698627,1.0301433876413553,1.8653831268424828,-1.1577719461883467,1.8747960841566913,1.547948350649641,-1.6723256714441814,0.5382645370914771,-1.0957442161274709,0.2560748551074181,1
-0.6693363583043221,0.4082784843562154,1.3137366299447906,-0.6970964365453096,-1.285977326859218,2.0532322246193417,-1.7196745423884816,0.9095819775908314,-0.9169570694473468,-1.5081629680423483,0
0.48998947989210007,1.0283879259032886,1.7944200258785092,1.5288698441094648,2.2749452703801163,0.6413673315884714,-1.7090395811386434,0.9726073696427748,-2.245339585077992,0.7276197393037496,1
0.3824877471828505,0.8713849150228077,2.2249271339940946,2.924579196748728,-2.0952450148904975,1.9445469507075965,-1.6128804384562534,-0.7871932248278004,0.7927936050801665,-0.6442535612001836,1
-1.2359395353410396,3.030546247560233,2.619274609571343,-1.2770951120854321,1.6403442919248348,0.8705910667133017,-1.7203842814777475,-0.9031675200216503,0.6623583260176584,-2.3689613189975405,0
-0.7015638771173254,0.09485923748010125,1.2723835180627427,-1.046669007398729,-1.124692259521507,2.4286042648687816,-1.6270378733171835,0.3769881331680074,-1.9398364196048505,-0.6381837157575578,0
-0.6363852880254893,0.6600046690182149,0.6770363032862614,0.0510773926140502,-0.5767546416197789,0.7911795240058646,-1.5769728322045518,-0.33389631364657046,-0.185981043102585,-2.478606409529248,0
-0.9022014207735038,2.8522054212006123,2.5916716509179913,0.19474521101316955,1.801372396510743,1.1102838456080617,-1.6337492885669,0.8018387690153526,-0.1275712635334907,0.7438064657674457,0
-0.4398113990405117,1.917989088463145,0.7751499770722539,-0.8238617718066401,0.5739090484163754,2.9686905429495543,-1.6471919777990751,-0.7233136088470532,-0.4293646453034181,-2.7883193841435574,0
0.7468715494716813,0.5369509373615121,0.32241092309202823,1.6529100142721531,-0.6186553791438902,0.7456519190403997,-1.6438472876476338,-0.7424029332690905,-0.9251136163846347,-1.4168058110890422,0
-1.4478200227689653,1.884858103567997,0.5301930496525765,-0.7142067260849252,-1.3350238091276685,1.1833644860821122,-1.69714778362998,-0.6822537444694332,-1.4397995760751605,-2.805689728932911,0
1.2037041500073193,0.7663571254106178,0.49151496291360686,0.7086137945502529,-1.6903605927402627,2.3707857935714163,-1.7120790127788459,-0.3811361885640816,0.9679544852395097,-2.2718322442671766,0
1.1542572978998245,2.381288948519425,2.7119726254474172,0.07014275992700014,1.094229021459681,0.7020523000150363,-1.6242932051931658,-0.9235136797236684,-0.168070548443779,-2.6558000864249705,0
0.4342212550853868,1.6169107257385062,1.9635663640219598,1.7726962226731962,2.151615136621249,2.9603008365218813,-1.6518547887031416,0.1458496557669262,-2.2125519535764657,1.8028952388227641,0
1.3699144674066501,2.8476735926943677,1.3425515650401305,1.8212829381538755,2.0738470884625357,2.464361241632488,-1.6440984814167332,-0.620347253169462,0.9738419843638351,0.323514221388435,0
-0.906851719108758,0.5933356064498164,1.8334317800878794,1.609905908264396,0.5882651342237266,2.6456808309346735,-1.5912395539931232,-0.43839529311467706,-1.6966322506612643,0.009253803390618653,0
-1.3035444872375064,1.6062077690422132,2.4878708353945935,-1.3076547249909334,-0.8203618763646903,2.619967400902405,-1.5791729479409988,-0.4801856889080547,-1.6137761686627023,-0.844480795127232,1
1.5328739731094514,1.0265270893035858,0.9410198768407149,-0.2743276364406626,1.1310262052647575,1.9640726850665802,-1.6211583681639083,-0.6046410707659415,-1.1195072853291685,-1.2201638196576203,0
1.3811983601746334,3.0183580225899123,1.7738542725787259,0.7148098295965086,2.3004423439919197,1.2848404609184534,-1.6556716848694533,0.5864573953829997,-1.7226787104708747,0.1055836654963036,0
-1.3031792751851814,2.6254035636184234,2.0631598208621487,-1.6956761487919472,2.105669237663366,2.1828483594691113,-1.6364714125547124,-0.965818167186422,-1.7626874150064056,0.2918392519499431,0
-0.8743063119281789,1.0197797739122698,0.9109488404396964,1.2544035417659267,-1.0248214668677316,2.003112356583447,-1.7140825615357926,-0.567738370295712,-1.682370865221101,0.1691494571887926,0
-1.5210766018664716,0.6488176538044949,0.5399925965048813,0.8718265782570906,0.8028890109655933,0.3520215575000706,-1.7159537289435935,-0.7813059995561328,-0.1825473042874135,2.117151019448373,0
0.2127542068813404,0.4319269311286836,1.9911972515819427,1.404759325648476,0.3919579346021118,2.8915666470378314,-1.6454322598829292,0.5749503870976607,-1.3736179501846064,1.2634422056489671,0
0.8431433567607896,1.9711415807833643,1.0156197786115764,2.2361146344249234,-1.8388650674396194,2.1143757844998676,-1.669600401649537,0.11533888367753242,-0.8590179824483712,-3.090667823512998,0
-0.07563495517536123,1.9496942626844003,1.3248726368467763,2.2074770236672054,1.5678151098551232,2.413309447597207,-1.599190366279125,-0.6183178193785737,-0.5367177604800517,-0.3632274076357098,0
0.5732377513780491,2.0181574880953885,2.0601366850145375,1.1294664986565435,1.6100537263735162,0.612199066913103,-1.606123171997617,-1.0374320042755762,0.7376845885510694,-1.8023719342935696,0
-0.23858631178712097,0.871971501654477,0.9272068167666617,-0.04337912975211067,-1.3600425457431606,1.8251134178809847,-1.5831677342950647,-0.7598963365780813,-0.5297172282334259,1.566934710438613,0
-0.09430866244948799,0.0886093310368109,1.3728696370888231,0.3261450618752719,-1.5103405799837133,0.6285632736887237,-1.6288201850482658,0.546897944716316,-1.8104951087570087,1.8302391787240517,0
-0.4062272588723128,0.6395845561117649,2.4975993611124725,2.472035734868493,0.43813124216078725,1.0365856936324265,-1.6953700522529287,-0.8751082458492928,0.4070578032782337,-1.3673325417482813,1
0.6828796199478597,2.8718416273273317,1.4534797975081457,-0.08856627718485477,0.3255192155990807,1.8246956632677775,-1.5713724648373995,0.7325610821161634,0.11574389503731064,-2.300370394757616,0
-1.122681653027393,2.082809977230278,2.4781453358414653,0.508591923960676,-1.438963456336444,2.3205444835347966,-1.662580069877403,-0.6883532607999134,-0.9327976701873966,-0.08678291150722561,0
-1.1198807795420491,2.544314811403653,1.8782572486093216,0.649026428922943,-2.057679975397607,2.810160966541527,-1.6590703822509825,-0.41998429913806024,-0.7085389191621454,-1.1464956292400108,0
0.0355006937158624,1.4900244800499773,2.4450229161003003,-1.26333618452247,2.9549799591632535,1.9809769980851109,-1.7113721876870587,-0.1308925304999291,-1.1372039870895032,2.06479538058877,1
-0.885990903485498,2.7218840759795704,1.3311669196635059,2.9405581583518945,1.1935503479252598,1.67411799739671,-1.6611524881778041,-0.7394899779712178,0.14857631488341783,0.07058241436407275,0
0.09868446062030034,1.8403834654911106,1.7141088464582879,0.5007793149867199,1.698329436527783,1.4081599162823828,-1.5924166457300095,-0.7331907059638565,0.10460345468458243,1.7367261524490831,0
-1.340650397248077,0.5829651642385428,2.025393487363246,-0.771412328337288,-2.0354621380446742,2.4199479541654694,-1.5990678114116341,-1.5113266161555652,0.9815944123855358,-0.7048351481179815,0
-0.23417294232206953,3.011342845799069,2.513162953430832,2.1759716730945984,2.818666533474551,1.9837145253912365,-1.6869945861283475,-0.5732249797853193,0.3082535945500804,-2.282753489680591,0
-0.5792146178650845,0.4073462556814034,2.451214110186191,0.5307403547910869,2.1117446371952173,2.868636127928528,-1.6574880539618486,0.21240174846270365,-1.496668899709077,1.2332809781050922,0
1.4250886544434576,0.4552451542390278,0.31293544155071845,0.2836218608348138,-1.4427063693694353,2.492982959656988,-1.6818713786858013,0.844626354904588,1.0641276931098052,1.823368821613791,0
-1.2957529806746,1.384798479059403,2.2787219901380857,1.5559003139595489,2.8354841044211163,1.3067090392659724,-1.7125044440406694,0.9845706834166601,0.6051471921037512,-1.9303922104153701,0
1.506012078730264,1.3284912529830286,1.6525527434536575,-0.038068412776842475,-0.32259143927175726,0.9499062307762414,-1.679789912899504,-0.40663947932272704,-1.423025185459795,-0.5926606749014556,1
0.6785539078684659,1.1213429711153824,1.9521121623625866,-0.6067043251269031,-2.136036956674492,2.5309684976409916,-1.5893320959214887,0.934684206085336,1.0225502540234088,0.3214089248364176,1
-0.7417118275680925,0.5412330914117366,2.2287117225880158,2.749830240317859,1.87672315851421,1.4102383592583054,-1.6642085187050486,-0.8240296763923087,-1.0143154911374341,1.3413640295402556,1
-0.8738709540967752,0.6072300298553855,2.038436832563418,0.03983901936350853,0.6125816806261324,1.2882072816272725,-1.6424262913416667,0.2973489221500005,0.23694295792309372,0.9733089395747538,1
0.0341542487088331,1.1148886222963774,0.851552502065311,0.5011177495354904,0.7468603632039836,2.137963216676727,-1.5833239862832138,-0.790188616730339,0.6292819753575394,-1.4408765705972455,0
-0.18089667515103103,2.3659917692192156,2.0675915604273545,2.314751244201081,1.9753217595765422,1.0354629043282364,-1.5710694023045275,0.8274974978946117,-0.7974096307887784,-2.8821778414419983,0
1.4117535547084918,2.100777530588205,2.6392176910536196,2.167955278762358,-0.24091356513910522,0.44458068712424964,-1.6430389410361235,-0.6069502314692294,-1.853229734179029,-2.5619097361621925,0
1.4658144171782126,2.2094864366866194,2.14449624671749,0.050698973280074666,-0.02787061654002887,1.901135745603001,-1.5760358728022017,0.3655770400824674,-0.05662938752997748,0.9222439349979701,0
-0.3364263867923365,2.031952994550998,1.4984212356683297,0.921863263840244,0.10226818185382802,1.3543065718162526,-1.6804072007955433,-0.6611161300027548,-0.8030633273620553,0.024128527958802604,0
-0.4098609149908661,0.8609955432012756,1.1057410318238436,0.024772521350419963,1.4031321626356168,1.1874633327956559,-1.7201975122380924,-1.3542079170416685,-0.567743631808383,-2.110581285200915,0
-1.2530132342039237,2.4015126578373382,2.5954584842669806,1.3393817805483943,-2.179227985873522,1.3160597655574242,-1.6012710357523186,-0.9032989524756516,0.9031579204567199,-0.25094688530268483,0
-0.6435739588408702,2.0685032261092755,2.5273347507672774,2.9198117593116004,2.2304476602256615,1.1546266218583343,-1.6050012728699095,-1.0013862209672362,-0.954311653099231,0.6674007213773612,0
-0.5601058579915679,2.5991057033604643,1.4969886650125663,-0.7093784230176661,-0.20657056852346445,0.46200550433303456,-1.5914103837368334,-1.5102937963047942,0.0733261739874167,-1.6478714006899815,0
1.416280842102873,2.506385183791253,1.2565969071362164,0.8274308124903134,1.053143179383246,2.8202239150173893,-1.6711061450728122,-0.07352532535555367,0.8232470651043986,-1.5549751693688019,0
0.7257776434913075,1.9682029814491508,2.379720854334943,0.9360424458729462,1.4836406932317274,1.5857752864120647,-1.6309762923771693,0.9233863889617282,-1.4127986499684333,1.1882880589268825,0
-0.3438771321268441,1.6609759639066883,1.867743464481024,1.983293846343527,0.6707959716945973,2.5437396782598207,-1.6660087847824627,0.7680585657091694,-0.04766774616195457,1.246243816485228,0
-0.7850415923504821,1.6887874528537739,2.5356641477307607,-1.5058659413770457,-0.20254783415021604,2.390208836240815,-1.6087869782532775,0.6090469820853028,0.2653305785503486,2.0322951523824186,1
0.07467663982140849,0.8799225416230129,2.380253150858508,1.5563499972831423,-1.802825515678511,1.2791406670421288,-1.637738665372638,0.3610954648698932,-0.4076906106644742,1.1063810680689623,1
1.4507251023912204,2.219475005876529,1.7988704243256766,0.8760487327256126,-1.138913484173765,1.6094637739276554,-1.6383476821580398,0.5213271979760343,-0.6915027313012887,-2.698098602889031,0
0.7088557370184356,0.3999924222157152,1.68630596207312,-0.2449765475453698,2.537623890569834,0.7110154256789313,-1.6719120958679399,-0.4515036493084088,0.2604761552704944,1.4242117140597794,0
-1.3163766760889115,2.272349976844539,2.061011833785832,2.4642994653897334,2.4288206041037874,2.3827005925790594,-1.6926049647298307,-0.7668971067584532,0.9421550237708174,0.1267664512195208,0
-0.9261411206372044,2.531566874590162,2.4467555726396184,1.6777723450963973,2.3324054334644444,0.5986070463740788,-1.6067083378098435,0.9007831828280006,-2.1075444102856005,-1.9218947242579174,0
0.6257103403037656,1.120015390918022,0.46976706156332776,-0.4845124061813266,-0.626154945085295,1.1556643440826566,-1.5885205951482244,0.12395240746800495,0.24995717871209955,-3.065890521806945,0
-0.9993691570705519,0.04425718675022719,2.3908453253049013,2.7429374374216513,-0.09993959085305004,2.908326299873797,-1.7192280261692614,-0.7365818962296002,0.3874805261601426,-1.1734103975891501,0
1.4952707140844,0.10285770302800311,2.2496244678132196,-0.7962685983795481,-1.2990463854869496,1.4908395443291766,-1.5783361071895712,-0.07199663303100445,-0.09333440063413123,-3.086847564227706,0
0.888660303334486,2.600305555379813,2.3098077770792553,-0.6308763871101464,-0.6008272557420449,1.9322414121672145,-1.6329901645990672,-0.5195783457034064,-2.261092896201651,-0.6846135611256021,0
-0.5015892146570091,0.47047509465384074,2.030461611450564,-1.6740477688795112,2.4689159999944232,2.8464415230673263,-1.7210293653297366,-0.3985802154377307,-0.8536119868573988,1.4577249463155053,1
1.4417954926705316,2.7873188944926044,0.7606689202690883,-1.3827312530034672,1.325775727014916,1.961066916475327,-1.5953857715464201,0.5912911848584377,-0.10707378155219249,-0.19988063177707582,0
1.564523686816029,1.5025291273559456,2.4674055828090737,2.9404265615828526,-0.20507035942592156,2.2198237487743095,-1.6172271687846451,-1.1244211119878382,-0.08812509079922615,-0.8021027971162766,1
-1.5469268433382153,1.1158443174855466,2.121786255253081,1.538705146323712,0.4775187823721909,0.713885839869564,-1.6370915750226156,-1.313788654493659,-1.1094881078079535,-1.106465388908378,0
-1.3051570314637027,0.20497051626299195,1.7546197503338987,2.3707886817401045,-0.08712046578751576,2.668121873205276,-1.7007415179862,-0.6364759658619504,-1.9503051500936097,-0.07663007881028516,0
-0.08859283868809653,2.241522551101172,1.8239158635546386,-0.43651506417752595,2.5913462117915342,1.5601543938955464,-1.6809773837069855,0.9572275282050555,-0.8216420637604838,-1.1111558294323913,0
0.06391528393156931,2.505844033994139,2.2835740681241554,0.5258993080143597,2.7173223644058337,0.5180994582153,-1.6281469458887823,0.2722231381892102,-0.14093452293868136,-0.24621280305205273,0
1.0181102907543964,1.7296114281950372,2.419306394695519,-0.16272988736552296,0.0925295783214346,2.0020169595459243,-1.6738291030896364,-1.1125483554289404,1.0447429347141752,-2.0765392919439547,1
-1.2504470381754094,2.950721578791592,0.4465475450162269,-1.5851410834847053,-2.004463502100445,0.623952632481541,-1.65642075890568,0.551828862750136,-1.1005526526222162,-0.8051494097883793,0
-1.1698802528320371,0.3912761978097576,1.3380962909803027,0.07238221445167792,-0.5316836139770278,1.3366580487476964,-1.7197187949143093,0.6976748020794259,1.0831606242618879,1.5702965363235433,0
-0.9956840022818174,0.21461237584227,1.6909365897450155,-1.3022216813107468,2.600634242468697,2.3791833503869046,-1.6994038849205189,0.8966924042900815,-1.8421410723203016,-0.6568852011255224,1
-0.8076739856530235,1.7014052951506342,2.681728828354143,0.9466872507316935,-0.9700599237106495,2.379673241534686,-1.588888252314664,0.7778728105499801,0.9306939328463724,1.8055974397408687,0
-0.6782217367055158,0.37311848270276154,2.5757025987379456,-1.1689587432975033,-1.4490704801995045,1.4587920225678839,-1.6784545883124318,0.005475295082565834,0.8355503584732653,-0.4583613112065761,0
0.06907179532361085,1.0051289648837574,2.028481434781397,-1.271571690546721,-2.086213048914196,2.0166105728742965,-1.640420336617949,-0.5276931809578469,-1.1279764565864088,-2.857067244283783,1
-0.938809293152462,2.387328774594551,1.370051615562033,2.4586179823151664,1.5654359528462871,0.8824966516474564,-1.621905691443213,-1.2315983716761434,-1.6088961774746848,0.7601386075884453,0
0.9357446643376004,2.3443270271330823,2.5066533373266116,1.728680986102058,2.5826154242578054,2.663094571645415,-1.674076877121584,0.04806387799616085,-0.9743370649592256,0.6670523109479358,0
-0.40417926922291136,0.16416551397895424,0.4881414188793862,1.8825308888654964,-1.898502825047602,1.903935036050647,-1.5915326232097602,0.326255425775253,-0.854928815288921,-2.000762838680468,0
-0.6124396868275283,0.5661779404248561,1.2700249805697534,2.687358131564695,-1.204103944537499,1.4815184548916933,-1.7049528570496977,-1.2504689284934654,-0.9059409797098725,0.6810113670049129,0
-0.6024813392061171,2.8321377271708337,2.2735310209479818,2.383958593684029,-2.106727036954313,2.3725020463399424,-1.6991244216204973,0.2166434387900258,-0.9985094385574176,0.7254272931816037,0
-1.4416682321169427,0.9881198907280635,0.5674033586841407,-0.9466358731274349,0.9130497180677448,1.197891724747016,-1.6148486037090175,0.18311716175188342,-0.13938495395416428,0.8496553924139998,0
1.0746406584724448,3.057305189764283,0.45444846717563026,0.9439874816923468,1.6249521907975577,0.8757717519453783,-1.6814892603848823,-0.8869184434347065,-0.30882710304978045,-1.1402555634297873,0
-0.24833726366226738,1.302328263868601,1.9018231553451048,-0.5581059196312985,1.7235078963814914,2.0776235035061594,-1.7016214212000333,-1.0578178059842207,-1.2414883061892423,1.9719449756509895,1
1.2736386267919115,0.8748559959136614,0.6078469190143188,-1.5939675088609815,-0.20860320666575483,2.435462990852931,-1.653205143346761,0.5767339429553002,-2.112519207756681,-0.5747318839979094,0
-0.12812425952691497,1.9967864926942567,2.393104849239233,-0.45686053839181295,0.3108824344306895,2.112147366353661,-1.6958923160358412,0.5174043007700309,-1.2053841112673918,-2.630426653680454,0
0.07825538051154957,2.67035391928719,2.4705552845346994,2.452171162995686,-0.8674955088901524,2.016675896798253,-1.5701327801677178,-0.9461722860849313,-0.6506474167877936,1.8306346735343513,0
-1.5108060418208267,1.42876832823121,1.4777082091139155,2.45671672783525,0.9496717132345305,2.097515733301325,-1.6043704201020135,-1.398218909426207,-0.11830187561080185,1.9058407203904237,0
0.27942009238545484,1.6193927682105302,1.8735106589222286,1.234485197993454,0.5844509251654273,1.9257914354406729,-1.62872613620788,-1.461489981011706,-1.9704314477408071,0.24278100420601412,0
-1.3038073076951515,1.2993314030362233,0.7379129906763695,2.023962426659937,2.7674297363623843,1.9801043578335014,-1.5782635390906927,0.6915940228105197,-1.5268813055522739,-2.3015585926680804,0
0.8497133044846767,0.995758878287934,1.7154838791500286,-0.41538143427947083,2.494934342117155,1.941528923150592,-1.666956267571646,0.9493995745536903,1.0001518349383143,1.1122027140594786,0
-1.417184191799778,0.09304412196586807,1.7596059078927224,2.395448735287892,-2.0001484712815,1.7820005416863738,-1.6453200405433477,-1.4734759694609403,-1.9770278716696061,-3.020732449398053,0
-1.348662953179274,2.1454885695863357,1.3145550930852705,2.078904097494409,0.9096993419483299,2.1038445979971137,-1.7166318622704164,0.5780957480249016,-1.77343206276791,-1.487151689156508,0
1.5390572281350965,0.7618436571704559,2.757897085256297,1.937340412289747,1.5217955102187295,1.7110868873462688,-1.620624702792398,-1.2004619225355873,-1.3506749341288962,2.237368521281138,1
-0.6171893021897662,2.751722261908204,0.8574187054556686,-0.6653855976233665,0.2261504644525152,0.8941186419762119,-1.6232183265257598,-1.3785585798777897,-1.9195450815037394,-1.6275961552043492,0
0.5586172570931549,2.4824886756345848,1.4341842202961343,1.344285320987598,1.8357064640722731,1.118154836008607,-1.6107317796867044,-0.8380394517352224,-0.06091314543724691,-0.6776364711880531,0
-0.8306806665764142,1.559756631454722,2.195545546767125,2.562227220551611,-1.6202450620847348,2.0518937159078505,-1.6913687281248286,-0.8613208017830408,-0.4789865704139413,0.9121686914764022,0
0.3864877084564944,2.898266029409943,1.65623218880546,2.6134134428590965,2.362279182563091,2.5749884744440137,-1.686652226639945,-0.210184241369322,0.2544915310863436,2.1907276108060816,0
1.1433954452164714,0.9534457224497388,1.1117067799495521,-0.38769271334172917,1.9888008614727157,0.4137609865695577,-1.6669828849222077,0.2509871105257351,-0.877952797627751,-2.3532345556659324,1
-0.89377849411467,2.9472375062279976,2.7169547930499482,1.7767260297144754,2.883226844444879,0.7935447173304462,-1.606095001688566,-0.15852351720764668,0.17294411990390746,-0.5865904240250184,0
-0.7129880980056312,1.4042047498599004,2.3566132837321114,2.0886062204760707,-1.4822504702907677,2.026939551517634,-1.609707652484425,-0.14320515676759582,-1.1855915727957391,1.6710547884751175,0
-0.9399067962034392,0.002907975136611445,1.8892788943801502,1.6485640109327537,-1.5748595436368062,2.7726660189457673,-1.6781297013773213,0.5704832656451717,0.7945904767667589,0.41648677565339787,0
1.0814585365100247,2.520308255974306,1.3473422511207371,1.1326499719361847,-1.9098240102537027,0.5922281810700125,-1.570986951268092,-0.7199126164258819,-1.0738803486558297,-1.7663395726886852,0
0.584446033408738,2.8776003984967664,2.2364816072006217,0.6661172626193363,-2.262043012458503,1.5901341648050114,-1.7130465706194598,0.5454979670867821,-1.8852419607011173,-1.9551625996665858,0
-1.0753946233095262,0.9623483847803409,1.605890280830881,0.42239737079042117,2.7048555636506126,0.5301631879965711,-1.6340836309096882,0.2732861808930025,-1.8372323135636954,0.33587083364911674,0
1.3945214626590985,0.14620201642838893,2.5998081385697343,1.6452562727797995,-0.2555232085025887,2.766905296924162,-1.6872825648334395,-0.07648122325797191,0.35560945047978487,1.6237346118050167,0
-0.08910122414204147,0.7679273279176418,2.0748951655994476,-0.7849661700577141,1.785775570849208,2.176155093201779,-1.6939449220805405,0.5609622149994091,-0.6887551809480152,-0.16987239357935602,0
1.4993687901648436,1.3953097506840497,1.7297518343359504,-1.6664723890393391,-1.287863297573578,0.3640142161492291,-1.6709378580818905,-0.6885066207194366,-0.4531864287541256,0.6269893027580165,1
0.921834133089644,0.7722128228498871,2.554136408494402,-0.8748214681651998,1.149579191488098,0.415152649306179,-1.6409852041297113,0.32737618804130597,-2.1588743916665947,-1.3177740564753153,1
-0.16705947767161344,1.70522942201818,2.0669011261016266,1.135444425029796,-1.4761661438225233,2.2864166552543046,-1.6408438917132513,-1.2833596303803112,0.9870122883961603,-0.45327852234023025,0
-0.5763151528161251,2.8766535000374844,0.5966952583946572,1.742756070157129,1.2276844482233313,1.0294426140864787,-1.6084132051755264,-0.27787651224112286,-1.0777820108274305,1.1574030949053413,0
-0.912380893307543,0.7085032748793275,2.192995150116346,0.8182576200043115,2.630714735874559,2.491651288494083,-1.6671717101035417,-0.3804113074317701,1.014375651957959,1.748923802870372,0
-0.9524473254547496,1.6635739182494593,1.1671076937475775,2.3946450005546795,2.5717912250907826,2.449405945189636,-1.6796592180527943,0.6997323509590843,-2.1628634353961034,-0.8309697788760797,0
0.005218184085616695,1.581794900588814,1.6596603898210036,-0.684741442288886,-1.2595553683940182,2.4527025489790395,-1.7098656883854522,-0.3078292051995404,-1.6172047244468077,-1.3947674893052264,1
0.45243273203705114,1.2476283964085382,1.3970427645520067,-0.33637028583967155,2.0626211314210945,0.5232320272442788,-1.6053734746516897,-0.9346422498712258,0.8792583109405463,-3.1096405145646853,0
-0.6009478242064242,3.132616585541543,1.701479856294202,2.0895799612689228,-1.7492543651337364,1.4096755656983821,-1.5906305303971877,0.7040066122842956,-0.5631176292998581,-0.0928102805135862,0
-0.02800306480701753,0.05283344925386962,2.4816040718132846,2.225291983509165,-0.14720475684647338,2.0392308776268644,-1.6482392356115352,-1.2681720450437801,0.5481542193779458,0.14637354905900146,0
-0.19828469633138868,0.6554024139920561,0.9629790468564082,-1.4194303884691806,0.8713208013478719,2.2608823851703437,-1.6430841420676185,-1.5555477647707225,-0.2931900623179293,-3.10390627009335,0
0.0549664673957444,2.1382351243929993,2.438743069211521,-1.6883686288009896,-1.8284798257988912,1.5060515869741642,-1.6065473349962622,0.8417322301582708,-0.4849269795826381,-1.1987446239805692,0
0.6736935885680582,0.8623951678190377,1.2063252558113242,2.532438391743173,0.20068191596422968,2.3502316842452142,-1.592981235517743,-1.318537115967764,-0.760732224463252,1.7408031405186573,0
0.29394542073841134,0.9400228781324983,2.444007833989777,-0.6509142576531322,2.3977541056329033,1.3598708187817978,-1.6316155838212474,-0.7306455139834002,-0.46422233779634237,-2.8708385247642103,1
1.189837163455845,1.3344425449748218,1.0931354504875201,1.152165034384232,-2.142818219316352,0.7433195767515769,-1.6896693988232914,-0.4429138954845335,-1.4275284491906097,-2.3881913791683127,1
-0.9366996382993757,2.296505904398599,1.9725010991865217,-0.4458247605743684,2.185018927309021,1.9372666242055905,-1.6283402471385786,-1.0253847553203022,-1.4434133225557844,-0.547276313712298,0
0.016948635316472727,2.7827255040427286,1.0268725132974914,-1.0305292958606538,-1.5401603560013644,0.6346087788334754,-1.6548229803599213,-1.5622214602645965,-0.41179865760589385,-1.510896893705569,0
-0.20906196770328922,0.7678448478606709,2.433825592644732,0.9669534409071918,-0.12787474957244171,2.1698996266304227,-1.5816368617548622,-0.3173961213338148,-1.9345625640320931,1.0437896014945083,1
-1.0998345860423406,1.874069230488402,0.46549531703560487,-1.2436793808001005,1.7994895865597869,2.1461338671679218,-1.6363287594712412,0.52963099052153,0.6501871854435488,-0.641416916861929,0
-0.8634258027901915,0.8808460050014968,0.6828569643129996,2.2352628132424046,-0.14112554765278018,2.6433805804102293,-1.7121413296687351,-1.2858510085807198,-2.137459546095419,0.14772482633851292,0
-0.0036771772997818974,0.9058667738657158,0.4800014097985143,0.01195214857542548,-0.4990203482170048,2.0223455871609217,-1.6226649526418555,-1.3063932576150403,-0.8317711139165982,0.368924422312948,0
-1.191386835209801,1.4620107214217701,1.7928377932988313,0.15029806606171303,-2.1801807113092906,0.8910257095296441,-1.6039018061072827,-0.9341527172927677,0.5345115764491579,-0.590105477480829,0
-0.3464324760138018,0.5053749100459395,1.2144827937016398,-0.6232138744353524,-1.7870537878686386,2.0987907966986903,-1.650251780230201,0.501029048241121,-0.7028948719909509,-0.8746203894357212,0
0.8092298753517342,1.977533612636244,2.3369048723522114,-1.2973447812155927,2.437750106159889,0.3649382111946993,-1.6423319705442037,-1.4207547323386447,0.40355122641949137,-1.9849672536125356,0
1.1251959903705415,0.1675220845638711,1.8821107657597935,-0.906290293857486,1.878839079158369,1.4793618521011087,-1.71940705388737,-0.32451467389608846,0.5165477501344169,-0.7918992669913028,0
-0.8546729855887542,2.3293176686189616,1.3992811504025535,-0.22419136372973725,1.50709144168238,1.2843071794267287,-1.6956505041830712,-0.7490078182221224,0.737727103177225,-1.5923447562813726,0
-1.0715294581884436,0.49948531015835707,0.3908449080398244,2.8503260831147976,0.5012993477783483,2.2539894726933887,-1.6043722830373779,-0.6685266524742579,0.46987902935010784,2.1108938025400703,0
0.3976972714905316,0.2223134813692889,1.3373329569820354,2.2133532405877063,-1.8728913305006376,2.307857797010025,-1.6665954785758395,-0.12184277757793893,0.7931454909197275,0.16415550355349096,0
1.2894850926651371,0.703153989913821,2.5843799506863157,1.2755397778120794,2.221989442636052,2.5111135940296165,-1.591000631172806,-0.6895504430716699,-0.6462246262715308,1.4913123712109146,1
-1.5484030453521942,2.6845277038998745,0.7080208069018146,-0.11339456829650407,1.7390188228510164,2.6446749362791975,-1.6335524984562921,-1.2801807668378835,-1.2319231554429457,1.5404061735427201,0
-0.8850115604783612,2.0815929797603427,1.0105912020253789,2.0504835444565876,0.2718129029199554,0.7538143617903963,-1.6740688602920806,0.869928022794568,-0.7912821145662146,-0.7283215936977903,0
-0.8322709879053606,1.6697855679136737,2.2973670919275984,1.953989286019576,-0.03549943071448691,2.694865489952122,-1.6638300635709709,0.6415597355892204,-2.167384922398418,-1.243692921020101,0
1.317146188721687,2.637393055779171,2.1511172457523955,1.4066018129862972,1.9786276147581656,2.194618468875564,-1.6829124680919754,-0.37703983654580386,-0.005102221789771821,0.07013045443109611,0
-1.5465868053292586,2.6741553345717906,0.6991221230621392,-0.7356647849777411,2.1405589669940444,0.3160457817758851,-1.589813930028892,-1.4277667885373235,-0.9297853894620702,1.2299524126560244,0
-0.8140671259340311,0.47333668210693375,0.5041078830869734,0.6616349268420549,0.7435058418859439,2.6873826074808975,-1.7072275671309363,-0.7036225677141962,-0.009765747297189709,2.211630901518673,0
-0.8618563409911136,1.3241020620204798,1.550571792163412,0.9098742458322113,2.2069368232864237,2.6302784088517965,-1.5999360339376278,0.5244779805882456,0.7473183138354447,-2.518609852133322,1
-1.0405370878488769,0.5061436427793636,1.6198374862478617,-0.9150239052396781,0.3225686192875523,2.028561241533451,-1.59600754187674,0.5081162503153267,-2.1066346620479215,-0.6631923380846327,1
-0.6458258590186226,1.0790482067914597,0.6888772134498735,1.1949031282836526,0.6806679610295263,1.9741136523977239,-1.6360996134702122,0.2609764504803471,-0.12400152026042033,-2.6468489068973655,0
-1.022188868591796,1.8254431057071356,1.0686496532570826,1.8322710373299018,-0.6588144698126097,2.520222140344983,-1.699186254401322,0.398644435303281,-1.645321799169261,-0.2563831548430229,0
-0.275595759980632,2.382833714414159,0.7863593884527703,1.997329071284848,0.6963858236919127,2.865887387619372,-1.6136385598848746,-0.01585728626964089,0.5738544893795372,-1.940261324841374,0
0.19862425595677213,0.924906075394494,2.1194056588439474,-1.630210013692642,-0.07677089319163688,2.0444689220159367,-1.6516603041861648,-0.9611021772471656,-0.6799552055106628,1.5006566602936489,1
-1.0306951213451594,1.9221506097278747,2.73828322280194,2.5497713915286724,-2.1637108732878954,1.7182094836392134,-1.7114983733010865,0.7939951430274699,-0.7583311965853254,-0.8548161465669426,0
0.3850571766136923,0.9634582572007182,0.6163138066897851,2.0140107713819364,0.25978564034943563,1.815334483772528,-1.594102485794519,-1.0962599094409993,-1.6737873800815009,-0.8419021278881655,0
-0.6291087454545031,0.5500821473683245,2.248378091773093,0.6108848188445406,0.6337346722034662,1.8097513421565772,-1.712898181728949,-0.9309115639970937,0.32000157986568034,-0.8885058895407223,0
0.381448950660352,1.7676876608889553,0.3684888229217789,0.3705536189432328,-0.4289086504218773,0.5787536474505798,-1.5774498359250895,0.8900862514991872,-1.2053218918891215,2.030244247556561,0
0.4974809582154862,0.27620617036657286,2.350698633886174,-0.736849668601705,0.8339977152715936,2.4385434961280117,-1.673059524757132,-0.6648554370357121,-0.11416236038198546,-2.336684454353398,0
1.5423680966374282,2.9501086255361884,2.1130517408353393,-0.020371684313834848,0.34537340986159926,0.818001193167951,-1.6920140451326833,0.09430936585945449,-1.9033984738659797,0.5072368174266861,0
0.679600171873542,1.964643961417578,1.2105567413111329,2.2356191984553213,-2.0492900121771993,2.6939113335465175,-1.6807261889214218,-1.461147265095307,-0.34295042994928693,-1.9147482657998913,0
0.49578019361482384,1.2086250842112765,2.2392825034109594,1.0796735987621449,2.839213156197821,1.5392307426589344,-1.7154385563287844,0.5266627892375879,-1.5153096714030287,-2.1775180089532187,1
0.3404285841479402,2.140258063779454,1.0710633195365966,-0.3207029150687002,0.8003187973541976,2.3128535908120003,-1.5794222456866591,-1.3293541028864668,-1.7590265019998395,0.08127003220557816,0
-0.7620633850112043,0.5405757588048673,1.8200918490198719,1.9273855447489545,-1.1904211204672035,2.0882416943970417,-1.6236160546408918,0.6294994239208196,-1.1975567847694801,0.9564298141492471,1
-0.15326828102470813,0.7696148865320023,1.8115712242294897,1.4315225865380214,-0.8892126009319572,1.5071045067836002,-1.6554244025081801,0.4091786101486947,-2.273496458635503,-0.4037746855722224,1
-1.2485571637525146,1.7611053390202578,1.9602030888538198,0.612625396484956,0.5291400432084186,1.1395233161711849,-1.6739643464471137,0.33653071043243576,-1.823126087766509,1.073362826559554,0
0.9427801129318445,2.8744764206554554,0.9053538975461116,0.6363993477086498,-2.1370974246783203,2.7455485324696114,-1.6191463947101956,0.023750640149675428,0.24229952316329495,-1.5872125877199463,0
-1.1344581260813391,0.9208787693025159,0.47899480476594003,2.766215879492255,2.3834706746344176,2.8813325823534455,-1.5990164264983202,-0.8169463304609209,-0.2771304037106641,-2.4837644746738463,0
-0.06498329626615296,0.19511703818037443,2.4282437098971306,-0.6134438855933146,-1.493528480801528,0.4832035245718601,-1.613699908122013,-1.0935604736533195,-1.5965098198050909,-2.213246544905547,0
0.4735087391661492,1.8371158941315617,1.4738577625258893,-0.5178266613344837,-1.4406380772300613,0.34341230357327057,-1.666141407975128,-1.288385751777534,-2.183034987042077,-2.577603369140982,0
1.4329074118305323,2.748259280925605,0.4204864399170383,1.4480469818451551,0.9452784320237266,2.6635162427912227,-1.6935460307180672,0.46229244742535713,0.69657387234132,2.192811749049094,0
1.4368402433696994,0.9503628322776889,2.6298259832787947,2.0894706119303375,-1.218375180166796,0.7366764578991956,-1.5796270272770527,-1.1716139902868297,0.3949461630303417,-0.92678296708233,1
-0.5272022701792451,1.4078433580113605,2.0723827464149664,0.6633719085747964,2.428478178931046,0.7990440510392476,-1.7048453057632387,-1.067931204062426,-2.0058173815792677,2.2128348804837787,0
0.16962123650203087,1.9259480023222753,2.2848150943500767,-0.5842827862200772,-1.165541471693933,2.0998657954883004,-1.6610281699924474,0.5677401625541767,-0.08221107720801735,-1.5659909816280269,0
-0.23419540920007176,0.7878665969110531,1.1672644339921274,1.720000771781557,-0.1397331678794047,1.752460238406763,-1.610318358760754,-1.4151286402607137,-0.7122610356800914,-2.620016376820339,0
-1.2984396237894926,1.9913352963408766,1.0729979184907086,-1.386416264473945,2.5632321185445015,1.1393768971689753,-1.6797094333647038,-1.3115586230177292,-0.2915731015566452,-1.6892033898381063,0
0.8347397527736107,2.3316668539127456,0.2621643768984687,0.9163463968616696,-1.1149700108072806,0.3339116093923915,-1.627628587610848,-1.0456857119622005,0.8160765546976769,-0.008631600943445505,0
-0.5033931020257383,0.1329458749128126,1.6240179998334787,-0.9667435731421379,0.3977607990999199,2.8714677096324652,-1.6571757450507212,-0.4816686160228565,-0.6910306828501489,-1.610287985099819,0
1.2974984237170195,2.364916179725552,2.496963763673946,1.7165142080881841,-1.8339343272784299,1.3701410071336846,-1.7206002319233602,-0.7820730629976032,0.024701090253861135,-1.5549616498532972,0
0.45406076707980714,0.24261533499647245,1.9320870253404063,2.4135425408223847,1.2753131761555463,2.7047415626633673,-1.599059296455946,-0.11905295169363139,-1.2543149365383144,-1.5117735220898068,0
-1.1136395867467734,3.130662775547003,2.6155374844955523,-0.2064182686851448,1.5724491220870518,1.1797689829166496,-1.5770702648857196,-1.4766739142424121,-1.0615543251000314,1.597410791923838,0
-0.8819736433742476,2.1876569312988834,2.508389265407462,2.162827860773223,-1.7831378653600776,1.8522077571938016,-1.6875795519351962,-1.0195257937169848,-0.16079678646521955,-2.46353746040759,0
0.19429640156405292,1.2173084433738282,2.395858383040959,0.8637388711781058,-1.20362115868215,2.7830724947981613,-1.5968138263995941,-0.8911968807514533,1.027153453799698,-1.6778141879298754,1
0.5709045185294415,0.6317821241152407,0.6660321934051847,1.4872999692324358,0.6102751118153522,2.6970434735391122,-1.6849330386462456,-1.1344303014204327,-1.0433232901269598,-2.3420657798790305,0
-0.7295829719120634,2.4325661420552533,2.250942143469742,1.7744552509161715,-1.056749435412427,0.6707074397084478,-1.656384918882506,0.5512108813025873,-1.139927597750326,-3.087774501379383,0
-0.3617448461134791,1.536809883671418,1.6149651826967075,-1.675331244460981,0.35327944146824963,1.3506775517896943,-1.5881058690034864,0.276904667744867,-2.152047444899147,1.1717693124321706,0
-0.4480497937656711,1.3907501581767157,2.585063303284506,2.0342368183163635,-1.183534097928888,1.318251585930228,-1.668422949590047,-0.27809258055046215,1.0019360077646025,0.2219288891063922,1
-1.164424424238471,2.549290987244414,2.01016273747633,-0.4933467154060156,2.460991939365094,1.2178952701670689,-1.6432465992922214,-0.3438127045006598,0.8985449336802978,-1.689149301679897,0
-1.5516309288048733,1.8038112877129553,2.477925122605768,-1.204777876241272,-1.2313166157978386,2.841052540097879,-1.603717672470795,-0.6845114301900892,-1.0467209460641669,-0.5757640222678391,1
0.5818898611964205,0.3475819335792527,2.2005580383789036,-1.4904736273080972,1.9973684107162404,0.4486528223482876,-1.5880207904386139,-1.4593248943072352,-1.83652629975844,-2.15597035335779,0
0.41627363012799967,0.19760024072751622,1.8977319559429595,2.454658579206372,0.4362439995563543,1.7240098813372289,-1.6730585960658209,0.4787006679027599,-1.8961432819593287,-1.4956040211591328,1
-1.4885916437944355,0.0009872776824330564,1.7248186936941485,-1.152660092059071,-1.8104521692489157,2.5127669512491377,-1.7034913097408677,-0.014174147050595165,-1.0660487238809606,1.7552737310579558,0
-0.588401247157482,2.082567409523131,2.500146488350241,0.20218950429903515,-0.7630717798618982,2.1011352460737704,-1.6126993233593443,-0.7940723636325017,-1.0672675716752607,-2.2862419605099715,0
-1.0324164813556433,1.5914366739231063,1.298150339238369,2.942145345100826,-1.408710199292861,2.432629846848499,-1.5808845569856893,0.1905243853397227,-1.9001298633565307,-1.3566801160869497,0
-1.2524103101513262,1.6867676645868848,2.757896183553862,0.018002212524176775,-1.4801022330065465,1.014745224499505,-1.6349814569701937,-0.11419771320241479,-1.486003443027045,0.9597768736243695,1
-0.1768775361243209,0.7836095515633857,1.3209291690266425,-1.1469448318526614,1.0186456635891408,2.101854045795908,-1.6547820690059125,0.4718238945178863,-0.5254074560825901,-1.5794270730067705,1
-0.4925478579915181,2.6420960125917707,0.49236654610197256,2.7062904743767815,1.7664982428882468,0.5792771261577345,-1.6427751339080385,-1.4805700974741185,-0.2520356019750496,1.9563593358186382,0
1.4501014279968774,1.7258352988687073,0.8235604291344363,0.7999909122567028,1.9100941180180921,0.8712471202355663,-1.6376030146518403,-0.6625743946736489,0.2944813925593994,0.693999860744607,1
-0.6661152024589427,0.20205580402927817,1.75665159719872,1.3182324815366973,1.2647320965847602,1.8389725472493432,-1.590166032907964,-0.9333991789350798,-2.0840704656862328,2.1164599474199792,0
1.3484335197679755,1.1424788924200169,1.7892984163120096,2.577642159761143,0.6506450142102498,2.499589455372513,-1.6121972224184518,-0.2263958024987014,-1.0271692319148986,-3.1243862090295553,1
-1.105175688877956,0.05887684235191657,0.9438031120139841,1.7923770542190631,0.3514124759465309,1.1219326503935314,-1.5713484699870102,-1.4498066798088707,-0.2753375887104732,-0.6195394159927323,0
0.622480740326057,1.2075311707910898,1.9950274531527243,-1.2356235718283743,1.901881073595983,1.972854417994689,-1.7061319934311647,-0.8361275289439412,-1.8044070870804756,1.2158900980935088,1
-0.23006842932849492,2.4841580073489813,1.61513709373714,0.5264102126310375,1.064713578437229,0.38626834884754846,-1.7160385018093363,-0.6760719751287786,0.0905570587770752,0.5002320451107023,0
0.09940118539230003,0.21133478190064892,1.967123059825079,-1.6177722537086436,0.6073388049084274,1.432639376404349,-1.685203807220194,-0.2387134957145176,-1.5294910106367248,-0.05810569084745998,0
-1.4220277618899027,2.232187323770598,1.5336123538457553,-1.5961827639365271,0.8932019563816209,2.3095555761761117,-1.576650552153736,-1.0502606866237985,-1.558609332218451,-1.4752464743383713,0
-0.17926626965259485,0.9789623805626595,1.0099017663521093,1.7421632239222382,-2.142394143556354,1.7678931583284974,-1.6532423563801402,0.028824443351201046,0.23683649295290676,-1.3651612447518695,0
-0.24720101986821508,0.5644831624760231,0.5886239448300306,2.403477739096819,1.655764310217553,2.770138456964656,-1.6123313149303415,-0.9436135557717945,-0.7962012070780677,-1.0272196509135654,0
-0.3408511963373215,2.502490170614561,1.1197876383157053,-1.7268842298471117,2.146212743939236,0.6793573033015057,-1.6455568593859746,0.4377548189552496,-0.19833661586825357,-2.21513273880977,0
1.2038169117673816,1.3969885684158518,2.3979720857674782,-0.24597157697031968,-2.163959675411443,1.9268528404442562,-1.687220226175015,0.4280759001810568,0.06080601471573921,1.0825570382301541,1
-0.25581336010490885,0.04834549657618935,2.5223503637460625,1.274981898933297,-1.3804612406263415,2.44125533836056,-1.6163746528238734,0.9322541014765278,-1.4392234051675217,-1.3207224412935081,0
0.361695150356778,2.72818771580913,1.8417989400295336,0.7742518021835294,-1.4489535714563218,0.7364729890859856,-1.5987364671376254,-1.5304804872200308,0.29093920454869426,0.861269728473419,0
1.154205987294166,1.171266368624085,0.32342790402602384,2.027287687581865,-1.6774720541866683,1.0473988456190613,-1.5780571733901794,-0.7976283172857195,-1.3989871860046956,2.1758077695743823,0
0.14331234440465845,0.3314755522943477,1.352604367632609,1.9609256844010523,2.3435711225820537,2.3238576374642435,-1.573607148792986,-1.5268957819339943,-0.14669671367128556,-2.5046057603417387,0
1.0163378980491318,0.30524768264471003,1.0130003761275463,2.1493060303490106,0.9968660034367893,0.562730604932766,-1.6301417106091773,0.927436739729018,-1.2169870560338982,-3.1337699505427232,1
0.854919646071419,1.7285404204933497,1.334067132072894,1.607737841168157,0.8596415564901427,1.1043850810394558,-1.7062651842617171,0.5469721348976766,-0.6145583328263273,0.5325418241325157,0
0.8270353500099101,0.20207244458993423,2.409571146770066,1.7921079890034708,2.6746395806298047,0.9205275405814928,-1.6725866396877775,0.12252538298112503,0.9059758850601956,2.2812031328189346,0
-0.7048959641117731,2.7832973162653016,0.6804553022119628,1.5200455303315383,2.094520282651243,2.439484211105664,-1.6690406968100735,0.8947032354646602,-1.8622543188596534,-0.4423124341745428,0
0.6894654833450071,2.0106695503308796,2.154799061279652,1.1230644710961917,-1.9349463386496903,0.7760691489158447,-1.6408199660089346,0.20713865731448156,-0.5087112267590983,-1.1984875647668296,0
-1.4544498827436296,1.2008872473611734,1.500397069933201,0.7898409715273531,0.14184341304671433,1.005888395769692,-1.6795585328681366,-1.4075205621341471,0.15606733291092967,-1.6552376724834814,0
-1.318739003846446,2.860203862151912,1.2208061098124965,0.6576588236358334,-0.29534784340540554,1.0726771220168263,-1.7205162252391706,0.6173973416878529,-0.6496953747718874,0.791491915955981,0
0.9461364043178071,2.7501520233682566,1.9468255587008132,-1.1871017197512934,0.08357733696150893,2.568871856411364,-1.710577421627104,0.9621236112324245,-0.2796037251395229,-0.9828469134998676,0
1.5559522022544978,3.1222545002136806,1.4946141181085202,-0.7322065232821986,0.25574255065961315,0.32698197020558567,-1.570079090301154,-0.7202189178334772,-0.6254018161118027,1.1458599533996732,0
1.0047684360253466,2.1688131128868835,2.615258572430158,-0.8552003040774413,-0.274535114288716,2.1388632187319048,-1.7145852718371122,0.26444663257802525,-2.2590883855619457,1.852054256595371,0
-0.2702541223267829,1.9004672929672168,1.3289669069225545,2.9036489859359182,1.5599441041717537,2.46271954367599,-1.5964370685078102,-1.514028617315204,-2.087928045129834,-2.056681703102705,0
0.043207815988306475,0.2345363969040969,1.0685646298356972,2.8329464683858188,-1.8502631518986883,2.3805354677281887,-1.6485962625395558,-0.49832910712393397,-2.1880081745146787,0.8346866886826905,0
0.6152315115428102,2.654932604937635,1.5500204032757896,1.1081715447183176,-0.39514018029171916,1.9473735668000318,-1.6556743169847288,0.6767169732272029,0.19357826730187044,-2.5365333493121094,0
0.5367493232538714,0.9368943306885167,2.600806526784672,1.09372217124718,-2.1975814870103156,2.266672776874459,-1.7016085889174057,0.6746639429483812,0.9834341575883463,0.656957330334135,1
-0.3862394084325129,1.0450700676694114,1.3288519367179836,-1.3520612872135744,2.579350371131671,1.1775022947563398,-1.6740362481232525,-1.0804573758314773,1.1349251669514304,2.0075682424677583,0
1.5538648074252321,2.711704219342044,2.2739804994951105,0.24317848445006152,2.785766193885009,2.715199841438891,-1.6064195572458537,-1.3399107563698693,0.1372631498630903,2.2516306705838445,0
0.31914447909602917,0.09629431237705419,1.2768572089732908,2.825066135612847,1.1204455312751724,0.5520094898644947,-1.6488735373404697,-1.4427590594109998,-0.9180406599080706,1.8591142051363003,0
0.4305204173796693,0.908766659365922,0.5031645730876495,1.3828197370510211,2.7746224522831717,2.0510593605982335,-1.5852910073262307,0.9657492623589843,-0.06992732384944444,1.1321286506020978,0
-0.5917074454429629,0.7017856701726978,0.9759425473667621,2.1327281583525393,1.2475807036268427,1.944234399902129,-1.5803621542118786,-1.342613984183211,1.0023747336291224,-2.5897000034475086,1
1.4647353957615252,1.8479332586013257,1.1095127377028944,1.4662206868806984,1.7661602908286378,2.5197427256393996,-1.6942490369512924,-1.1041204333614019,-2.096074700447175,-0.4593415348829746,1
1.0463894218361587,0.08576632760373017,2.362000341109758,2.7184192510440868,2.0134557523961103,0.29434557638980247,-1.635402010633544,-1.143566795950388,-0.9844716507268385,-0.803033019166405,1
1.4480813074155836,0.3290647439102608,0.9242064469514059,1.2792235692746563,2.7013725931325085,0.45163067006373925,-1.5978598422785526,-1.0150243146093274,-1.7496571305133615,1.7689257155926108,0
-0.10754066141466834,0.029310559910878362,0.47129842609536676,1.1625331872264724,0.9471566950215298,2.611865891515046,-1.5968577380139828,0.18312971903922648,-0.9679722471995207,-2.231218695521958,0
1.5463203486935433,0.7780273613406409,0.44798828361430054,2.7508999917628074,-0.6772497704916887,0.2983573084611414,-1.5848842884464878,-0.09350015422217495,0.24357623328172018,-2.3062534049035186,0
0.6052083108380015,1.866173732632195,0.8823102474879136,1.5554465493361245,-1.1055342643201316,0.8547676177807086,-1.7196420431876545,-0.8486853281790746,-1.4278651624455398,1.0343326837608422,0
-0.48032278778672644,1.4310258947104117,1.6784540847722471,-0.6845574457987396,-0.0884834709634843,2.680230714145164,-1.6125051807846542,0.0959693413183269,-1.308444744143329,-2.459629940987594,1
-1.5246747192738708,0.48857004924453,1.815593407629183,2.842896181797469,-0.497563904281598,2.4451245126017573,-1.6367748335520553,-0.9680404744263044,-2.0941008809161605,0.2241817781351947,0
-0.3593537560586284,0.14696751730057725,2.011306610461916,0.39775098532691455,0.4992867879609175,1.976848628459507,-1.6504542949907888,0.6749278037044955,-2.0148934916231904,2.2110196665516395,0
0.0027278107140544794,1.6931839510388267,2.0303357105188606,-1.3455797831492708,-0.9541706490247317,0.706513581754232,-1.6118518288589527,-0.08868337298671758,-2.0542663710533966,-0.6270976627763956,0
-1.230156428332234,2.1597762442413493,0.5232334249213819,1.0687080735993848,0.21015883029533589,1.8465749929447246,-1.5765870711115142,-0.6967622014964309,0.2975549860416731,-0.6962792989264419,0
-0.13980417169294368,0.37321408725052213,0.8224606560945376,-1.3519032941852953,-1.804444569800432,2.871686149384013,-1.6020280991052906,-0.943222869211971,-0.45725169686488853,0.7605945314509368,0
0.8166159403775961,2.2081717062852775,2.055623687678284,-0.6750962977430843,0.4460046644369742,0.8573491588710029,-1.7209360838702379,0.19617753244944347,0.15491887369919155,2.2978781321213915,0
1.5039854521622888,2.804911717214304,2.6319305755453257,1.2876249422085926,2.7611333412172137,2.965799740748481,-1.6000344700475386,0.9868724380471787,-0.12498277526561186,-0.42546081643103717,0
-0.4125277645262322,1.4317924274113494,0.5287411330312368,-0.3209329365774647,-0.9622674829763695,2.5916661549510267,-1.686088216723923,-0.792040767413488,-0.4928529994518893,-2.724293405370459,0
-0.14657718140905862,0.017582238033715596,0.730365014195957,-0.4710423783988176,1.886291114549289,1.9969011420099607,-1.6510567115274726,-0.7215317194943788,0.8196803155850088,1.0791584315865,0
-0.21399727643705035,1.711409101633366,2.7152511530673293,1.5957777033639404,-0.09843498052137489,2.8747015037250394,-1.5857874481355785,0.32334863226279187,0.36020861520180425,-0.8264696164938137,0
0.42425545420140964,1.2658698126958055,1.7469043235249722,-0.004762544864746587,-0.5022418754996854,2.841573283061153,-1.696453491171599,0.5536530636405066,-1.3084958792632313,-2.9835048044704062,0
1.3143583100770722,0.15808595718251123,1.3931276035792246,-0.2384554084190591,1.2009469547492784,1.5972722213359491,-1.7101811695844686,-0.6793903786710448,-1.925437589102395,-2.7964024537603844,0
-0.9674519855262207,0.10380588971166012,1.9994445923030513,2.3077847865064154,1.6654591265490826,1.7320902876999456,-1.6740719314174402,-1.5551301297368343,-0.05173227583692919,-1.5578074781885558,0
-1.3616479854642702,0.36574913403027914,0.689715915631302,-1.5927303978201923,2.6882540400706256,1.1151917009469878,-1.6618374411155667,-1.362911895018185,-0.8871447743351673,2.1695313626000776,0
0.16598659690051765,0.6209887620069509,1.0241542960682106,-0.02298440692828918,0.895909903949538,0.9766001554897539,-1.698396873767316,0.21144001779235877,0.7123992360625957,1.783518086176222,1
-1.3036092779142647,1.2015382819763905,2.232465306961424,2.61347498111986,-2.2199240035398513,1.400380549463932,-1.6904970251326947,0.9804318757564585,0.9189433408629668,1.2409279906924895,0
-1.394345655720227,1.1441670345167159,0.3257617843698327,-0.8605555706185433,0.9258330129073689,2.42431610835746,-1.587618526107898,-0.8010887430675729,-0.9327200359757026,-0.6560795405598343,0
-0.6672616531784684,2.0133360668983817,1.1006572622556603,-0.8076734037251236,-0.17490518245902864,2.2026968329583503,-1.5895436444750404,-1.0189163256751064,-1.6826205512164254,2.0142229271369003,0
-0.9755780321102129,0.4920645527368096,0.7526700286341366,2.937635934892496,1.4681043226758579,0.8783089574290108,-1.7075851729197546,-1.0600963495605342,-1.424408298259587,-2.533334887551146,0
0.956784968144927,2.2638211944158733,1.2005215000995475,0.5423687377546305,0.06937221831241125,2.5216358174404605,-1.6829466195668477,0.6998065973925327,0.8452454645500036,2.101694170952958,0
0.5945177422459837,1.7641994137871426,1.818284618280593,-1.082403453559674,-1.8899371689897773,0.4907110933681097,-1.6296297483484117,0.4889296265258636,-1.3861108376984657,1.9582502634004997,0
1.5102801547896567,1.3337391576546531,1.2747518721240356,-1.4253136803527704,2.5070054635573333,2.2893591758334426,-1.6174577063796636,0.17682893034323777,-1.2957315095450936,1.958279033608758,1
-1.454723730997388,1.6573435023467251,1.4294485280746965,-1.523651291698017,-2.193694339992541,0.6639271291696746,-1.6312020495860142,0.47209654887835906,0.9838996935935715,-2.182306038174265,0
1.06693313890841,0.4272670591570056,2.7350491874399627,1.9291267438261546,0.20415308275688515,1.8398031860708441,-1.6362876868238507,-0.9191672469644836,-1.6387049157851572,-1.5181450824951943,1
0.01858884215407408,1.5647368077433643,1.0259896577784706,1.6845886859830355,0.6664705101354631,1.7234024276183388,-1.5773742229717274,-0.7450508562207925,-0.09251996656654438,-3.139723513779754,0
-1.4684873612472253,2.3549470096216227,0.7754263057620611,-1.7382393050052982,1.403227561239655,2.0740352466082523,-1.6206580447794827,-0.4506845264374404,-0.07867802326865281,-0.019805024415138206,0
-0.17378339328501768,0.6781745281095133,1.5440710245833735,2.130081657802295,-0.04615174559406121,1.4648615623395085,-1.572361194847325,0.7186643386213227,-1.443162076634608,1.8313267763153545,0
1.2809100056503817,1.5383977838632932,0.7125165784795167,0.2572629832099098,2.871278193023552,0.5534838103144991,-1.594256450719711,-0.30412444957650187,-1.8944071796982898,2.0617816293308926,1
0.43982818252226674,0.5566186237172173,2.433974527687141,-1.6764862514272367,-0.9400298472344122,1.1982951822816834,-1.6404225318888677,-1.38611647057742,-0.9390360170516727,1.3089322622499693,1
1.046372158627123,0.6428206723131951,1.4078587550126962,-1.4126551163833474,-1.4036248162850795,0.6717130561791059,-1.6275754934394662,-1.346563096980243,0.5528485317952225,1.2653570882524483,1
1.2086351823992734,0.434584788910874,2.6600283175241484,-1.5408146562918288,2.6932318906260875,1.0438362132811676,-1.6207557256923601,-1.1226990229765046,0.5336331196838269,1.457888705021872,0
-0.12146853956456671,0.6948546495972467,0.44275562260344054,1.3505977994271703,-0.8965387932384363,0.6301733655738195,-1.698874109160777,0.8260615728864222,0.07375459514691896,-2.864420762741215,0
0.847027417017711,0.8428426243984382,1.0284408733616108,0.47024257055389196,1.5072821321358245,2.1098718755552377,-1.6512906466648358,-0.25894817467421527,-2.1273722097297636,-0.405922956015075,0
0.6898199465428572,2.9155783465760305,0.9291449577244179,1.3081711097327267,-0.0685792299704091,1.4372193398609112,-1.697300803875846,0.891119911106131,-1.5062626360890885,-0.9221411755106037,0
-0.928114487024742,1.5686666880454985,1.3471101082363874,0.20101808305697988,2.294469331064165,2.334191191322776,-1.6426918959380716,-0.37101792851476745,1.0232027150356684,2.083467032442775,0
-1.0777296144157518,2.656279864562039,2.5092454767709684,2.7920569985172126,-1.9076747921683204,2.973589561214437,-1.61496304217323,-0.05334398866926238,-0.8558625132898088,-1.3028949010406734,0
-0.8449707990482757,1.188510712974299,0.7561484554787052,1.124493976380149,-1.5955360444174955,1.6282719869040871,-1.6330653629363139,0.05652456682389628,-1.7766221479745354,-2.617913731257173,0
-0.19830764454454797,3.006902703394271,2.5910528505183748,1.9206968935269568,1.608699992204262,1.180313578466981,-1.704489313876534,0.7122049866293987,-0.5544941239838095,-2.5910863984668744,0
1.1713170695945785,2.843560918622284,1.0553520978393458,-1.7018275908647915,0.9509201939111627,0.40038501918381975,-1.6558762522619992,0.5403520323954794,1.1570566159039553,-1.1176878431587447,0
0.8557690451068065,2.8865054805701424,0.9458452889341382,2.4554661652325294,1.427392384452233,1.3794803942621798,-1.606029411048917,-0.6969566854206817,-0.48262849124314267,1.8995495660933694,0
-0.4766638749937304,2.007737949515625,2.4753589632491027,0.42794937440326564,-0.6588615698477012,0.39286669808066865,-1.657971694828673,-0.2891121450193155,-0.8793511022200451,-1.6247292303347864,0
1.1968591067654504,0.16204806801290475,2.489632765704182,1.311600953324454,1.0810703219703401,2.48847704935306,-1.696399085674158,-0.7995816210198811,-2.1019966153938046,-1.230544955478856,0
0.6460174903206102,2.7380481720930008,2.410544401498927,-1.341733378467395,0.09283849217969209,1.2373842018001024,-1.6908819824306256,-0.6168683953501526,-0.037501388026918825,-0.4623111593228244,0
-1.1409128139551539,1.96570562631961,1.4619873835183075,2.8740125941339514,-1.9620235609372263,1.0354412900701535,-1.658311102950298,-0.07904188834889747,-0.399572085045208,-0.03814400367113491,0
-1.0641867841280583,0.6521222705599192,2.302808245979326,0.8802373196747388,0.2559701928348246,1.0974679936363658,-1.6753654022234155,-0.5759967148742186,0.3482288782863572,-0.5364484811342689,0
-1.5134584628037295,2.3818601698337964,1.9175575145162134,2.7211475300874994,0.462275067821889,2.0517813110696874,-1.6488304583177809,0.17191203513336273,-0.776986114970962,-2.3871330299639353,0
-0.4985101533842309,1.657355813614421,1.7801132924856593,0.5199030326719405,1.4269993808450407,0.6333914367208624,-1.6720278055350415,-1.2509318231847042,-1.8427379112353552,-3.02341598757788,0
-0.2789791469952394,1.386695549176148,2.3408478395663836,2.5103281211277135,-1.4503094420423983,2.1981287882349165,-1.6517108131103189,0.7813455303801875,-0.6109839078535113,-1.0708797270342827,0
-0.01602714280427353,2.860180165720177,0.8200937783264727,2.149335468985071,-1.3145097037332447,2.022143787079296,-1.6531097813894484,-1.3023378268415995,-1.8430544205022703,-1.6026116764480904,0
-0.6427155869374821,0.8938023600056193,0.7672312218191532,0.49534793561997503,-1.8296964863997995,2.2171668549084855,-1.6012944933429136,0.7162287820287057,0.7683386985206755,-1.294689864326255,0
-0.8635997019214225,2.3199671642297517,0.6188447263688278,-1.4661127466340127,-0.678185486469665,2.3363959883760277,-1.616298774975642,0.9555779309858841,-1.040195107529841,-1.6335323023384691,0
-0.30922694038393295,1.9066322815827548,0.7902741581684571,2.714132878471651,0.3728875906229039,2.397806429196931,-1.596152911975743,-0.3448559588649591,0.27213921360916604,-1.148317685403851,0
0.8081508009558604,1.4608766338902235,1.6736303438198403,-0.7188865722779418,2.7986729634647185,2.8382175940149477,-1.6275599447134184,0.9474559065614832,-0.5478169648925868,-1.0893906544053777,0
-0.7504408183598469,2.087456593978054,1.630746058460405,1.3895055290734448,-1.7632684058358343,0.9796848211764297,-1.6122132942571872,0.46055885855382583,1.112443787729128,-1.7570853130285862,0
1.3026049749262645,1.0267458189029077,0.5808688771013968,1.685806379771293,0.019483087587801595,2.426780558730246,-1.6786211527930124,-1.024500915536195,-0.3897116407166292,-2.5102621126332014,0
0.8992653244052724,0.4661111828057899,1.0557217612274767,1.8565874107812372,-1.7037870839100853,1.9373922672053472,-1.6328672635655048,-0.19308538347276527,-0.6115667710552934,0.4855004203269986,0
1.4725811961768687,1.4088257472863355,2.295974403167244,-1.456082964994374,0.21162813352769216,1.6674938237259824,-1.6914871411671815,-1.3405534627050193,-2.0184114908886555,-2.936656364945845,1
-0.7094277400954334,3.1160831729349687,2.2823525877715016,2.484534401146263,-0.793915460004879,0.7347115062959676,-1.6593859657965089,0.6856733065387794,-0.9017379136770027,-2.5483497585847523,0
1.2318415566480396,0.7745810323354185,1.1117600430170964,2.4594458330839126,2.5717179861290775,1.628082849343743,-1.6749645515426812,-0.3350850470752198,-1.5222244141080712,-0.5282281699573912,0
1.1413646211485042,0.7544935289440725,2.159815460234185,2.816143804656436,2.1220818239663073,0.5241451980304874,-1.6893770436336069,-0.20956026488481472,-1.3905604700464642,-3.0615481925120824,1
-0.14912362841317983,1.1075860293774606,0.41826184838858116,0.6489031616061385,2.8356980547964117,2.116609808867658,-1.697364525679663,-0.25407209866899794,0.8232481225845447,-2.8437624523971565,0
0.625840859679504,1.6719874494893945,2.0195514760526274,-1.0387435807427328,2.4650506735561057,1.1589132599300827,-1.7135681910988003,-1.3570626296306671,-0.7032293733514097,-2.921648791284515,0
1.0071103693744388,1.8895229367667834,0.285906580044548,2.0660448262324183,2.8568871571798464,0.37423651578845785,-1.6116405199396093,0.9863816029409318,0.4637361948876486,-0.3801253887337279,0
-0.7719618153063187,2.1759421600256035,0.9864510146687805,-0.6898453508706921,0.3728614083194959,1.2952535733372192,-1.6715199133655525,-1.1147438456099863,0.6292822796141482,0.7102516225526125,0
-1.5152853344689048,0.3592020502400054,0.5739897020468383,-1.2159348857229269,0.9714386405022881,0.5851184972045936,-1.576023889853921,-0.8557771318644083,-2.1871837768339573,1.5311587549367833,0
0.6757437135715396,0.8057765822470219,0.5500993164755934,1.3621656839515515,-0.44205730305066515,2.5049275757726552,-1.6259251419771559,0.6814313697852434,-0.13619838099609716,1.1158234839906247,0
0.9686884798969013,0.8582865235829199,1.9810506726144368,1.3771990652912072,-2.3082206926072524,2.1706395847423114,-1.6817105558358103,-0.1836381712107349,-1.8932351226146826,-3.014268651278745,1
0.5565795811500058,0.18985562212564594,0.3022714446398948,-1.1223716409236282,0.6200078507487996,1.368592249803846,-1.5729147734931794,0.4992059223784804,-1.7714201932694693,-0.8638141386194342,0
-1.4956062555067828,2.5693176374131346,1.4963695469321088,1.4066428838116853,1.053123590868155,1.252535364870071,-1.6146566940493046,-0.8292938311136643,0.5955383531597733,2.126664757852985,0
0.504468679467794,3.1061986819157106,2.294203406433672,0.5638632899508047,-1.8786689384286366,2.4059700278929506,-1.6597090028473425,-1.0376081141094726,-0.12214468392149902,-0.7537772360517301,0
-0.5261232368378457,2.774289003016601,0.8664888265790845,0.6589191392056608,1.1930424609380363,0.6019790154454869,-1.6094538431164114,0.08877635866613875,-0.5788981273897675,-0.2546644419301143,0
-0.4160237965325917,1.0069360179151106,0.533438357139264,-0.010241895283817692,0.39526576832162474,2.765626982104332,-1.5977726859368446,-0.5811068689559116,0.7699349244130262,-1.0747904690163157,0
0.50407037444956,2.787412813311834,1.1457238407506605,1.1832944093564364,-0.1723238978341599,2.431741901844046,-1.5769174117883291,-0.8783600167017376,-0.5230239738515461,0.8162975753012285,0
-0.1536483908330002,0.18459953732043036,1.7157168128488773,-1.0407663826933264,2.2580815384143094,1.439635577920514,-1.6946615098499598,-1.0700394040188854,0.423826394043604,1.9701681770312311,0
-0.8349152523298299,1.9562374963239457,0.5054238457966183,1.3341992438464247,-0.3786751275208906,1.4381039771164255,-1.6703723786683018,-0.37882666526511377,-0.06406393265578547,-0.18471051028685448,0
-1.0841669571121282,2.688934967089994,1.4085707742100315,0.8225342514634759,-1.7571728156143633,0.7053051120371455,-1.6411219892379365,-0.8652444714450641,-0.11395988250947964,-1.104316174126346,0
-0.3342011230769455,1.1901534673169085,1.241126512251804,-1.0037261694965287,1.9431375167808085,1.4532307206955948,-1.5828585237323909,-1.07514512482802,0.7360466075023866,1.315878121183966,0
0.9613659398139347,1.7040404593556018,1.8932157272106174,0.5860669601351645,-0.2752599871673578,2.8297829004151525,-1.6152963318430538,0.9013708530953959,0.6325277606795998,1.3225486269327011,0
0.3095091478130758,1.1370647468609876,2.4785436077149012,1.1409567290561253,-1.944704268807425,1.85861523346887,-1.7058325873141875,0.8589762524001967,-0.05334247634855993,-0.10548368534162522,1
-1.5171659297809121,0.8508881316453951,1.1121605027867636,1.43257696152271,0.8597709372399098,1.6348102529814825,-1.6831365359968626,-0.22478127140194482,-0.6890710938877596,1.508965124724361,0
-1.4319289617799518,1.8560000607498477,1.054699261086267,-1.5661227595635459,2.560759537572406,2.959270963489431,-1.702170836535812,0.18428543425077537,-0.8146906054247545,-2.328894796928611,0
-0.47569216920928015,1.8305842852586598,2.7188877524172788,-1.0682656787223022,0.2635709747771431,2.700569458455711,-1.6191816736411766,-0.45798454708429004,-0.5000512667312846,-2.929187469197544,1
-0.37471840701684767,1.2062133736892633,0.2593497350680357,-0.9926582267972458,0.4017251301472249,1.8005535675939373,-1.6694177938063353,-1.4985240576826302,0.27979906108520325,-1.81332823675739,1
-0.3931182006332157,1.0268983536756167,1.33382945226503,1.0321679184926715,1.3401269294677398,1.8308757709773082,-1.63699155175832,-0.4542080508984938,-0.7978911347538771,-0.45871815579885844,1
-0.29122891062628553,2.084940605526475,0.780409350444149,1.6652644490575002,-1.6390703443411123,2.7353439414113074,-1.626799048604798,-1.4448778527118291,-0.010966579781468422,-1.1656847615680355,0
-1.042680207023548,0.8973883781272745,2.3757915693673994,0.926577179751042,2.528119183469709,2.0393783560083065,-1.5889057156059163,-1.1604719457440997,0.8316955105514685,0.47310390479400644,1
0.4968745602468736,2.940455872184654,1.9765573422934384,2.529062652858366,-2.3141468955565516,1.777365891985737,-1.6135231469195463,-1.534851427538261,0.3449594926400157,0.4177132959086851,0
-0.019087726665404148,1.9417836550319458,0.5809257171953702,2.1320311312103977,2.2474573505083066,1.5976328401873356,-1.6445742600680122,-0.5412636744501278,-1.0889975138771373,1.6271048062198363,0
0.6346083419073387,3.110477497037583,1.0051888130331474,1.3447121652097898,1.971808429012028,0.7343604269864314,-1.6828335026280332,-1.3036196495854482,-1.7253376840275267,-0.9179228181626131,0
1.556176233978199,1.1647387891820296,0.38607158414575593,1.1959009176356434,1.8715586577010468,1.3502993729159913,-1.6843066315255277,0.38468714668569404,-2.193709129366684,1.3141362797838299,1
-0.8872747318020235,2.8440770799457065,0.4769502318205241,-1.2383063135229757,2.282055821907236,1.5701757344145684,-1.662001188962729,-0.1031139938819221,-2.0745286956367677,0.3754868805374678,0
0.5682340747837313,1.7811895416975243,1.4184159352860628,2.775928175932263,1.3055569553954962,0.4457202867284513,-1.6199556278384961,-1.4172562208586377,-1.2199570997448634,0.2223937057054468,0
-1.3725214991166803,2.047840820614887,1.803528150570398,-0.40029026799891265,0.48109160257348416,0.9945986441706458,-1.6174753119274403,0.721830776181638,-1.9783585751995234,1.1542730848037093,0
0.3841630992783156,1.010384847077287,1.149397630024069,-0.7745876145867119,-1.9449908006032317,2.3584022796554884,-1.601245211334891,0.9805969245540911,0.936259212345889,-0.7663145022735312,0
-0.43943317966843853,1.6550880000015322,1.5865556164627634,2.303913623803556,-0.9237949933527132,0.827384984157524,-1.6549436034537652,0.7162820053217753,-0.723519221898002,0.8069068173947422,0
0.7758665656183277,1.8927435407002264,1.3591171962711859,1.870241502918117,1.654788471005089,1.4532292870424752,-1.680884215073516,-1.2140157030923928,-2.2711647406753666,-2.5214734411910005,0
0.7886899401398535,2.4837434105475507,2.305474414332136,1.7222355497980049,1.4895622757416285,2.9654761677854995,-1.575662778527731,-0.8821007938934481,-1.7771770000017812,-2.3028019156961306,0
-0.8117588124237014,2.2704432146904807,1.1061690556265968,0.7501156280173813,0.9076889322708532,1.8940156754141435,-1.6023383063696472,-0.10720868488701552,0.649080605307824,-2.6778142474333966,0
0.6538075984835185,1.5513943318436145,0.8119437985636541,2.855270620449544,2.6370741909703064,2.56603248320627,-1.58338452531821,-0.5922141376595279,-1.4929320762644538,-2.141118573475523,0
0.29953332745188166,3.036606706420449,2.7146944711697643,2.245970567521032,1.0079453183989293,0.6750759714171297,-1.6964437855181191,-0.3579452182507079,0.36295609732595846,-2.193701942910278,0
-0.44967182464557975,0.5517199570846854,1.0362972776104358,2.422456197220285,0.8291385224054504,2.263435656026335,-1.6630453030187802,-0.5630223991129795,-2.2325070344586786,-0.20238930689736145,0
0.8591436363505955,1.135329579705872,2.4920102237427137,-1.336024020832212,2.853249337874292,0.69442772871895,-1.7151772503329203,0.34628645781648726,0.8375593143792619,2.046990014604314,1
1.4720750941863139,3.0319190070068123,0.6389161812885593,-1.4678800460117685,0.7408295441497024,1.6023216182301705,-1.7048562777991483,-0.3806470452211481,-0.3260437913274714,0.8082270033625156,0
-1.168261970750333,0.8090288228320094,1.9233290056135144,1.4741603177393694,-0.9104128338461763,0.34588986197244986,-1.5782225584745997,0.36255101336124707,-1.5846988723733573,-0.05076553947580775,0
0.7634955322918648,2.8309433872998877,0.733435907991036,2.7562858503121648,0.3488325557904055,0.8072262189387773,-1.6006475949629015,-0.3659442869690117,-0.08172050382819851,-1.5152734708916191,0
-1.338858653416566,3.06634506224262,2.6948601290086387,1.1888508361894878,2.061207028110485,0.3504502270106895,-1.605509455532889,-0.3291533494946186,0.010717364225748316,-1.1837572042602573,0
1.528275614158223,3.076488900043559,0.3667742122735744,2.0134527617233786,-1.684054624385382,0.3301934125570088,-1.5832542659648907,-0.890583989356678,-0.27428914214963696,1.4415248112603094,0
-1.5670002530502711,0.7188520513269457,1.6604338937629635,0.8039981106569729,-0.48823939842023534,2.3182858175450325,-1.5754496167727752,-1.1933935699298492,-1.7767533889614258,0.8725678953971125,0
0.5029520569638606,0.6198247293895544,0.6064710048471317,-1.557803553473176,1.3554729043653642,2.966525720612936,-1.7070493966124896,0.641580997432291,-0.9516740008968287,-3.048308305790056,0
1.506140098198469,0.6946351646771731,1.9929218117242917,-0.3910050274536281,0.20937909785656528,0.8317502108103545,-1.5960257443222396,0.7979010957100663,-0.8896518484944869,-0.6885595372216216,0
-1.0345146799911922,0.03873555637050628,2.282138630773794,0.9238937405602985,2.3243602741055485,1.07869165251938,-1.6765631190052332,-0.7363246347307022,-2.2187130381344065,-2.2121745301165747,0
0.5191730074003436,0.6815253919169351,0.30233317349084937,-0.43471912020127923,-0.17918192756846452,1.7651318142939645,-1.71102100372947,0.45247014735337276,0.5612843336018818,-1.9758794550831111,0
0.9704053456717345,2.634125650626655,1.3144308206277797,2.660681446435582,2.383563897846818,1.3009529397567046,-1.6475011434254745,-0.8368717029992055,-0.5043816873420961,0.5840610043057675,0
-0.0632883316149897,1.8016715457799444,2.056858830905,-1.2900923777177935,2.262106575008737,2.291726679712621,-1.6739940004240632,-0.2358093743348464,0.6803017206010651,2.1471639487252188,0
-0.5040894124080315,0.8042050806239115,2.4117340582758233,2.9043175225436553,-1.968925942253022,1.6464092455045203,-1.5891272612453113,-1.561919308671281,-0.7731431350687508,0.05044797430029613,1
1.4378682748938283,1.8349922848002462,0.4168110862722907,1.9503085271766123,-0.8428771686550132,2.508247044798451,-1.6578907115143433,-1.4601842170445551,1.0369962165607358,1.1227650487608227,1
-0.31665132187362466,0.02129422212009758,1.730757381212107,2.9002133053587027,-0.8057950992308058,2.841688646246284,-1.671380755389582,0.23157465845759906,-0.9638934589957291,-2.6755096055592205,0
-0.1553035070232498,2.0899437047670224,2.6237072505612358,-1.2592528842823207,-0.9288635930735178,2.768174405977516,-1.621697609570155,-1.0851688116992024,-0.24091299993350157,-2.1548407716468083,0
-0.2448595165667462,2.238445467370823,1.58218825802938,-1.4466845988930217,1.340042163097805,2.8081570997765537,-1.595576883964921,-0.6188601687390088,-1.4616562691592048,-2.479040121146682,0
0.18363088449435128,2.3069689551446984,1.8308279018206792,-0.017227371019247206,2.9341215881744125,1.6603911990200038,-1.6383139702026468,0.7786016515898495,1.056662570580658,0.047377322387908816,0
0.27114474122278875,1.410786497463624,1.3252003221211028,-1.4756585449474866,1.4604697720543194,2.175007365872386,-1.7037330717574686,-0.9813228655547888,0.24037137970613776,-2.3223873351233517,1
0.011776780797924546,1.7123564816540697,1.1393029879123773,-0.5305126888137828,-0.36654974492962866,1.2581736247223811,-1.6294980026789823,0.33328433441286487,0.6858762715642555,-2.976205014169821,0
-0.7572017686389927,1.3703471621867176,2.3575012775619633,-1.3890726833616016,0.5776106536846992,1.7675143413879582,-1.6719675378287362,0.9127230861697144,-1.908389183375793,-2.3951023145635233,1
0.08362113039000629,0.8505101883074124,0.9162041027646312,-0.31364365521365056,-1.5114888973459761,2.62527457681416,-1.635175720331422,-0.9435418720560071,-0.9237285949390159,1.8116224110119634,0
-0.39469518297263706,1.079871733759852,1.8942631812411834,-1.025565078378774,-1.2260171795286636,2.6157140796038294,-1.5858683996346923,-1.3584162292727935,0.7277056029821254,0.8384763026691169,1
0.04478183120656687,2.471414943992768,1.5255971068525553,2.7101787841472555,-1.2817957373117752,1.6500197991264474,-1.6731725288346369,0.5343544781231959,-1.9916390274718812,-0.7715787882107605,0
-0.8985032270681627,0.6221623111764619,0.8559821439877418,-0.5099630183019359,1.4384537768322434,1.0635147633097717,-1.660434929108737,-0.17379929213451262,0.9574161190838426,1.198120674862437,0
-0.6185916160619375,0.6972812301201132,2.3728773491763864,1.7611903989359794,0.39597887974868584,0.4802750416161635,-1.6136786946769035,-0.24371810461327215,-1.2112100683270635,-3.0857262217156007,0
0.21679118027748645,0.9102598497003744,0.5342498124741415,1.3386231957079744,2.000714703411197,1.1479107223403568,-1.7089892611020316,-1.2125527631707447,-1.0457788106282138,1.302357637549631,0
0.10930747511660077,1.6137671618598448,2.748553958984901,-0.7922034144774596,1.338975144346767,1.5466650770356025,-1.6466884543400022,-0.7369349984296031,-1.0986956259955472,0.5533363310113475,1
1.205735765954273,2.59573507512395,0.5499996788797288,0.975476923115556,1.5752332642387015,1.7942565021682855,-1.7208493195341934,-0.8476394159182586,0.40001885447147867,0.915232097460644,0
1.1304746782540434,2.8836535726576216,1.3500958128706468,1.3238609786999338,-1.681326203153187,1.9630540999287673,-1.5780367199785374,-0.618804620746066,-1.1164155312457942,-2.9855916233126933,0
0.6865874631196822,0.2696343056897346,2.7010476444474625,-1.71880085316828,2.4300751493081645,0.760231639044423,-1.636411184358245,0.16515889834574837,-1.0418271507138357,-0.2510704009801068,0
-0.4132744360653602,0.8386666086414767,2.7481259913573366,-0.7860129106947225,-2.2889551099349044,2.830972307815176,-1.6564312300629802,-0.550051891349929,-1.3284203951013296,-2.9989257129457934,1
-0.13718352403966105,2.0714343826191124,1.5584707058610825,0.4080262901522227,2.315359321118877,2.7423853622363317,-1.6733841371165816,0.8852119393528366,0.6968108632986478,1.9260340379272303,0
-0.35537626479173046,0.8793280871523571,0.7423991135353685,2.5301707850899797,0.34371569485053133,2.6863038833462953,-1.6123096208765735,-1.0262448554849386,-0.9534952797720271,2.1455233489229406,0
-1.42090627577636,0.11571383751556685,2.709275724191964,-1.2552998310786063,-0.9021216633102407,1.7630507671875282,-1.5936543084929364,-0.2739882897888286,-2.0710472062744265,-2.4454162051686756,0
-0.9057542672707651,2.7809057384304987,0.8037757525654422,2.207747343102358,-2.2012719279811748,2.5219965105981412,-1.5818577813993822,0.042264815853107596,-0.12661206953143012,-2.3261788790349467,0
0.14700496637336058,0.895066335098851,0.8272992192039421,0.9994189747361872,-2.337441776114535,1.035639057121884,-1.6220759388320718,-0.4056877795813738,-1.77532179818395,-3.13280147869393,0
-1.4542780047430857,0.49501021382412563,1.5941565867300986,-1.1286086748737119,0.908996182176387,2.9778517310068127,-1.6328519968231363,-0.21993241976198652,-0.13595104317130824,1.6640916455486248,0
-0.06573789520238416,2.4180905723315385,0.7669138100683994,-1.2006372993700012,1.7499159098645034,0.41508199879063723,-1.5847412675469497,-1.517404996390991,-0.2049854714056476,-1.635012957834391,0
-0.6336024213768009,2.6386719269625734,2.132213461247394,0.5915247179231846,-0.1111762220914132,2.2556901031919065,-1.5812329836924128,0.4614089178268579,0.25614273118813013,-0.4764338853603616,0
-0.45120831382750537,1.1898540520329821,2.587546020950091,2.032678101532689,-1.5473348694540732,0.41892419506917333,-1.609234977387932,0.18485637689046497,-0.20655933774332924,2.191474556123651,1
-0.7510542835897488,0.04462891286437585,1.6705177672889255,-1.6116599353950785,0.7264931901550558,2.7184618339194446,-1.7207464577366374,0.5928785118499944,0.4802686908173057,-2.5605456096553887,0
0.11728553404972075,0.7999822986447054,1.484964870457547,-0.5915311670594781,-0.8167475781332469,1.9384836691942904,-1.6841111112347418,-0.7375125682795548,0.9233165128937149,0.8430367836529378,0
0.8320597414359183,2.3150105930883864,0.2668813399256378,-0.5949571043035395,1.1436743572570163,1.4707381014180059,-1.704323139789377,0.428942306889438,-2.114089135122373,-0.1698999166410462,0
-1.2383493644558496,0.6211059845337524,1.0446241634239612,-1.634296455220897,2.3680813143375925,2.7904356936909744,-1.6484279629401268,-1.5171875361508735,-0.2794822926019018,-1.4146320496027829,1
1.0440733078332374,2.034372093222322,0.7023052205496916,-0.1886264218094056,-0.8563945022774568,2.5410301171865086,-1.646410382323691,-0.4757785392971987,-1.7746584214420125,1.6434476373307532,0
1.193375836885301,2.5714805443873665,1.812360528293152,1.559274265510394,1.9025778669718045,1.3955233047042066,-1.6689048828396231,-0.8316830954027947,-0.32339367277812014,-1.236018107903844,0
-0.8166256631759701,0.9864831613898197,2.6328055408924675,-1.460230254915309,-0.90806502680626,2.7695080694954064,-1.6100688228461748,-0.09071392402677092,-0.0047278919175099965,-2.6099320007096596,1
-0.05617233840110725,1.7974331586583814,2.652631122807304,-0.6566499909666985,0.9708356365404733,1.758511496035468,-1.6997359387336894,-0.6413784069955705,0.4093445620931262,-1.9790060401570426,0
-1.0131722972482624,2.555868799701222,1.8255375623220873,1.1666350448238023,0.15149040649046785,2.054303651675654,-1.608822973535604,0.013842644734691989,-0.35123265479500754,0.17293634397676705,0
0.009087588544829606,2.8774533287262596,0.6532129703324276,1.109403967384187,2.570501041222407,0.3617968430134804,-1.6390340008492164,-0.9250505164327627,-0.3452342993157915,0.954056867387163,0
1.4037766955390858,3.13992784411156,2.2075954343492823,-1.4036887646293117,0.3571379077788106,0.9962999856927359,-1.5819197975887607,0.4331527390331471,-1.906252482328365,-1.8115751206231614,0
0.004838463993670716,2.299721660420653,0.5276394307165602,0.927158132372004,-0.5348427133679781,2.0300562950482135,-1.6231865177943277,-0.9543986633136597,0.4248677733883066,-2.641593970033815,1
0.32400621624818604,1.7118609379516898,1.7323025887602161,-0.1111354065269532,0.888233429478428,1.0114593856293252,-1.635259778923485,-1.5490231150090492,-0.9889136707750537,1.373108659019128,0
-1.3842324299972846,1.104646541555209,1.8126230008906106,0.29775834588623606,2.251971098111059,1.3767960199384384,-1.5786976785876559,0.6738209547227096,-0.8286400900256459,-1.142274549436528,0
-1.2217476709007067,0.27358603982812396,0.7188879845784242,-0.6111464984322188,-1.5685767782756344,2.337449293965009,-1.6132401399593508,-1.0862680841118295,-0.43069296449218486,1.0336926405058926,0
1.4021558358681878,1.2043529563728341,1.0162675652011899,-0.10628863570041935,0.9687841375016819,0.6593156705687567,-1.6921164834642899,0.42690341050492453,-0.4128937277162832,-2.264092699352009,1
1.2064195305141137,2.10782054674473,1.1627637369459327,0.13772818289748812,-1.7495384397142415,0.45344328884667096,-1.587925715221537,0.7012247969408001,-2.267008919866687,0.36176785071258033,0
1.3000748198455045,0.9205042131410217,2.4602198603465633,1.1560391559219503,0.9061251124293199,1.2911971290535142,-1.683631928325474,-0.2925159375697395,-1.8163009201478855,0.5311797981332784,1
0.47141008179585575,2.982758085050273,1.7291270635788272,1.996943718863919,0.7770322689983109,1.7164069350298268,-1.5930558843057727,-1.5424802008818257,-0.15617884118530156,-0.902573689407606,0
-0.7581907842765684,2.659367350541457,1.2659930122517817,-0.1678202778541884,-1.4479647173748904,2.974737716501023,-1.5917941181996154,-1.3909616015048405,-0.33143872614258685,-2.335006980962291,0
-0.4046594724244226,2.8439866441808856,0.5294361860894918,0.8757123655174901,2.4830562525343396,1.209781882858623,-1.713709965274515,0.848501041577381,-1.7885241018743345,-0.545628202658548,0
1.5642004219238557,3.0914078113205,0.6976929474132935,-1.2129896891227876,-1.9729711257175033,1.6585181945364262,-1.5939183764972884,-1.2456623845444597,0.13207788694480138,-0.8865799790370321,0
0.8426268683705087,2.3306118430167015,0.8849297928575114,1.1025814544988917,-0.4922525741004551,2.0841201141401076,-1.5823387570189165,-0.9442839309420925,0.954255521359173,-2.024220792677065,0
-0.5655592451799707,2.3295322978719546,2.2979458615049513,1.442787920554896,2.80191129948933,2.2007181882186235,-1.658928824082492,0.713462761498387,1.0171095239615342,1.1834155342058046,0
0.027864906642679488,2.204163469492947,0.7017762373333079,2.491109186618437,2.9541600497523497,2.0805928656948494,-1.6917440389408078,-1.2004299726501513,1.021528976714552,1.6186646958614888,1
-1.472904866365932,2.873035370253549,1.515984226005443,2.431804824811908,-1.4807633253272658,0.7840208424240671,-1.643832257189814,-0.7192076694058364,-0.7893513391249447,1.219143306710888,0
1.0041170363718945,0.6984786106098585,0.47381078716419256,2.2424366137207072,-1.2736322801045912,2.2682217244292273,-1.631790291126286,-0.5833088753816791,-1.356379724281266,-2.826201027804189,0
-0.24269557864777758,3.1132669719365844,0.5935055260754456,1.7295403903178186,-1.2173691581257085,0.8924828222465455,-1.6698524529225465,-0.3862095533356267,-0.5102983407716553,0.489244997831491,0
1.544658344944496,0.5459597758056433,1.2412082068900427,-0.4947315523743081,1.4191211515050708,1.1460907965233527,-1.592773683714547,-0.0701863684648747,-0.09707585461759027,-0.36137571612492936,0
1.5603274567379024,2.103172298868252,1.3241158866288887,2.456593011177392,0.8624058156279495,1.4999774945464253,-1.6817118256910575,-0.9430048805939595,0.47856887287358285,-1.6137693794455121,0
-1.4704081401738127,1.3306988115471017,2.7083291620000067,0.8888828355589298,0.2482008170550909,2.7599824870183864,-1.6681558496627351,0.4641599244901664,0.20490826910515958,-0.5344628039656629,1
-1.0674595567832186,1.6586755685308685,0.7559029748270623,-1.6629591812701356,2.010161429831528,1.3775013960667997,-1.6389783914173655,-1.0007857526764727,0.6172626479792611,0.7986786061099855,0
-0.2046597882210337,2.447132784077892,2.703716410567199,0.658403139440904,0.9499403300491838,2.104751919414557,-1.6472496419288585,-0.13001455996623634,-1.5083905440589855,-1.1610492816060132,0
-0.9541820848462317,2.711341151954002,2.0105183009562957,-0.3159782204294992,-0.9029539008587286,2.156797074006456,-1.6888589030430254,0.8906590065262654,1.1289820458220028,-0.6382048780432985,0
0.4864969262849972,1.3758284639656317,2.205826286052536,-0.9796746833990332,2.601634535141703,2.9554551138695566,-1.7028689486485802,0.17760686579535956,-0.6743092901936567,-0.1846739729383544,1
0.024139628370298816,1.4376244875692035,0.6705693918446409,2.420293553485868,0.06242699324137657,1.9992172954669023,-1.5818409858560474,0.31816550332357774,-0.41703786849237656,-0.9408817328488905,0
1.1205032776754955,0.8390618923909479,2.6274533745418864,-0.5555639644056496,-0.17411428195417145,2.384577898497756,-1.666239966832987,0.6985709311269483,-1.4404584472292212,-2.9688183753101587,1
-0.46647019036680026,2.958092683728069,2.594505051139717,0.24563597104870216,-1.6250894053084282,1.1790049720068194,-1.6618689691761153,-0.07794087104603742,-1.3324443993087653,-0.1346082641230768,0
-1.4060450410414427,0.2908513194497972,1.8879107428918542,-0.6683005000411952,1.9034814016384667,1.0175151804414186,-1.633618713819743,-0.8017569243550045,-2.044217805971397,-1.3942458568030487,0
0.8268384952523864,0.925220119005982,0.9204588668323799,2.8396488472403902,0.2658038976497208,0.8868563259950637,-1.6621517392509162,-1.1006548761233257,0.5894049133875559,-2.484819328707144,0
0.6684427499349879,1.5717833968823787,1.0044147536048005,-1.0871319142912812,1.2883265452944,1.6697954367971304,-1.579184112353745,-0.6330534392676713,-2.135822101052077,1.0196010312079191,0
-0.9573230258753042,2.5250979900253374,1.3220327135827885,1.7280489788240931,-1.437060692942,2.979470466344951,-1.695111532888252,0.5532105200831869,-1.54574573666605,1.1334619423972323,0
-1.1525586557195133,1.8487912790999412,1.4464884077511695,0.27236536784265386,2.075549139408003,1.8503510936999754,-1.6273394599060864,-0.9659751553695483,-0.7424799137454392,-1.1223518815169462,0
0.46539836645213506,1.8150432384685862,1.2708580362127244,2.2482289326581557,0.5525466603818767,2.7012947564118224,-1.6861969098147072,-0.4444195160224502,-0.5559970132431409,-0.952406257585328,0
1.4668718622107642,2.1540012416439844,1.5561390792882486,-1.0923754068923992,0.9911518759062146,2.5244262818310568,-1.7183744452968648,-0.4008374800028496,-0.58250447433317,0.7934792982002263,0
1.1813531280360416,0.8441174673098626,2.2240567753051037,0.758575991430047,1.6306200359864804,1.271112072143931,-1.582098887898826,-1.3720967200355794,-1.962550248357677,-0.2538129626965029,1
0.147577932003208,2.636850319505881,0.8273152172959114,-0.681806229529476,1.6267157646731132,1.07690849030426,-1.6112885873323006,0.06937669564042848,-1.9894860183474727,0.7436478494195504,0
0.35442275539569446,0.12221046666984056,0.2745822652617965,0.7941923583977575,2.4971631870847215,1.9020613778030258,-1.677446079884993,-1.0722187056122627,0.07821667776229368,1.0720009032610034,0
-1.4650350980846203,0.13606170586597105,1.1040002307895618,1.0961014363458634,-1.8056745745560452,0.5465312402578166,-1.7105815522053764,0.8022835959792942,-1.751978838103411,-0.5059020819688005,0
-0.7116334282612266,0.09234615223676268,1.6021518114952134,-1.7322148934571993,-0.32886535959832885,1.5811468243371165,-1.5997801169788815,0.22355483435315393,0.6446651121209119,-1.084945969809187,0
0.11145145526783806,2.8598323686002165,2.669815128979502,-0.7368620283814551,-1.4175045926762038,2.8311139299564854,-1.5775817470635107,-1.188147722780486,0.36865215864155365,-0.7930741247057931,0
-0.44282599272108536,1.95819756899635,2.6831491599418182,-0.8764530079728872,1.7536788193292523,0.3078554319454571,-1.6262291870553551,0.1000068669070091,0.3145326568753197,1.9169003709226664,0
1.5221417843000944,0.442700248845514,0.8893960771702133,2.926304935778851,0.1389318306853391,1.414767167249188,-1.6454167510471054,-0.5617279109279352,-0.23560554988932703,-1.2306170825241567,0
0.4760842486136674,1.238026229184754,2.581377678584343,0.5896581632847506,2.7558690462198143,1.410108774467473,-1.6627520884112894,0.7760873472338317,-0.10060648691661855,1.0242884484923276,1
-0.6403912946828455,1.7499199471133726,0.461446608434139,2.80351511585641,-1.135512239130063,1.6212619538551758,-1.704049810098178,0.08535994080317866,-0.932476535185812,1.052383807131028,0
-1.0434495865659046,1.1388979678248559,0.27929804525767127,-0.7457029537094746,1.4954653095476917,2.519765030914206,-1.6697232185788375,-0.198728743640195,-1.450973093759358,1.6683096359249245,0
0.48760939193017516,1.9277900102547345,0.47546112739881363,0.3114461045826573,2.906175300666643,0.9092212861802755,-1.6198912610236056,0.8315019886829191,0.3815423041613104,0.185129908831275,0
-1.1243959955452565,0.8146370021949766,1.243199182897599,2.49543328891259,-0.05906364884104054,2.3263019665336397,-1.5827610875051246,-0.16107021923189668,-1.210849461242454,-2.861549415061847,0
0.43014979789225793,0.4710747229248249,0.9126358934631286,2.3831762762452193,2.534082347819976,2.677429719552054,-1.6303310026695834,0.9287789511699531,0.730737976426048,-2.570609167693955,0
-0.31918662548694976,2.814016717430645,2.5618167073241622,1.832320678825806,1.0885131404898623,1.1707438979345066,-1.717309638255791,-0.8619150662356692,0.08121637255911418,1.5736754883650028,0
0.19209396245481014,2.9645586085928093,1.9418757051754845,-0.4107463815788597,-1.5926911233518135,0.5128583771984063,-1.624825858223409,-0.04793243414058934,0.675087660227053,-1.4205967280914693,0
0.18626898767170585,2.818874511993696,2.7328872926216206,-0.04959038934661919,2.2428169664216053,2.3424320112708195,-1.583386166645719,-0.48415832107468293,-1.927710160136313,-2.493628648518706,0
1.4630132664213622,2.2598955155184077,1.399543275135907,-1.4650454921625096,-1.9901929176745552,1.9017244889126446,-1.582320439297442,-0.5475858300495449,-0.03976387931279346,-0.179966851812162,0
-0.9567973144543492,0.8277910385047983,0.7527430884410299,1.4427260607920722,2.1482264501858843,2.7932436902917983,-1.6320858670380396,-1.1198959959244787,-0.3572902935198181,0.4961957486250901,0
0.28620216698191325,1.1455783163917368,0.8279932654997869,2.5428797234552487,-0.09018762046154327,0.2940923042802056,-1.6391469655005468,0.03759478321784315,0.7120334688519971,-0.18785577586183333,0
-1.0351415990143662,1.2893504385827521,1.6714940870285828,-0.46769944754959725,2.4204230254489563,0.6176350360805634,-1.7066429383508412,-0.20107245471432056,-0.12821424695140937,-0.3495306387207031,0
-0.33526828885283355,2.3591992467379725,2.7380310836041355,-1.6543017258134405,-1.7154918495121432,0.7917266335722568,-1.7093541116129185,-0.4487321278419243,0.6983162332024753,1.342361606966724,1
0.45943295004484397,0.7317431526795505,2.4254375302220987,0.12031745534880933,1.5341108022324357,2.246662203351531,-1.6945249934635922,-0.25125941833153353,0.9073092960215652,-1.7034289594659557,1
-0.2376842867327642,1.6755370298732215,1.1575956607663156,0.07860261194531404,0.054942484271937264,2.467413800877716,-1.6548934363934105,-0.32584267505858033,-1.5117916036553838,2.257587124851137,0
-0.9090516981168443,1.9319292358297,2.6635407125410486,1.487213522823486,2.7397472179746645,0.7268337405002776,-1.6872673278399966,0.6949160007177422,-0.8328103808087297,-1.113019631317281,0
-0.5051003777908585,0.20440694994805317,1.1160277157941545,0.1267237598851545,-0.17921590049261305,0.6321989935362953,-1.6866471059707784,-0.1946214925365155,0.4111812273348461,-0.8514777985762252,0
-0.9449834324248187,0.5642015282920543,0.6470767336059149,0.04621409349760963,-1.2405776494017156,2.0443192799399674,-1.7043898979773597,-0.42415593816095765,-0.22686043337410045,1.412899583892464,0
-0.6408218590288913,0.8169434980688164,1.9589719440185294,-0.10228979354537238,-1.115557248224328,0.4447040834528788,-1.6793747077849148,-1.219845316894174,-1.0068875021300283,0.6969460743757501,0
-0.3885038737056976,1.817258669232426,1.528908316634366,-0.7253622828607831,0.3221503519026707,1.663774392445177,-1.6757850832008991,-0.9060998579199682,1.0908168677666819,-0.20664094394161037,0
0.47019000654448484,2.83488088577622,0.708794959531061,-0.06731814196662467,2.7761870135660676,0.7636770384457332,-1.675483358254912,0.9635142872445239,-0.622355033331597,-1.4010995192067242,0
-0.6826483149512153,0.8141769093782997,2.6557315126569585,-1.3538857089980176,1.8463493565526026,1.042826034463247,-1.5992706574775255,0.5990616820718826,0.6428128143424221,1.5932310439745092,1
0.040263721370912275,1.634561144954327,0.38262335349414345,-0.14192944801232765,0.2802420247081474,1.10609013746432,-1.6090303958280088,0.2785158254097311,1.0645247914383096,-0.9523752203174296,0
-0.3406447366483878,1.736404677766164,2.7343020255621036,1.8947785451780361,-0.8407358968062877,0.3336569863026296,-1.5748197091191831,0.26220556398771877,0.516966881108675,1.1920947156065753,0
1.45908734352865,2.1666274519698336,2.5854685731904765,2.555860637972942,-0.3337553295585538,0.37583155764187615,-1.7155455668143142,-0.4271866028777813,0.5938600708265964,1.4890062085036333,0
-0.7703528691267968,2.3717110339502807,1.5240110902223565,2.1720548216167725,1.0298364377139313,0.6684203042672134,-1.6665590812961983,-0.1488319423321598,-0.42592378163746214,1.3962896517285777,0
0.5289679095927962,2.669171855726052,0.8156464137497864,0.09988600047533636,-0.7727678834835798,1.3901448556432208,-1.7152367618985809,-1.4010918731524478,0.6054834522015984,-2.5797765147243643,0
-1.5009932281251988,3.080035633918945,1.0285514836719898,-1.2712976123749802,-2.2734523223131387,1.2476683367570978,-1.5949273000843207,0.7838896636243808,-2.064209483404872,-2.9712037231735633,0
-0.22408719898042828,3.0562459135303928,0.7666350846081813,-0.6593048841360187,2.36786618682327,2.644588597239557,-1.6199188844399655,-1.1503380082522046,-0.9659046171777639,-1.8501790949794839,0
-0.594777598707219,2.46055818372849,0.6091220643468548,2.4798437000247286,0.1093410501586285,2.429690084150941,-1.713583999719841,-0.6473810670838759,-2.2250717462267957,0.7838157519583073,0
-0.8450975235665884,0.6556914536562463,2.214687304946425,1.778797601029797,1.0499429363640118,2.1582276338145947,-1.6228042884973826,0.07083252899090398,-1.0741479010437418,-2.9861804009377746,1
-1.384299388901706,3.0080334658133436,1.4292908571520788,0.43830403069137036,-1.3964828809644096,2.400808099899422,-1.614783308733878,-0.1383064104560323,0.9063731601259222,-1.5716029704319665,0
-0.33077642461550427,0.4345459459599582,1.6189931228124566,-0.7790708956631848,2.2616114597800765,1.1106300566604743,-1.6470740830108923,-0.21514102650305,-1.2185250694392606,0.8926849186047483,0
-0.41852269884560145,0.26216606697042116,1.7733222933110002,0.4199687915310615,0.03562088906763439,2.2187482219442005,-1.6643181346913558,-0.45118358034270956,-1.7133526932260206,0.571623328022369,0
-0.03919548782393445,0.4928714538073757,0.613148071006635,0.05669793631985054,-1.0834549624501892,1.0739325178861452,-1.672581959531879,0.26800765890534284,-1.6684045245406023,-1.6990167596299524,0
-0.0863497227994825,1.8626717787009617,2.6150477314360585,0.04319636030340801,1.7763350987332576,1.5337276963110114,-1.6533317300278438,0.5382941109441235,-2.1836967329297057,1.5833505748593395,0
0.7625873734667261,2.980268721480553,2.5286795982709926,-0.14619198113146026,2.8382879787877435,2.8096604802375507,-1.6808379183303204,-0.6984999627695088,0.5154578051140977,-2.0717268851371022,0
0.6430479558046367,1.2343757086488543,0.7684493628355136,0.6097047939513955,1.6096074035638575,2.2802907313049485,-1.6292099653654855,-0.8737454147344066,-0.8482644484743966,-1.7953654165352042,0
1.2393746403683037,0.9927470497184994,1.7555682125737064,-0.7685417208493849,-2.118122492325756,2.1540180405892255,-1.718100505425387,0.913946708778308,-1.0719796699194053,-3.1040575627488836,1
-1.4552574948901613,1.7086734140183293,2.3041601154881834,0.30159375047787584,-0.46649934122502845,2.0538439228786745,-1.6599326786694828,-0.14682929210288265,-1.321025722541753,-1.3233444335849527,0
-0.9678360121094571,2.0091082763856916,1.1280245601088543,2.842358954146854,-0.9669650742025706,1.5696109913252014,-1.6751438408159887,0.20554656752962508,0.502392035630288,-0.4803187400233262,0
-1.0559723868307844,1.7788843239121392,0.7329287377694516,1.075348079613216,1.5446408375917913,1.0164371850684781,-1.6221278219147908,0.31122283095032555,-1.8723242589335385,-1.3710643029425948,0
1.268309265342398,2.7714970865395085,1.6768918881639383,0.36999418871082446,-0.654178163751717,0.3035201571494663,-1.7183406759396098,-0.95477034244014,-1.874819521920394,-2.48690919290231,0
-1.0305615226821268,2.829167095596024,0.36472437035846805,1.0493224178078742,-1.5708766762243784,1.3066384150699135,-1.5715618846803092,-0.23434509472902043,-2.158371807863304,-1.2413559949693183,0
-0.2451292641917726,1.7230840360573507,2.673303318708115,0.25580596883738727,-2.231983569495447,1.7457204433359952,-1.619025551102639,-0.4032555653604828,0.9141482963555334,1.7856657672152818,0
-0.010386697810819134,1.7783496081172931,1.0362970441220547,1.1161261116626693,0.8448534754873949,1.0228174552700775,-1.577403476920966,-0.783630464553101,0.4880722925674128,1.4036413538980752,0
0.5309003840413429,1.3657538747318592,0.7925121493779134,2.5819284052373996,-0.48280799079463166,2.5411551182431187,-1.6490291387598286,-0.40011382221536285,0.8290870632732301,-0.7321327052375586,0
0.011896243722469668,0.5320829839665406,0.5080511706769846,-1.4955177428143225,-1.240026737366981,2.234160607372397,-1.6648307094668169,-0.4080751208013089,-1.9257343140914331,0.2625562982052596,0
0.5832614085145955,1.5705095788283872,2.723921231193923,-1.6684551307126305,-2.2606975603010215,1.6366879543723007,-1.681067315635254,0.18657388799548036,0.4503033438111177,-2.5805731745394818,1
-0.6903654628373835,2.6465030800430864,1.9803727559523823,0.06386121084267327,1.1938425392579792,0.5550627838928048,-1.57952616792636,0.8285463283841572,-0.4907490736449551,-0.3570378377786949,0
-1.545201651176289,0.07898128547195893,1.6167509543064047,1.0269997837299818,2.207202249680396,1.9352360032674711,-1.691752318328493,0.7684263567483611,-1.5336394668875144,-2.238012760346047,0
0.8293882945619446,0.9664669039128742,0.5035920963556153,0.8990900161553297,2.040581347780151,0.4559091031512255,-1.6471992675184515,-1.3947230900283287,-0.8025082677310513,-1.2615520493834071,0
1.3875741573976883,0.2855353381817128,1.8460341966630396,2.221522539351139,2.4579801278264943,2.7930715126761885,-1.6081359606606158,-0.7846114737635741,0.5730775063237319,-0.29915758168663453,0
1.316390666390699,2.0583330358498673,1.0084702403528536,0.4483031834704554,1.7975193149409252,1.5959941808107876,-1.6808477040687455,-1.3463617892532795,0.6652668002370326,-0.8606509171467462,0
-0.16290819580171334,2.5178778691914565,2.3853256175556834,0.6597654069841665,1.0079554942522861,0.9354894491993575,-1.5798308454338037,-0.11686008815193438,0.19733019506549354,-2.5162553856191088,0
-1.5096592336922383,0.5471476461760233,1.3820878913261168,1.4644597311022522,1.8769827965207861,1.231745485535767,-1.5891921990340063,-1.0096695999521805,-0.3412532548478697,-2.313903287716353,0
-0.9199396138756042,2.925545116307987,0.2813470446990832,2.562918214378329,-0.6031389632292934,2.162998494634589,-1.7075157021536862,0.07082102336276686,0.8498456077921528,-0.10791042998364553,0
-1.5125865410393107,2.4417663797566695,2.0414247200711113,-1.1915630588335673,1.1846324239557937,2.079290944481298,-1.607559641079356,-0.7606657560201101,-0.8967241852574073,2.1029958270477844,0
-0.6655456346979469,1.6604775015840667,2.729533073543948,-0.6651994679783046,-0.23458679848703934,2.3352764253779044,-1.6134371569637151,0.9034965324630828,-0.02711431986034274,-1.4301139938807583,1
0.36894664591009185,1.1482452586351948,2.571065196377702,-1.1399197402641206,0.5486141245969449,1.3716091312144179,-1.7010803102521097,-0.8203208427858727,-0.09836559075424622,-2.9693281850986937,1
0.44604799132753326,0.119382395584936,0.46470420667000867,2.340554781158275,-0.6022422425230629,0.4740640748444196,-1.6750559316818312,0.4997000942639833,0.012516834615708294,-1.8371693650038372,0
-0.9965292619817046,0.023436396092951405,2.1170721321842407,0.7986283752648542,1.9968644079384994,2.0166743988026288,-1.7024163429023855,0.503201658109327,-1.1631170589031892,0.7103620354078459,1
0.3408878922169063,2.03989756864488,0.6581964301522323,1.5246695688529597,2.156283715390666,2.545886201323448,-1.6265479284752875,-0.9881331137257413,-1.1890935424274613,0.9812009828199044,0
-0.6132055656295207,0.7656328548422016,1.0291203533205215,-1.71561747133559,0.8548961242779134,1.9079502359181737,-1.6263889804204021,-0.8837935255540361,0.5116889269525804,-0.47782782420725534,1
0.4016172435461334,2.9632007247402323,1.296760569916204,1.4525308113969384,0.7037716659326732,1.6654659241367211,-1.6232086529394771,-1.3501079769941349,0.8525944648987536,-1.3100373674062633,0
0.26397366096465946,1.1354177900456437,0.8327517016234528,2.940091187877721,-0.11503633289294646,1.0899707241229755,-1.712005260396543,-1.4630356688055248,-1.9488846422059112,-3.112514526605994,0
0.0771260627061583,0.1366640476905767,1.3319559926733202,-0.6493646160336752,-2.011207782131886,0.48389750638584916,-1.693824706332471,-0.75994250957231,-1.767239919372575,-1.1460048530796827,0
0.1141033182562563,0.15886645650318426,0.6750541157777474,1.3826536663170534,0.2580402318237276,0.4196280660680867,-1.602126402709323,0.260347763887089,1.0829941560890441,1.9843152887168052,0
-1.084823213264338,2.28988669657726,1.2802836014667969,2.4351963589344896,0.5862729304327177,1.1677303436977,-1.7199650077113453,-0.06945123081858351,-0.4700140574974925,1.2938540817551405,0
1.3693429074179264,1.8872979876412854,0.29070216583440256,1.0181642251792535,-0.2403349653526261,1.1837763786815605,-1.6558001460459293,-0.9978965574679348,-1.645458545043016,1.2568798990934424,1
0.027190338661565727,1.6233108853331442,2.037998590425465,-1.5881865611463741,2.3261517545031394,2.4145001429075865,-1.6008758342437441,0.5004768079965001,-0.27370120798754494,2.2850888329939507,0
-0.6764075485271044,3.107381473676456,2.0199424985186827,-0.3622713060995111,0.8800360499521274,1.345551609669175,-1.6709058013065534,0.7155548833946541,-1.7876845708287483,-2.107904458982418,0
-0.5579087368482318,2.97914590278022,2.3413668821574345,-0.6577081636887063,2.331669303756426,1.9311604511746427,-1.5967650918232792,-1.3946729401658189,-1.049265866759339,-0.2735931302744157,0
-0.7141776984742874,0.8748717431564286,1.6044802590325358,1.385995307630901,-0.4272075200134329,1.6386600849182416,-1.677106886177023,0.6573486827653958,-0.21646539090757955,-0.12936233066604608,0
-1.3596566931330896,1.0977374438611953,0.9547516101735486,1.2743217332090957,2.7530923130764826,0.35593053372626776,-1.6265348828967052,-1.1687064509574712,0.530208814318188,0.35893037311889087,0
-1.143680057611985,1.9098167580825123,0.29556012438653834,0.6560431810945895,2.445914293261353,0.9170657502669564,-1.708851354325481,0.27197679088819005,-0.5488058591980154,-2.88007097408189,0
0.018812160166100433,1.025628035825245,1.9288069773189862,0.47369406759090094,0.23847854204763896,2.4608667215328675,-1.6792491225504194,0.15091159350261196,-1.0126184221174577,-0.8551818112672849,0
-0.7023934430831891,1.725456839031928,2.624971874473872,-0.47955705171337915,-1.7938760409995347,1.4452555742435766,-1.6386281219974457,-0.9866072733895604,0.7846632618488583,1.222693272618049,0
0.6870385266071934,0.4121416380099099,0.3546061000609777,0.7809036524660651,0.8138564585683175,2.689434153895665,-1.6455347700766083,-1.1673184541972284,-1.6570365726753884,-2.266926060385833,0
0.9503079313055489,1.547900896489845,2.322669950746441,2.209181450061314,-1.8368641197249105,2.1801526921543073,-1.614764024563582,-0.9947487896359304,-0.5895082416997299,0.47769237948041043,1
-0.8686687633751919,1.6673577945738955,2.4919256732265422,2.5949323271045994,2.551610648168806,0.3055995007250771,-1.6879423741409267,0.1986888972682408,-1.1700881843615236,-2.806409638305765,0
-1.5432951461966824,2.0725612110703855,1.371942524576899,2.713324060541618,-0.010407906134289657,2.7438837948611794,-1.6594779621706253,-0.6829343971590774,-1.906809412244944,-1.1843805024688427,0
0.6992601656149235,1.2996917007932463,2.561513651818033,-1.6421584042796664,-1.8229680964686428,2.021691138722198,-1.6480109773209348,-0.8103767602607014,-1.3826004089746302,-1.9129987084674944,1
0.2999934363095538,0.319072490698514,2.1070890758713157,-0.3319182147190878,-0.08143853260496003,1.7093930016441554,-1.68940176413672,0.6911295955860808,0.0684068530858517,1.612895011507288,0
-1.2468846609377833,3.0410922671723664,0.8476138310265635,0.8183140907212878,0.8001631478499136,1.421415677360981,-1.6993908228815195,-0.8712077261695343,-2.2268913666980223,-1.3971073963919685,0
0.30132002321819673,0.4932999745987436,0.6988947445109188,-1.4843673206558716,-0.7732279110756044,0.7140968775637255,-1.616099044688441,-1.5552896151221958,1.0952594882451185,1.532998926659746,1
1.2100646204969945,2.6849195809975446,1.8288953974190187,2.930658166796481,-0.8686593544006189,2.9724264300868817,-1.6941122313985089,-0.6657085700466326,0.9387331930680047,-1.1163805798072275,0
-1.0121106673578497,0.8795313672502769,0.6262529336231862,-0.07389866608917606,-0.11111674088248424,1.750787507057975,-1.5982231577112984,-1.535675429361764,0.614950890920094,0.01249575371738354,0
1.0142730122222303,3.115559630394942,2.519561848553538,-1.3059610280613445,0.6854218449548628,2.7362017424455556,-1.6125127365758192,-1.3228682272158296,-0.16574479373786488,1.2283396095864059,0
-0.36364336885023385,1.2561725928863792,2.3619448708581063,0.719627013247758,-1.3145110114770193,1.770225418100114,-1.6323770445552015,-0.5392207796163955,0.05989494744281698,-0.7734661494858788,1
-1.3684387464144283,1.7446527069426234,2.2724802402168813,0.730024643183464,-1.303059188615714,2.239950278411337,-1.7109672057834697,-0.2456812266196835,-2.0937889849385543,-0.25418005371172114,0
-1.0077906956761187,0.43142485084996823,1.2988499441920087,-1.1675597398525288,-0.7438734491152839,1.4868728225676375,-1.5906569703998645,0.7276608017864865,1.0014771205118635,-2.592436138275151,1
-0.34238620297977485,0.4708184355504494,1.8632462892567851,1.5615613522766258,1.8223305786573816,1.6255811140323244,-1.6371340461303332,0.8878118216563202,-1.4509215770859776,1.249522841518242,1
-0.8982853837543017,1.2165036032308687,2.578022067340275,2.279397585395415,1.787817287277914,0.6333878389629912,-1.7002556357518748,0.17809961019716503,-1.9071970501334845,-2.5211565647389915,1
0.15528545626413726,2.74673001654473,2.06340904920338,0.7965125023061264,-1.9294090840318852,1.7538294446199856,-1.7132130247035875,-1.3891099030524343,-0.6073786234131437,-0.4103465254585634,0
0.6967791282708753,2.943258029006122,1.224686503641684,1.016504186151995,-0.4898042482622633,2.214534301034997,-1.6336969396265768,-1.1604966434099406,0.08275792848289543,1.1412602506059701,0
0.8904703108317309,2.2180579426081377,2.2364783405179924,-1.205865718217615,2.435230878593452,1.4076400572014172,-1.6096915856142748,0.7303984683075251,1.1254012097185195,0.04895345156607345,0
-0.9774449540566099,2.830617055347383,0.9804132709602075,2.2578154485986044,-0.2329596559691196,2.5034206710266464,-1.7137415780540877,-1.0115550606387718,-1.6912776565509882,-0.2615593742251443,0
-0.4127986316685266,1.5722641672565,2.7280154473603093,1.991717494315648,1.6875724041031024,0.6558099300411089,-1.6662070468887218,0.17142015842536695,-2.2015486800021233,-0.7699513173103041,1
-0.2817239763794619,2.346295439683142,2.5272346929996834,-0.8300559195101096,-1.3414361576589287,0.8179619515743586,-1.5804079693039506,-0.02519793451979191,0.30450634261390164,-1.1389610446980858,0
0.3470178114624438,0.8831363485615578,1.758046343493541,1.7945820225146472,1.7567470703881973,2.1255477286956657,-1.7033988325425093,0.6476929715261306,-1.379190820951213,2.3004528857616955,0
-1.1356584359426771,0.3679625417006389,1.045779359844619,0.9533286653383959,-0.26898897615570805,2.5202154594184347,-1.6181146148353276,-1.0238441267670269,-0.42389301416038405,1.1608992847690458,0
-0.6433043270783495,1.5736010773894975,2.5729339488514547,-1.5760983269276263,1.2428803875937597,2.394687511650012,-1.6570347670724683,-1.5419196130412787,0.08539163433364472,-1.269175315608466,1
-0.8045654192252342,1.178233634586074,2.18309730554985,-0.8636153722726235,0.2220900212014758,2.9011455912924933,-1.6065153408967032,-0.1698958391346881,-0.46024826647971606,-2.226185102968603,1
1.1491269416950953,1.2251684294382257,0.4621454757437341,-1.2318188020167393,0.8714386893194654,0.8129002474819891,-1.69879082346298,0.6487276312486256,-1.8565271681656648,0.7136409389768974,1
0.10202742155315558,1.7883996737208838,0.3109640564364045,-1.745256463427388,1.9878693122485585,1.5706552754247654,-1.710606023370126,-0.6911990119381572,-0.5355880317082828,-2.400037944470261,0
1.1996355917216304,0.5668421028346372,1.7655775464065329,2.0672131721102045,-0.1559210137225442,2.6811768502028177,-1.6495354649176237,-0.4002931358302275,-0.02235299899988652,0.23243001256017815,0
1.1732884184231385,0.772618918728632,2.6186921557530627,-0.4217999950288356,0.6168792981893532,2.3637750481787076,-1.5820413335928267,-0.07084092415227095,-2.2107770865396517,0.577343926321845,1
-0.1609520066825585,2.148237082135537,1.726901387616359,1.2692237133038144,-1.3406385992766392,1.6194953056944354,-1.62784212028054,-0.8016406527435498,-1.6516531658993057,-1.9238876002919865,0
-0.6176383928562101,3.1174864038080723,1.91176744613549,0.6773820070431622,2.0773306683758364,1.6595082890206079,-1.7072723962780716,-1.0634166471878723,-2.230280463905731,1.401151589242677,0
-0.5134923141470773,2.881306806465578,2.0471851664793412,2.1341131985294295,2.887432673049262,2.049225393332507,-1.6832085122966354,-1.3105733412627416,-0.24897382212491115,1.0692873594456018,0
-1.221669964112577,0.4374344287944058,2.0590198163573517,0.3625175057067458,-0.82475792174679,2.5535559261467693,-1.6341159199910888,-0.8447417259654112,-1.1464954737503599,-0.018001039618903203,0
-1.289926385133026,1.824700517448151,1.7847423811580023,1.4971526167460851,-2.343174900687523,1.7357827950262736,-1.6340186140877413,-0.720347842867306,-1.111690353479094,-1.4051894025045188,0
1.121013502299902,2.8784392269925703,1.4296891564649867,2.930111546997421,-0.3500168705043558,2.1723178377499917,-1.6382875169829347,0.3804675771015247,0.7773385461194762,-0.345576016142211,0
-0.891011740188982,1.010100033818311,2.5960149217603172,2.9458651450326947,-1.5143902188333924,0.30219586195326864,-1.6551923675561186,0.3063971702919457,-2.0254741794695894,-1.0996727597118592,1
-0.10452665645366199,1.1323389198145986,2.0876541112291847,-0.6652934662515289,2.1120195443804066,1.2288103031333226,-1.6307654433954226,-0.17767336886719765,-1.2570176497946504,-0.7421255868603405,1
0.5091916440298438,1.7003431594205165,0.39187187408704754,1.6097149033802074,-1.3767078607586076,1.5992076422276864,-1.6504642970777619,-0.3252260987135045,-2.169280519017484,-1.6524216068454123,0
-0.5834325479845469,1.6334136616092443,1.812020273776959,1.3322964806231452,-2.0016310497540246,0.6121932520352722,-1.6212485638774816,-0.21085038251659793,0.5884726722007874,-2.0196699054437826,0
1.5205610682903765,1.1454303692275054,1.8515068359570415,0.5412958356005615,-1.8211826781379885,0.4842457844887378,-1.6187978420111921,-0.810147561241076,0.025064982615712328,-1.52939978391626,1
0.3428885021679804,3.0144638920536315,2.7216692745213953,-1.6697307560271368,-1.6692819499765286,2.540668155002202,-1.7004840706989146,-0.8517809796006217,-1.372709355532041,0.6664037924461477,0
-1.2759615937223514,2.305350388668841,2.1285333111756124,0.7536672344460755,-1.0236620958914422,2.4227357437642536,-1.5902893033471814,0.5697957125640205,-2.09813772877223,0.6717181259119531,0
-0.20275312213211416,2.964094440839181,0.9137221070063016,1.9546849950929381,1.3086315570674554,2.6547442104954744,-1.6164337895366687,0.6111750677888901,-1.0400515282818803,-2.2791756040158506,0
-0.4848726691130243,1.0993923690406027,0.5828057074902129,1.256404246547167,2.8905415451167915,2.698528386889592,-1.6197835145281423,0.4581028868423356,-1.8755555378679203,-0.4157503544322969,1
-0.54834205287362,2.718703962852024,0.9617046399590976,-1.2442971355899162,1.3564257181438886,1.6167648720106147,-1.5938770009113832,-0.3380125218545411,0.6326668458718658,-0.36659244887605746,0
-1.0324803043122264,2.1260899777379243,0.9202591190607099,-0.28952157676145607,2.4222087113353226,0.913582252024518,-1.6157990325600158,-1.1986811787527265,0.3195235763749098,-1.9205611021391156,0
-0.22915254683092878,0.31345954889897387,0.7631998352313957,0.5668744585180936,2.316482007898946,2.12196114861642,-1.5711121389536187,0.4374386605646443,-0.06438706410714223,-0.06421977228003106,0
-0.11283266610800768,0.9185954887763595,1.2631287204483272,2.1812319942876215,2.6397780875628056,1.5799985351957009,-1.7006238466430992,-0.013356723644517565,0.2704581675097981,-1.0994846145641501,1
-1.0596675655122365,3.021872834616786,1.008803092742736,1.2167666636880403,-0.2822325638123653,2.407700152379792,-1.720935716432428,0.5234720042271006,-1.222206905624599,2.100748565744032,0
1.398790167828835,1.1957424757473436,2.709324576956301,0.6053513273171869,0.42787483800247283,2.7375151832245113,-1.5823539419544281,0.21311297303929155,1.0869509706372233,-1.3439611356360681,1
1.5000076915672016,1.0293342110261259,1.1217342640300307,1.0902499266522598,-0.7251665134519492,1.8507033319924622,-1.7140763374058212,-0.6639873404947516,0.2949379091038642,-2.570246239816813,0
-1.3630068384908374,2.4889757434960895,1.6800456511202377,2.423999365976764,2.7156728489745143,0.3858205784709501,-1.6185874844858676,-0.963141699388647,-0.8729913388028905,0.263193530259219,0
-0.6424215228621551,1.5500183228917366,2.0230035588177544,1.912582354292537,0.8314750374626225,0.6072738977747251,-1.7181574455702906,-0.21444433356784276,0.18336321768509478,-2.545459166934761,0
-0.8111212424277618,1.0766302608776948,1.6758574755507138,0.09210261777490447,-1.2759236101303688,0.3044108631421305,-1.6727224839282906,-0.24929613043913412,0.9177166235109873,-1.8976994592213925,0
1.5223440438481537,0.35498530854206706,1.8820322496484738,-0.1993294301404409,-1.8164731238208585,2.7693376759061823,-1.577152924400366,-0.44869816924698,-0.28050029342014415,-2.981479972797276,0
-1.3678306680019,2.376525569199019,2.106742512778623,-0.6761306436029375,-1.3661353204271447,0.3150091770860389,-1.7179353040493115,-0.5327447618871926,-0.41418508797160425,0.02237971292303298,0
1.412199748170668,3.114567697094397,2.142879111585045,-0.3828200250972529,-1.0837878970109223,2.5891461002378184,-1.617046093083935,-0.34984201551640526,-1.3293363018368773,-2.394094246341392,0
-0.2975442747957804,2.719841650344942,1.7418569417368492,-1.529703482812746,-1.5031988350450871,1.0441106691046962,-1.6815724641722303,-0.16683220447973435,-0.9030286723924341,1.6779943942932811,0
0.9045004318746466,1.1567946157159006,2.4181895577084034,2.5900113230650037,2.8505532598036787,1.1304864570942506,-1.6896559679896184,-1.1474247196433676,-0.11720163803517014,0.5789208621379207,1
-0.8577744035218626,1.7590690428919866,2.2179953818060216,1.211838779793157,-0.034896895605706746,0.7056550147440628,-1.6448543382481275,-1.162733589848715,-0.19662705212542475,-1.4472089939017732,0
0.7547332533350313,0.8869216669838911,1.7100458526147553,-0.01630231894614198,2.7635865120525382,0.30845630545188507,-1.583193019478092,-1.5682497228739258,-1.5310572628629182,2.3013106632836435,1
0.3889349769960082,0.14812810745745983,2.074979788157523,0.17582684058907394,1.8127553749921104,0.7089096662101468,-1.6012051127891622,0.8339665242409768,0.671902620430592,0.8994641287381255,0
-1.4009882363333397,0.01326940828402859,1.2444289639643538,2.3278505535620324,1.0879401798130073,1.4616757882665958,-1.6025829726740517,-1.4315647470955652,0.5187287096561533,1.2874370997492037,0
0.8688193903399901,1.5919762885255335,2.0438910755778963,-0.8048823130935543,2.935412052279041,0.31728633448614757,-1.686611064446093,-1.462374961632832,0.41402897605877387,0.020393517677084638,0
-0.6929390297175244,1.4034983673050263,1.7838510772880727,-0.6548671371214831,-1.8526864328395067,2.621234049105951,-1.6842913923582314,0.7162447090663402,0.7427051167710434,0.28861520718511846,0
1.2199121598031992,0.2643206233887371,2.1500907235702718,1.4697284870289007,-0.034217019144070715,1.5936584659796524,-1.662518591665208,0.8513512003151484,-0.08272706590116563,1.121750881813281,0
-0.11142959212478565,1.3152706701784092,1.3006952740874145,1.7232458274546487,-2.1316074092139976,2.695459356990757,-1.6215000712887855,-0.3993929171095858,-1.2325766145147656,-1.4414232926828627,0
0.40662871951444046,2.652828446849813,1.4165945944498146,0.38846210221906885,-0.16038464021658028,2.182618742009182,-1.6578412127526083,-1.342266226839568,0.6525624594757979,-0.8184232178421165,0
0.5173422207329057,2.079316271696583,2.1787070735031673,0.7898868045431837,0.5450021802697034,2.5762614369660852,-1.5967024304290531,-1.1128813287780635,-0.12265729955865012,1.5878788103082866,0
-0.4953399424431988,1.118854741915341,1.3460158489294651,0.6931178073434263,-0.9772966884661995,2.1191924644107294,-1.6493003769684618,-0.8087645911880128,-1.1181061097370681,1.53846933763317,1
-1.3969149922844348,0.10765720492791189,2.546336060782351,2.735582302047008,0.26305889363205637,0.5525555572137151,-1.6002696571363244,0.050762011164000365,-0.9680767292950097,2.1876182267291386,1
-0.01147955728583816,0.6473222628849078,1.7398461329230381,-1.572933868310355,2.2162388346586566,2.341535528488365,-1.6241281144318254,0.002543859120474501,-1.523758842645523,-1.9686403099377052,1
0.1980470946658628,2.977724987916041,1.0969744109393407,0.7989494146356444,-1.6504336088730114,1.791435003153051,-1.6815348356938913,-0.9201897754752534,0.982107174070082,2.2794292267044534,0
1.3884497680281835,0.7868794043444616,2.0813527734112975,-0.9057926246118411,0.6732632079563565,2.695030453211231,-1.6638396450972532,0.8066268323880943,0.15872473970781487,-1.4961029996861739,1
1.1845312851134835,0.07929091239887258,1.4021605853828931,-1.4032991558823693,-1.7971773674421343,2.8919307053639103,-1.6846110475622316,0.9032164438541315,0.06519791371981531,-1.4989467290102843,0
0.5349456746469403,0.3046026434653239,1.345318404760173,-1.3936189019702911,-1.1256794145518798,2.6053308162784417,-1.6159998551439179,-0.2880502851888085,-1.4321307663579308,-0.5481479400394207,0
1.4638089621042025,1.1233691954856473,2.749409201456368,2.3001311535179347,-0.6584536935527285,2.632835173563524,-1.6181890691373084,0.1350007948450649,-1.7957052041219,1.8073057746277192,1
-0.32444803937525757,2.973171019830053,1.004203541943923,-0.2960839287799353,2.7693414103918252,1.6276943005524525,-1.7123344628193298,0.568322249391392,-1.4949077724820126,1.6590829401130462,0
0.5992833885496818,1.998698729123897,1.7143544385835332,2.8730611333220164,2.590354302094412,1.7045303925752688,-1.618373981691132,-0.02387498252886422,-1.5773129565683082,0.4261748354464441,0
0.2863680371136128,1.3698543037401238,1.3065939152908186,2.2644380146660392,-1.0804592994831326,0.9667658733327564,-1.720290761053361,-1.1733839891126956,1.0877402448745883,-0.7705331874236512,0
1.3072693420326214,1.9704500367050741,0.3204085894975306,0.5328221954705867,1.9208401975471583,2.3700653803973792,-1.6927541591404947,0.24102114222515847,-0.13713510294269593,0.5478437883500242,0
0.13026090348343478,2.006582072619878,1.6561384506438963,1.666394326500542,2.6362221025588832,2.5922995171824037,-1.602954550762848,-0.8288758655721111,-2.0899945518850642,-0.0017301147819259732,0
1.52619811998669,2.995360295567836,2.1019112611841626,0.9033438837351428,-1.4525045248925736,2.6466649057151312,-1.6311783493664487,-0.25254618198128753,-0.3251221241066513,-2.687333933981602,0
1.316243863819624,0.361241558565232,1.704210523204915,-0.9489342479998137,-1.2428795329078801,0.919622834628304,-1.7192361361035522,0.7119476454020013,0.48819545483515814,-2.9691372790468815,0
0.5495592231347921,0.44014555614190937,0.26941480982440746,0.4614540244488219,-1.7750493725290144,1.8829931949951055,-1.5702512641160875,-1.12984861989225,1.012144350026877,1.5865838717158032,0
-1.1919077773387716,2.054965829600341,2.4035691804875534,1.0524391798561656,2.2530701230516152,0.5923632450826868,-1.6091140650697424,0.03871477997252337,-2.0701864863217048,-1.547555732004189,0
0.6692055862965434,0.1994902745444065,0.7502448847283893,-0.45217909684040447,-0.7747180900425361,1.9049786041479817,-1.7009818766650373,-0.9530943712210919,-1.185869418207708,-0.6875333395238443,0
0.7045873607373554,0.3061071370992155,1.006382933309212,-0.39329070313604975,0.5972007793953074,2.5883611397924136,-1.6522401692081752,-0.9332952405415111,-0.33102070736064615,-0.5025360398468073,0
0.09202148087482542,0.6130721088731194,2.752377383708458,0.898791780132838,-1.9833137947965847,1.8165567521519808,-1.577195813641223,0.7985690924078017,-1.535219642613065,-2.1017123569850025,1
1.391084949526092,2.1820656339654074,1.4824762509000387,-0.15472173906611442,-0.6221926436051077,1.0329521300592404,-1.5877716055302025,-0.5217522292055938,-1.437210258536454,0.7396893606019321,0
-1.0426422377577704,2.30005129579565,2.3156162425815676,-1.2690075854607699,-2.3332107230086363,0.42853179324157153,-1.6143920983955375,0.8210959079862457,-1.1378996494179558,1.1262868691886658,0
0.9075376645529867,3.041701103172287,1.434124726422909,-0.9639166255050846,1.712165494565694,2.493702800013435,-1.6143153653355755,0.6386225875983207,-1.0001587408814627,0.6299741761378135,0
0.7036868216752337,0.4585393014950291,0.8610424301130929,-1.0182129711748955,-2.15319037770754,2.0974853873379535,-1.5888839087453674,-0.7654951244954548,-0.8006376871998053,-3.120629272951688,0
1.0981202219217876,2.514999460567029,1.6936974586218951,2.5295384799271323,0.3389831511224304,2.108529348457292,-1.614590498555962,-1.1799725298606671,-1.084747378737804,-2.5220852735026282,0
-0.4365333590150806,2.3848769256634728,1.4595814002861744,0.4010095081998828,-1.2342846127715084,1.1265102726099636,-1.579598953987821,-0.7947259901161998,0.23782257797068418,-2.90985435963996,0
-0.6943160952027272,3.0352758586574593,2.5150891186363964,-0.7135044167818294,1.5081759178215837,0.7429319392614872,-1.6286165036091762,-0.06848285059969528,-0.1383060769608333,-1.5765759271310587,0
0.23019776684291404,0.08724206114848805,1.6817586868751988,-0.7476110297116939,-0.15300460567208107,0.472953992160686,-1.6494291256225122,-0.4853908476821447,-1.8197068297861991,-0.7131771431806309,0
-0.1635869938506087,0.583111103428231,2.017476777437084,0.6187836450898554,1.737711196708804,1.0451080047154746,-1.62014714132957,-1.5570474359229391,-2.026522017209044,0.2692628981280021,1
-1.3665038254212605,0.3619967064390837,1.8507189564036945,-1.4457730629014496,-0.2634214440145217,1.94043868077262,-1.6133794651717637,0.5181142013500295,-1.1401765211184063,1.4295050192024648,0
0.9835513550172095,1.2692829314091756,1.7835775639021225,-0.6082132156257758,-1.6844996640779446,0.9871047296246862,-1.5960541715636438,0.7686547664381964,1.0293727085059237,-1.4861714681990263,1
0.7227133964538315,3.1029232599311647,1.050338360444683,0.06688401791183862,-1.0861376499746291,1.8312064160404233,-1.6215877165322745,-0.7552090990133935,-2.1925946232886604,0.8789673402251075,0
-0.6328984761174827,1.183009642539101,1.0421676067623389,2.7582012677162,0.9964842244905201,1.8933305183313165,-1.6245515569966376,0.8721368333106445,-1.1078141799285366,-1.6058511395006927,0
0.03273528389352598,1.2049688651602637,0.5559688369753136,-0.7721657322188803,-1.1339934758801038,2.0032744839665657,-1.6242650608614932,-0.6184544658415103,-1.326629933526392,0.9813334199050856,1
1.4339734457557378,2.8000708292782703,0.7801681777949824,2.502529215497443,-0.1510742945579202,2.0191869644629343,-1.7030870387911312,-0.9203860699311235,0.13204202613164373,-0.13437818132251556,0
1.2011245942373028,0.11834564454525731,1.6814756441681868,2.2930563771407693,-0.09278919588974865,2.6986086113842633,-1.66504789146082,-0.7292261401140188,0.40291249918640926,-3.0769423701856984,0
-0.3958689818265393,2.3373447257877555,1.5378263813339619,1.2099428468812805,-2.2887564503661153,0.7266393390182723,-1.6755966603842556,-0.8171631987006555,-1.9420378232016289,-2.1960389928094664,0
-1.0015442037919728,1.6226630106136701,0.9955950225238767,-0.505924377127313,-1.9186757990150247,1.2305108200750272,-1.6611335027849317,0.7435292272848077,0.27813429532092826,-0.5232274436171478,0
-0.8264515107398259,0.3794207255954025,2.6019207839351965,-1.3781191504869856,2.1540810102128676,0.7767758658504897,-1.615226675614813,-1.0995676341468021,-0.21369199919808723,-1.8422757118469424,0
-1.4174690432142472,1.9076811785894,1.8049505244202297,1.4674563078040994,-1.9778776032474568,2.1834068143632672,-1.697995628274454,0.16232265561626447,-1.849568666585071,-0.5218024090439668,0
-0.5937930700984786,1.1980945500688114,1.8357980446487567,-1.3303078664400738,1.3711212887139026,0.8144739293440137,-1.6780782905810845,-0.6016779501706306,0.39192876281574174,2.0158502173478765,1
1.004052928744297,2.8638238065040422,0.4039874244335341,2.1531855112796063,-0.816122959764132,1.8593210983898716,-1.573235845340518,-1.0930020925656563,-0.9875339856900429,1.5981638917617835,0
0.9236451868785893,0.7048392099852507,1.8380827065733507,-0.31694599903126797,1.9235246141524254,2.3336102979397144,-1.5800502276675918,-0.35163186903966115,-0.547669210463195,-1.371525143884119,0
0.2978874500933202,0.6661006828282833,2.705449716481924,0.7468215797050668,2.718439950754842,1.249998522232122,-1.5927111651875199,0.05443689083011849,0.1886047015078729,0.7822767805230888,1
-0.7721744237468977,2.192321183204522,1.2363711305445961,2.2503787663211594,-1.3716054904988924,0.830121651562232,-1.6127948127525906,0.3493570376848867,0.8252367754429053,-1.6398914221700642,0
-1.0891502825600834,1.571897265746674,2.449621954856589,2.8257336024180866,2.202941501472351,1.609674417790392,-1.590684208014137,-1.0225126862914085,0.8900859856444043,-0.04431958612085385,0
-1.4319098717178274,2.5772722305323006,2.2203591885387652,-0.6154927792058265,-1.8037632151045515,2.2633324895937283,-1.577196295410075,0.05983557840620679,-1.7858286660907325,0.37368030077786196,0
-0.8242770545469228,0.38509854158299944,0.33165389311603155,0.5485156335036661,-0.6404943154035951,0.5547551752269445,-1.6746146752856081,0.08693739460650352,-1.2823308935220332,-2.358649188590743,0
0.23467850683909863,1.581940806709389,2.336162884502159,0.47603211705447945,1.4251094113162526,2.5327047201611794,-1.6195252374503555,-0.22087087560970953,-2.0698672529010267,-1.5560533998064385,1
-0.861979654893814,0.6345943288613286,2.6392736279935294,-0.7625167458048426,0.5266243818589271,2.9571361902300346,-1.6277152807524566,-1.0354602184103714,1.0241978113074919,-1.303425867847196,0
-1.2318962518136138,1.9907724876581268,0.8564325048085635,2.1076883860550675,-1.177930835467281,2.4964854507617043,-1.715925673285162,0.8074344420337989,-2.130857743600486,1.9855889826887494,0
-0.9273153844417633,1.6770112345039832,2.339151740081844,1.051621381886405,-2.153016338390491,1.962321780256047,-1.6278588310746613,-0.14429905304714996,-0.10538868335931495,2.147064445824707,0
-1.3338733436735866,2.1375615878700645,0.48277562564177523,-1.114976615736587,1.4742875521914547,2.9322587414266015,-1.655382388975998,-1.3191483017039252,-1.0624971468143745,-1.0373674402061468,0
1.2658774523769225,0.7201251494946384,0.5482053014998596,-0.15928523400291206,-2.086378275845983,2.0481210466069,-1.6195479419566896,-1.422883102347254,-1.122727297393172,1.7906147377427621,0
-1.5560284486490987,3.1222389980108542,1.4688415742805931,2.9263623545946196,1.4840648166515438,2.853419945378902,-1.71056389152807,-1.027168924661903,-2.168947039635755,1.5999042163563115,0
-0.12668253542873065,1.4144841299815436,2.6977561643355945,2.7520073103588203,-1.1533272345594676,2.0318557667170216,-1.6202498951241493,-1.559722330601028,0.09138774156646123,-1.9312086300669118,1
0.6995039794053237,0.2953503123860745,2.5248104515263807,1.8192046631151495,-1.469711645757862,1.2618232905171543,-1.6140683683699948,-0.7427083465952675,0.16443243788618522,-1.3041573682851977,1
-0.6875111188241051,0.03747846027853395,1.9749101254768253,0.688236402410566,1.0583050223745771,1.4701453238720523,-1.6035610887608267,0.09306881467846684,-0.30101277611250477,-0.7623316649657719,0
-0.6539428061882889,1.0886246919776446,1.9259408209531748,-0.7835195788824474,2.215252205541147,2.4762968325240666,-1.6414686260079676,0.5975539113591231,0.02960433265394391,-2.368545346872808,1
