theta1,theta2,theta3,theta4,theta5,theta6,theta7,theta8,theta9,theta10,theta11,theta12,d_min
-0.015573863668578158,0.026649411629085823,-0.0012175923399528402,0.2089842269679032,-1.2742831276327804,1.4934541841394136,-0.13092310142161512,0.17755139825178073,0.04897335905578168,0.010692195305711305,0.3449599992647107,-0.2295612416130025,0
0.19988461276915342,-0.04478045338857454,0.02748349432311027,-0.18711015198873762,0.17139623122972125,-1.3696138158328894,0.07105331770996431,-0.00492867337504465,-0.012796063079951486,0.006828714187491314,0.05592839318326395,-0.24326861889382198,0
0.06369637805217337,0.08993942626902338,0.0740826563202179,-0.008354489449245966,-1.0855309949079,0.5747737131813075,-0.15478674408006018,0.10287700144600662,0.049778220216768115,-0.14008140735784658,0.05391957918722293,0.12544161717187013,0
-0.022763723582110595,0.07006247675364863,0.057565051908185685,0.034358739812383965,-0.19734297474088147,1.0446095356216094,0.2667506765251493,-0.04844468265380804,-0.03252632038530192,0.13208062154111563,0.18462406532147457,-0.0859368863877713,0
-0.0034226656973973535,0.11184311771824032,0.03777582378655148,-0.15067687877849634,0.9009425453567148,0.517631689698981,0.26677888198933986,0.08495913272380778,-0.0024642982395451027,0.23465662130391576,0.08601377496598536,-0.030780006117325565,1
-0.24592476292014895,0.12014126361952651,0.0555577919976034,0.125819245354712,0.4230155248018552,0.1682393180661068,-0.1700432571762408,0.19250829337235073,-0.036988287491420746,0.10580192821364184,0.23066837900612097,-0.18384609623437187,0
-0.1031916845641519,-0.048995200426489686,0.04250963640358288,0.21066088391438142,-0.6481156006126134,0.5084178562424506,-0.1944253344937365,0.041242822701769724,0.0665151071543926,0.21877352283362364,0.05629909034449335,0.043034646562921,0
0.19557652399128728,0.12732222063729073,0.04903558383033106,-0.14544026388621129,-1.0636066138344904,0.003280593824561473,0.022120862055319157,0.00041065449369401263,-0.010767311249673013,-0.021679961077863075,0.13484734889991584,-0.08256466285685318,0
-0.09058989218043711,-0.031307145319740375,0.0705666720535341,0.04757415779341939,1.282943368821886,0.6270804001657535,-0.026253780742939548,0.09628762577609373,0.02933306998934923,0.10392082293432567,0.2273084486854735,-0.20753382674668922,1
-0.13783957118369053,-0.05527532014325384,0.033250575597007406,-0.028402541009954624,-0.6092962001669512,0.24874944647755326,0.09808640630544596,0.018565545075388032,0.0005418246287284198,0.1406703402075992,-0.05885046980126205,-0.10324414782636707,1
-0.08827726566456603,0.11486657558345995,0.010057500045660212,0.19057005652371067,-1.4393314940736577,-0.018868827572210645,-0.09398971753577581,0.11301150148737443,-0.03735990009045469,0.21608612362816995,0.14420027299835225,-0.17569963488682627,0
-0.12493611044654976,0.13557234999065826,0.07098767439785901,0.0097639121743896,1.4398759295781385,-0.05556720799929327,0.21079986784589383,0.13971335788034306,0.0008604427510432236,0.10228522376110741,0.300158508743577,-0.18644903406859772,1
-0.09010516654556067,-0.04570825382717917,0.02909496826802278,0.11653504678311916,-0.1918180146421533,-1.5021380691757624,-0.2463197910127324,0.17483007244432539,0.05611763761505878,0.04397572231167382,0.2309103347080257,-0.20728898079493516,0
0.17208594889408824,0.1147477442987895,0.0028605894394966944,0.20463730806277924,-1.2316934296984847,1.306277193732089,-0.16806722869666818,0.12765836303357928,-0.03897632030837829,-0.17598548419742152,0.12149362643415254,0.18041512133126864,0
-0.15413410974300074,0.08972023424467676,0.039058223525544805,0.14605822978118932,-0.7662696156177274,1.3691768099537447,0.2828374797613049,0.025411979803981077,0.007834884987576118,0.22478616252331315,0.06036850368671065,-0.08673975673132686,0
-0.1383004215328632,0.1377134025616232,0.07645050421601889,0.05685112324517971,0.8541190368285025,0.5076163663467697,-0.2602729779050649,-0.01653885269377818,-0.029204038330115242,-0.15872774966375947,0.20727234883574425,-0.19316200696924543,1
-0.2636300993800076,0.03370151138854233,0.014579415529495834,-0.1482789986010325,0.3120619653754486,1.1761248082296383,0.043294439450990985,0.13792815666429337,0.060275082598203494,0.1566131290186127,0.19546970413504333,0.14278785756726453,0
-0.014615264764307967,0.09479443748502753,0.029344069619895417,-0.07154151347226981,-1.1874459354664122,0.019875985288787534,0.19366840197877488,-0.04789180560132706,0.03768243148709291,0.21270260370886904,0.13571881421803816,-0.22197462363329326,0
-0.0669988660473364,0.02411402054213975,0.0814585972879327,0.08228589180513063,-0.6250211078078493,-0.0358460975961854,0.14319595003937702,0.1285344954998721,-0.039489769533885014,-0.10577305859267686,-0.08561377547932562,-0.030492122441204944,0
0.18963352556623098,0.08899581085707314,0.03738818446387858,0.18150346930049316,1.4639682041295907,0.3015736171559307,0.263549059527433,0.17618704823683443,0.0387337499553021,-0.09417599743635846,0.3515118785445209,0.08081474562477159,1
0.07381441102732206,-0.005196726708384523,0.03855789840224061,0.13779644739054253,0.3328896769980343,1.1547003148566752,0.03515714771880302,0.12195366740421956,0.019105529445187647,-0.00898077091754887,-0.0525133292464964,-0.1976481342178521,0
0.12336516077895993,-0.05349296445847213,-0.0032834725644835788,0.17248967251285502,0.9940259171510786,-1.2394268292580477,-0.08685109462958845,0.13930922076106486,0.005068733345070291,0.01638241183577699,0.11807049252901444,-0.16450738261339853,0
0.10106007715525267,-0.03440752180838656,0.038027774501366685,-0.1380929359189627,-1.2073612000907854,-1.5035952287035783,0.23577767177369835,-0.015954452106773084,-0.012594167656129564,-0.14770618525913115,0.24450573543130594,-0.05852508609101098,0
0.22854588716359986,0.1023386799908313,0.040219629040578034,0.06764456709856481,-1.4334883052798333,-1.0000949938669144,0.2861987604553362,0.010486162663099985,0.031797432610676996,-0.11603968093069159,0.15858185298418215,0.08318554174280846,0
0.22635845228568258,0.023137197756980102,0.05494052935268187,0.09292286306482433,1.334003468716715,-1.258784735439191,0.11193819384208348,0.13950956257437053,0.07894512702510291,-0.19626366833696784,0.0008876655686380353,-0.18935964711847242,1
-0.22416423204843405,0.05116078886853695,0.07174224239922046,-0.020246518734651497,1.1227765325448307,-0.11680999203636011,-0.08243973741803132,0.15806150059297264,0.035254621157297814,-0.04211859813061908,0.3261085328509237,-0.03541233003824934,1
-0.20475216176454408,0.058219129291598753,0.05323287184787297,-0.05474669624563466,-0.378482789657443,0.5832341047316685,0.0032995705057621283,0.16453367309276706,0.010817642725024751,-0.010603727815192282,-0.044153917224156417,-0.09465936661475521,0
-0.08499318802258576,-0.01549901202557348,0.04534410036834312,-0.14913229070585513,0.4173613559003291,-0.6651913714670702,-0.11177939825175279,0.10661281172807363,0.03969035538774071,-0.06673160104122147,-0.051613915190781276,-0.03935853992736635,0
-0.2594629758838576,0.0660182132293749,0.057910985626393505,0.05229858808979476,-1.1385390996813012,1.4408839721545126,-0.20859631610745147,0.17016334099594735,0.05359619346255291,-0.007959857306448576,-0.02169870752946089,-0.18466048912751554,0
0.2160239375285276,-0.002567294508155238,0.07134080851964218,0.0028232804169373293,0.20394492002346754,0.2274318140662881,-0.14300908629233658,0.05074006179205061,0.07114796207468377,-0.09800762359620342,0.32949996868587755,0.18050233742466482,0
-0.2829768156492336,0.06995101648877453,0.00756898647756366,0.05288385794210543,0.49569071502725737,-0.2555699355182084,0.2679157147787069,-0.006117208393759718,0.020890543488195662,-0.09970749668706048,0.3193763920644227,-0.16929019590850314,0
-0.2244367870692772,-0.05653851564492668,0.0084887074718508,-0.12971969743259715,1.3694402349998362,-0.19498132319591477,0.18405837572795908,0.004759109672558368,0.05145591917864138,-0.006756138601848871,0.26276896002247574,-0.11185778477660774,1
0.011150760135742788,0.033464968711060125,0.009008832943271886,0.03763078395534364,-1.19797726753849,1.1006757526590574,-0.06123605295853701,0.0746286649362336,0.048984802559309495,-0.18918553318822878,-0.058695006033631925,-0.08867852036317009,0
-0.18456215677724522,0.031768298447522256,0.000480205985508686,0.040325819609925984,-0.6219479908705764,1.3139075519188401,0.10910242692095767,0.04228124028107218,0.07069682124409044,0.1441660123325483,0.14954026801393455,-0.162453199627489,0
0.059519758769029096,0.0846511577669033,0.05401656744132158,0.12027321044405631,-1.2860161172698232,1.2466848725354034,0.09732862247068447,0.1928920188230119,0.06771487532589078,-0.2149290152964379,0.1997661455070403,-0.174815307661434,0
-0.14342074005977412,0.012974329407874421,0.0358374317725534,-0.20534664780333883,0.33260505781386485,0.9466528860985639,0.10912305257472582,0.1726188268979936,0.07867128761951107,0.006339244291830831,0.02731086972729231,0.11903977644913999,0
-0.24784115673851156,0.1778388383939496,0.056877592842153615,0.003093600197881935,-1.1777396469802808,0.0142273092059777,0.04774197536891711,0.04690054113453253,0.05899225674296854,0.10247363269960616,0.10577961660035637,-0.1541090041728338,0
-0.037167333010522774,-0.019793487695464018,0.05253487642750376,0.046126266052717135,-1.3988690109273318,0.3652101655724531,-0.10618412817461861,0.1586327085188638,0.03975174903467081,0.134429523962967,0.14972453286379084,0.12900360649937337,0
-0.18208871374597713,0.03835714275462078,0.0642686528728068,-0.1537322064088132,0.22737729087012126,-1.114291000351744,-0.19484315739093477,-0.04160336666186709,0.059038462200567576,0.1701081118123622,0.040057476665249586,-0.20186777978152834,0
-0.1709310646596435,-0.00761429763480205,0.058531890944254414,-0.11881288014210623,-1.195656967739082,-1.148942924999517,0.0780355505226491,0.11965202280591275,0.03499366518965259,0.06590194765438648,0.34982647339162287,-0.04663847716618014,0
0.1806485449563654,0.09787692980224366,-0.0003907146303744474,0.13251735109108514,-1.456772120369078,-0.25622386134745834,-0.16316234103667449,0.053151480524982544,0.06380252661405417,-0.10933332244971322,-0.09148111662914261,-0.14038761147933732,0
-0.03308294269620038,0.14057508080687844,0.05038082870558061,0.1785855510900054,-0.21534686713514506,0.39567919015491926,-0.13352683308428476,-0.004871051996100967,0.04547475477920522,-0.1763535313934108,0.01934886452571745,0.13332306807614624,0
0.018187256855620892,-0.048152034560894716,0.05591666049363386,0.0042551665550416284,-0.018395229935290525,-1.2062098855872572,-0.2649258736375191,-0.008129688070323472,-0.01518280772759524,0.13220818323007114,0.1411490197826681,0.07301841754174393,0
-0.018555882272123125,0.020254655104314193,0.0013798597250220396,-0.12428356491571751,1.1195607940241128,-0.4010986601785387,0.2758984468296257,0.0008558215330535385,0.03659139803201718,-0.14053581094765022,0.23454976914148973,-0.24761263988208349,0
0.06350360467151439,-0.0197390692204258,0.008341293860270032,0.026332925698676346,-0.3521770771861399,0.4423903126005404,-0.08867730171236346,0.1895895966223294,-0.01103545429898288,0.052727480223156015,0.298785928791385,0.03674937107230086,1
-0.1275975358639581,0.07508097876301315,-0.0004970300980226966,0.020743769917788146,-1.1253889098940475,-0.1625087743813376,0.2233701453452388,-0.009748658254035016,-0.03756441420920628,-0.02243921539819213,0.15249579400554136,-0.08842623057466015,1
0.047809762053748095,0.06368329798425022,0.07701704063698613,-0.036873827970797524,-0.652933702812381,-0.030779716859018702,0.08326563945525689,0.005167279157063859,-0.013784209260267334,-0.04773675955889789,0.2493469739389959,0.15694787829602402,0
-0.1117655009964848,-0.011877482146482196,0.030162801378317904,-0.06120317515089291,-0.4188496713115972,0.12411614672167115,0.12575248545605172,0.17909741161916362,0.03189461927176504,-0.09248932264380491,0.18596549177284988,-0.0775044058814596,0
-0.07047942478366773,0.17907777285707366,0.01726436104821212,-0.011702130180307524,-0.0037147502111363195,0.09863066875437387,0.08187076080962258,0.13605604375656832,0.03283316614455449,-0.05284171196856963,-0.06430079807913716,-0.04771637761410094,0
-0.023487700658013033,0.1282416626036182,0.05010829305181844,0.15837648633916096,-0.6043398725987316,0.309218381491293,0.09850726369607804,0.13506994910490183,0.07348166733984579,-0.006663047174295972,0.20463838122359096,-0.08151715863721878,0
0.11048870065492156,0.16267475271805362,0.07543703695390105,-0.14353289773241884,1.454483241945052,0.8854962361178764,0.09780587702111215,0.17680198111897064,-0.008099351284548903,0.20454569313893176,0.22085424249306967,-0.1674162058666986,1
-0.2401912994683814,0.11169330205939668,0.006356036498851669,0.12585519815642,0.7849483091167435,-0.4820124154770269,-0.10799007603359692,0.19762249704630372,0.04370597480035887,0.1698342702243528,0.25965800015044976,0.0018312445439334635,0
0.2262879628804923,0.082726828364589,0.039189573513613365,-0.09423160990025486,0.17414976983257868,0.9484677311351739,-0.073695626570069,0.13015801458995907,0.0729522036882518,0.0017498394892621894,-0.04707362056316519,0.0377798019289603,0
-0.30728967995429834,0.13222525307257882,0.03969876382756529,-0.002910362017618101,0.751814811016241,0.9447367992148246,-0.0800580743957133,0.011905880827878329,0.004776532022880212,0.2278108663687133,-0.029692321606441516,-0.11109250014218441,0
-0.2024429067093237,0.04455594431877516,0.0040892700111578445,0.11167924536771823,0.5388642198073963,-0.8237527390477245,-0.11251650577683706,0.06232706347654282,-0.022537602200864038,0.14609698220164222,0.3416947733969841,-0.15596533402084897,0
0.23400580362158524,0.019740427736364266,0.04262213521891464,0.08665058635463768,-0.4963494129666264,0.683386923594522,-0.2282332326273001,0.12178706471939627,0.0049438169399490944,0.22619095946598902,0.03363878868222464,0.1497469597995867,0
-0.23184756428901532,0.08836531548106397,0.01991741737372746,-0.13309369279675393,1.3040381072966423,-0.009681888150702811,-0.13251388229291003,0.088934851870584,0.0763408798699367,-0.05945192478041808,-0.07557340700822528,-0.19034222917691015,1
-0.24430558698093296,0.053361828448534196,0.059584764113677566,-0.08462104075390622,0.7911642017452347,0.12828984000714683,-0.09314002833245955,0.089557824729111,0.07055198975653237,-0.07166535586634559,0.14260067558512043,0.0988761875071214,0
0.08403853902489,0.1235707042750086,0.062119923137027536,0.018304392906632994,-0.8120917264922785,-0.5573740298903911,0.1363843539762532,0.11464857020998437,0.0005695076503917235,0.1948809954406784,0.016374363570269654,-0.18471921335795288,0
-0.11475665072410196,0.0023358648530146728,0.052187080741052785,-0.1122795171192546,0.9879647113901517,1.264019463348388,-0.1792432911853986,0.005794278778460768,0.0182781417850387,0.14752678980392583,0.09040857063731089,-0.1511359381257042,1
-0.14348638946417847,-0.036329444172035985,-0.005749322124079671,0.20144139773233288,-1.2465715718313015,-1.4410116470227807,0.2367208230667659,0.11291593280204265,0.0074120547022968886,0.10580694066048893,0.3356225211442929,-0.20926600061289036,0
-0.1729521953308725,0.15008155867734482,0.06285271446704992,0.21037281923086226,-0.9199554996120904,-0.6214952740193751,-0.06853081951361045,0.12655716887597135,0.0640766039611446,-0.13148736113934453,0.002410671862833627,0.0004997167496841315,0
0.17129162698206035,-0.04026814610577266,0.06923097031213772,-0.0648891227123273,0.8810247718334747,1.0713796375149631,0.26017635293025765,-0.02794708851779386,0.024944335579699384,-0.14273777877050958,0.33270307320049236,0.09500800303214185,0
-0.17862641104929403,0.013042071354509563,0.02661037361804836,-0.03855356722159828,0.6642922506138824,-1.0975744037095314,-0.019750508209598006,0.12770781287879374,0.010176628685764924,-0.15259593658821655,-0.042430266600313814,-0.11057325624831588,0
0.03307264727885839,-0.026652001783877097,0.041921758817838134,-0.095965185039573,0.2832135018856361,1.0972269459019064,0.004028232526457565,-0.04871256917038616,-0.005979876115932592,-0.20849811754860867,0.12277605221563162,0.08154194856266805,0
-0.25526306932154796,0.11961060584164074,0.04501466681537615,0.00337709357289806,1.5217995355594012,-0.4347767130729141,0.14373162687452445,0.14363190588848607,0.05081732719844004,-0.0825253538418764,0.20720824793978904,-0.18804538355443967,1
-0.02856435730944623,-0.05886099912035888,0.009545574319005122,0.057119663171920465,-1.5102327758530922,-1.0503684411932266,0.05585881667540121,0.10584774841277475,0.07037494685601285,0.10884376199631887,-0.04446627173149554,-0.18863405845019432,0
0.0519416017010495,-0.006973089874080934,0.07626149461423626,0.17927196904964088,0.022899082967616113,1.5441718544161518,0.14755851133509973,0.11278601232201085,-0.04339135732992168,-0.08445783686470884,0.0029260483117421465,-0.09103679404239137,0
0.2339487324076202,0.14650070198503218,0.018611319783643887,0.01412581439227048,-1.4113681533919038,0.29694229191731414,-0.2298682445944792,0.10738974800736029,0.03542883329254233,0.19982245075760965,0.3066422762139996,-0.18283428347124253,0
0.11347890536059374,-0.026684572003894617,0.025902068162148014,0.007998201213425205,-0.32603718981395846,0.5577291977033532,-0.1105448250607651,-0.028807003544224045,0.07059127984710423,-0.0731676765618709,0.13742900042089723,0.1815148539815607,0
0.01229139687210884,0.04074549467872546,0.07639651495749596,-0.1158813106297956,-1.2746140358992972,1.2235211640607473,-0.020125405305463362,0.14821183966837118,-0.04257866004769036,0.0902776721855034,0.2331453794570889,0.1707920490232281,0
-0.2291381013073281,0.00048730008100435207,0.07663722241277883,0.05665242011823335,0.7331740003272855,1.1880684041659173,0.1872093086711159,0.08752283579874612,0.02382048408113613,0.22034649714548069,0.01861072549161412,-0.18267243065291058,0
0.039345709106341054,0.15547100467131586,0.016052992709778363,0.07807081062606025,-1.2564318217153094,-0.9281922673643124,0.25440458178544,-0.031339507164505245,-0.044819576744047115,0.1682845978671104,0.07407930162485366,-0.07977715212780903,0
0.14607066543203007,-0.01566626126054492,0.05101973436691869,-0.07739895818612835,-0.285300470258137,0.31957273342460457,-0.08301818589648757,0.16662070918534383,0.06868069135847636,0.20505723143333568,0.055732656722625784,-0.1495025324211089,0
0.19938570365857805,0.050843679367161373,0.05623308541892846,0.139735966074851,-0.8051062195739728,-1.259377053970858,0.0942267897895449,0.09353001882609516,-0.013630503200972942,0.07389421716585368,0.26954742289519884,-0.1000957571294821,0
-0.17375144007949556,0.11712048844112877,0.06332786567692786,0.19347701116921584,1.4423035715758104,0.4789102903633624,0.17543300704446563,0.1230685116915618,-0.008194106752976195,-0.2052144868088277,0.14034325664460634,-0.1280779182170499,1
-0.146502076505642,0.1663644184695482,0.005857280668916255,0.18499807100416304,-1.3444784788209432,-1.1373282971866918,-0.10332480644856379,0.10509298028986719,0.022700681145465834,0.24232754143878674,-0.009623224420902396,-0.16344654090193217,0
0.23160297351934617,-0.03563576381682113,0.04959914257267718,-0.1843372947254972,0.26447548059222514,0.7383064024116488,0.051699355085640275,0.08899085393749673,0.01217939332885095,0.15211846793692,0.3617568257621838,-0.13242851720282178,0
-0.12721737896312207,0.019198562361842017,0.06127540041497331,-0.062819817705141,-0.7393449929848832,1.0879426032533848,0.08437184775321477,0.15668124259593938,0.01730536805741785,0.019545753929822746,0.030432836191751536,-0.027836333320005874,0
-0.1622245817906523,0.14600581200243115,0.027277670094133417,-0.1553611415422818,-0.8013389851325434,-1.0636622426449582,0.26295958846405076,0.01694389523637045,-0.014368049788529763,-0.014498901835838462,0.350593789569548,0.1156057218361729,0
-0.226898215338105,0.09001869483047728,0.06387198445206936,0.11472920621737898,1.4200641077554457,-0.05642341489885916,0.07035146380325985,-0.009265164176381055,-0.04079709091539011,-0.03288745036947238,-0.06324049518893099,-0.0804937407560575,1
0.1627182714725035,0.14618217614572193,-0.004938942726895523,-0.18054473575674726,-0.10985562555368289,-0.3125830899298261,-0.18103313239370972,0.1504709804053336,-0.020443374032143316,-0.17745002631262824,0.25088448421154,0.012333177309567178,0
-0.08648781895698526,0.10925777420875585,0.07472464430429246,-0.19548990754056478,-0.49485245481462603,0.9245950757570769,0.006989033649120735,0.04957934857001553,0.0015647202170367275,-0.12177510971803876,0.2751635040753931,-0.08724205520080397,0
0.19617085693603525,0.026901396364498273,0.0682169118787969,0.020227995848917962,-1.3751218454639127,-0.1310571895753463,0.18791215793274263,0.06510375428872553,0.006060730358457347,0.07027817281653728,0.1758017725750824,-0.06722353609968706,0
0.1218664984084678,0.037877078190177285,0.0331013680936864,0.045952583694129634,-0.0854583255367456,1.4131918371207324,-0.1332173506383018,-0.015758881614730304,0.039554752515566824,0.0066060635157690895,0.08600198052275976,-0.16365540682931878,0
0.19843217698860777,0.04846258744486176,0.047148399933947455,-0.16236936388916903,0.5023865570356152,-0.6202119172269057,-0.05483509943156678,0.06251126457016953,-0.016880896951202887,-0.042722838650642275,-0.08867819907958267,-0.09962643043446565,0
-0.244392018585063,-0.028224994664726548,-0.007623840405427988,0.08444836590574356,-0.4949819594378302,-0.28838806175461906,-0.21180654765841903,0.1991571914961289,0.07585455598136115,0.016102919370239166,-0.042256642767115826,0.06138494740307748,0
0.23877554319993882,0.1302022845968824,0.04864754421427746,0.04828344128944129,1.1323794603838484,-0.7954236155098974,-0.18091872170731427,0.15715617208377602,-0.029499022312955727,-0.026041735489371,0.037068632986397454,-0.14651356345878078,1
-0.2979974782635445,0.07844643385308567,0.028401423241574856,0.023239552222540844,1.4221765510446762,0.3455899162657259,0.07484424111187349,0.19163625897574202,-0.003506339738881599,-0.21509018467862048,0.2653937592337621,0.10783467237803368,1
-0.27907829968587267,0.09284852595871448,0.05199052076368271,-0.14833255082966074,-0.17601933671663428,1.3688437482281792,-0.25797583925600415,0.16670188452500875,0.01446833536822606,0.17163811368049428,0.23872546313583892,0.1802826169198739,0
-0.06152875433355798,0.04465671127937766,0.01755171740868265,0.054335109684728045,1.5015619126007225,0.7692733909482221,-0.061107369937813905,-0.02793375743553319,0.061500397798802564,0.19463503666082302,0.06882109123732344,0.04814881348599098,1
-0.030294834025264006,0.12588357726249427,0.027392841504366532,0.016496420714218973,-0.8827902483848549,0.99241589260389,0.18508179484110182,0.038363516409640794,-0.043454578845987524,-0.133048252395648,0.09650605190084721,0.06015391875405568,1
-0.10424611235710476,0.12203776892644194,0.06988292793305513,-0.06572780499672343,1.5656338771374159,-0.9652648150549432,-0.027083022146868557,-0.036734500275725473,-0.04124435463631479,-0.18420894439658236,-0.04368077458643686,0.11147046295658158,1
-0.0008823555085682444,0.17129755101388802,0.04081994632106799,0.055841808749747035,0.5132432276993326,-1.2188073205246737,-0.044439691526633934,0.18376382355428217,0.07056907221250877,-0.11773494899142639,0.19177715023391706,0.02542218911119154,0
0.009935151791023,-0.02921280228857491,0.051354656401669405,0.12786585783246818,-1.271074866942887,0.7154279587617756,-0.20015520941254877,0.18356639442745928,-0.03401209086906235,-0.11283342684214838,0.04482582354291398,0.10714270817762567,0
0.08916554240925195,-0.057792698871516994,0.00863523785933698,0.10717940676989907,-0.2616687661547763,-0.5603465577635756,0.2905333102172626,-0.022542579286844402,0.016849681391232885,-0.09301645417385862,0.2453848412044327,0.08577150092762253,0
-0.08489446443541554,0.10090744455331202,0.07451514838033234,0.13451296640349752,-1.4041857016036534,-1.5683711433196847,0.2459339091762569,-0.05344352056325718,-0.04501417525515505,-0.11411444990346041,0.2865721731572579,-0.1858163352523894,0
-0.1491073557268447,0.09374977463821607,0.008697099739926467,-0.08180053186578093,1.002287620983098,-1.2787459168870865,0.30703075945830594,-0.019313107629224967,0.05991485914533881,0.017028443921562914,-0.03254624917651746,-0.2009426283655436,0
-0.025767078943755406,0.026621700281544813,0.013269978564310819,0.19544262953538577,0.7896811451941834,-1.1966215071733641,-0.17255693136242367,-0.014019270636678093,0.027703944860138857,-0.08231901533017738,-0.0070467736625018235,-0.21130969531845187,0
-0.26900116795233303,0.12398246691369372,0.01758872753071913,0.20367763035100717,1.1777643850298183,1.493370327901175,-0.050456973724735066,0.06972117507541128,0.0625407015844804,0.19797099520483843,-0.08698949492405214,-0.074290400974283,1
0.1621777559238755,-0.0594533401972256,0.04042397157808311,-0.1002492518996146,-1.486545817908504,-1.4146983093615109,-0.04070454448451383,0.17332287466192917,0.020147653390481135,0.23219583806062735,0.24048410320069374,-0.09961266371537841,0
-0.02962897739109077,0.03547431395562696,0.06720543217191874,-0.13063494636782283,-0.5816861977078437,0.20125873032828,0.08666049552288141,0.07412351246916343,0.02243530062180145,0.11506171593528866,0.20772370240583593,-0.15927493396321957,0
0.0213533227482669,0.0268912053500725,0.049812337209874574,0.021651892571882242,1.367601703665937,-1.3832117865443123,-0.002924620499320796,0.08328329574152268,0.03742333558074948,0.10771642824140829,0.25062027165802725,-0.1624961822244214,1
-0.24942855640256362,0.10352143464389638,0.013395529475059651,-0.16149205368382707,1.1312851227274743,-0.5639527807044533,0.3066679856600688,-0.020948769780565805,-0.010035739916560753,0.2406246788806435,0.34856238352499547,-0.15287357688513598,1
0.19230253991166107,-0.025658872000368385,0.06111807807537831,-0.20444114398987684,-1.2078749843314978,0.37544746481437974,0.14006615452040133,-0.05828693807475819,0.011069319960988547,0.12947756741165165,-0.07020041684850628,0.1383343468713637,0
-0.1055583702798594,-0.019240100545931282,0.012440223000772781,-0.06667080710527021,0.2413434096824416,0.9614396314964371,0.0989184800403008,0.052077911765092744,0.006265193133775444,0.17163832131144277,0.04598545217169964,0.018711268914663126,0
0.19945508009876106,-0.005537048487900473,0.04825689104028476,0.19080627841040865,-0.9633258675222902,-1.2456898756038643,-0.08800739451435444,0.08668179850524727,-0.00845009448473101,-0.21438070140940266,0.36409576917280667,-0.14798783819981903,0
0.2454490400196872,0.09958782575564185,0.07404841438417406,0.1989359959510521,-0.15371398941829906,0.21331348354546664,0.1767246404948476,0.07597797856680055,0.0351779691369738,-0.11983243313484572,-0.08649777674019181,-0.1407009500601502,0
-0.06323963286768738,-0.0039442319524749525,0.03864386561465731,0.06819971501294442,-0.8963476261611489,0.1967913692050518,0.2919240089744779,0.17299099029114257,0.030767264099126376,-0.11412992429062274,0.3394904832683709,-0.17638731134372104,0
-0.22588895099487974,0.01786349351790799,0.04405307165007387,0.07814617147181213,0.2479894277157617,-1.5554969716319513,-0.1661773050583345,0.015865920649920068,-0.00704816932622198,-0.0512727868210357,0.2558462369241585,-0.23471804491386766,0
-0.20002368098165463,-0.05406420380466617,0.06264024156108679,0.2059195039180371,-0.531551550417229,1.1893177661171743,0.2582000894048241,0.0048840484136739165,-0.03947664912936629,0.03681122102702297,0.027405711395518534,-0.05607172196598895,1
-0.05100466451502644,0.018171057995805012,0.03612754755102725,-0.049234453665497224,-0.9809068207177946,0.2960162601069609,0.13848320618826948,-0.05160943946010081,-0.03321939784861792,-0.16833755313933796,-0.0633297914715369,-0.22682869549083923,1
-0.22262788742568473,0.14705316731912188,0.06717446939992734,0.12112787006709397,-0.2586754210662967,-1.1982268788189803,0.1600234725177782,0.17262551467783532,0.0449968904883471,0.1491909832624894,0.275817384090654,-0.010217127339745058,0
-0.19055247646647916,-0.038905614920523475,0.030018113898545407,-0.1711809370754921,0.5285585260967827,-0.3870552152728881,-0.09370385151577992,0.19396077538327364,0.00016312228398475404,-0.09669985043449693,0.0927832722657789,-0.12129635848213877,0
0.07380422296499695,0.09506483201717567,-0.00555015046546418,0.006217017773681749,-0.2983186469031338,0.9701645518711917,0.2742606323470619,0.17743147332183987,-0.02181143725036392,0.1522602800393066,0.27078493738950216,0.12394608721172196,0
-0.16383855106901304,0.05032912842355504,0.012080630263823968,-0.19966362297845813,1.440341631551873,-1.4431464214356078,-0.1238595965346872,0.16146434579693214,0.014973931400959345,0.27730413535152787,0.2709182757791873,0.12605587662291629,1
0.13085493436486717,-0.03369651135012383,-0.0021280757112380746,0.1769010567141674,0.10958020034423344,1.3054388537391481,0.08559125853325517,-0.006501014164912118,-0.01932841776422717,0.015113934483715397,0.07334171466335848,0.04214828378452817,0
-0.26968635567060445,0.05956798500117684,0.007790606090482915,0.04654728922426882,1.1533315471737093,0.6526298284205463,0.19788952008616195,-0.00034816297424096476,0.04559596199631326,-0.08073765783137138,0.015837373127537482,-0.12224754406967273,1
0.1925774739869392,0.03725444680849119,0.014101589058184531,0.01691926242046418,0.6431923343555883,-0.05357345705859862,0.30589140146149807,0.07670776643936139,0.009400756447322606,-0.046018526919816255,0.3531450329643038,-0.04204542137139797,0
-0.21064787615755298,0.17661513594474168,0.07921960798851589,-0.02574139741522266,-1.459547415940922,-1.0753767082631145,0.2123829369055108,0.069292629077816,-0.005941156483208532,-0.06668019655155927,0.05767294796858746,-0.2011400392499109,0
0.13388840246916012,-0.0339316095844167,0.02813581711154869,0.1430245254177529,-0.9573098829700638,0.21530890416972914,0.2814655536519539,-0.02907105379027184,0.06434439945067152,-0.18542487526753987,0.09738842982346199,0.022610650060155946,0
-0.1004869123038212,0.07073723855232714,0.010491296986611838,0.0306139744743108,-0.860583072141303,-0.19517748377787125,0.07046916044879309,0.06490314019382293,-0.04097302586159883,0.0317523723087674,0.16593627974695813,-0.13683382590814966,1
0.07593441184806182,-0.04080029797753616,0.010916936336098419,0.10185174533454322,0.6967872876698038,-1.0397386493360756,0.1092948665349947,0.1301926435656828,-0.04137612831431314,-0.15341493492225294,0.11227697768313427,0.005655334504066467,0
-0.052449420763993726,0.09813518302321944,0.06061470172879237,0.19147085572206718,-0.24565456307627764,-1.3601671302374065,-0.11461586527810871,-0.0233539643180537,0.002105901125462821,0.2167251801789095,0.06702091536552512,-0.187728729376459,0
-0.012953984022230192,0.18215202260785965,0.00905472579335995,0.11889938112826176,0.465296911154802,0.8847171293821876,0.09117232115463253,0.05179850307561021,-0.014629288195586163,-0.004794112842829934,-0.048003569647620786,0.05538130528926516,0
0.1628984088363959,0.01538606458525689,0.04340574875432661,-0.111801531989303,0.9800660981273659,0.018093668292207488,-0.18986216535923475,0.1442435850916555,-0.01343330257188008,0.18990466980396029,0.07681821181776038,-0.09189314223715941,1
0.1177993873467984,0.06480746355538221,0.010216681732821399,0.1495623035977684,-1.2223258279942595,1.4319865109010557,-0.026667633577812377,0.08923824220762411,0.02946192359659834,0.1983866140330964,0.15581098748062724,-0.15510934013349864,0
-0.16265247731571328,-0.034935131631696204,0.05879237674597963,-0.16515439480452596,-1.1070825060552605,-0.7114307353222483,0.18724577869027714,-0.04279851900360288,-0.022166742377660472,0.2350814552882671,0.16989610048446518,-0.05319316898872006,0
0.11613786801928061,0.16036948107405338,0.01584949865270527,0.17115045058028233,1.0065492394891626,-0.8140353563871939,-0.1720636318416435,0.007867412228056064,-0.03565415395063551,0.18254288725875809,0.3581218008076133,-0.1231963500944104,1
-0.12597128439472316,0.00846248577009412,0.00602610552780471,0.12294470143792952,-0.6186910654508717,-0.4104832781893586,0.26934395363116836,-0.031214144980513482,0.019267276649678505,0.2764078742086692,0.29799267323970097,0.058943284501449256,1
-0.29986809207455734,-0.04284367812909466,0.06406747746824518,-0.05080156556453219,0.915157671715934,-0.12267543203043396,-0.02308807741702157,-0.02461863670372897,0.0011479646557184808,0.21597156861548447,0.05972291943417549,-0.22526381275632826,0
0.23743508965893584,0.10632237117400187,0.04107932549314049,0.1405574131810412,0.9200356339332394,1.0922077630822755,0.22896845937559157,0.011650928998498108,-0.0008369502581161564,-0.0794077612254549,0.20969076950993515,0.02592577183145195,1
-0.013026840035870402,0.17579280206167935,0.034851805530588836,0.12137133458613752,-0.6396191603760569,-1.0368280823536984,-0.2431302891599814,0.11132667192458881,0.03361147814793777,-0.15426609324804075,0.27208654427950646,-0.04914061776475795,0
-0.12681219640400548,0.14122829920391602,0.02314668528229751,0.05294157701801605,1.297715476824204,-1.1302260292749995,-0.0227120942682687,-0.003623945204801457,-0.02259054079975041,0.10875350366745937,-0.08632536829776878,0.16955597640255426,1
-0.0859438634907311,0.01329184135434451,0.07550499376615047,-0.004203975537941246,0.8536069377395472,-0.3820814353373132,0.23697971061010248,-0.028225354522359906,-0.037549536892035294,0.27683430499724626,-0.0874794946884275,0.05592082827071804,1
0.03777362432176523,0.0751088334318894,0.0633238650482404,0.20961874492243482,-0.32896318719707174,0.7758180139778432,0.1474587980148157,0.01836593149163082,0.06536022756313463,0.010525003118140308,-0.016393929637095878,0.11960786427583209,0
0.22813894290890852,-0.03525808625969153,0.0602231482423598,-0.11904490794271873,-0.30346717379773724,1.3293094786590507,0.22742665250850702,-0.025199813389104576,-0.0313314112525621,0.15047529753076253,0.0941128196226961,-0.18787535750056117,0
-0.18081704904762977,0.13407634707199168,0.04856272675658736,0.11173553698990446,1.2798793589661146,0.9505427006054681,0.19396284215420645,0.0077501078266795365,-0.026444758375391092,-0.026792255610750437,0.06077105395137411,-0.17176480171217962,1
0.2344599573732858,0.05818905294804662,0.04718318219010259,-0.15874337493744942,-1.061503469416158,0.4372460687183739,0.27201498932792256,0.04649498812424964,0.051304245162961795,-0.06529735588912722,0.17295869912441214,0.15121445021971353,0
0.04580787017513732,0.11374822435830803,0.07151050592581067,0.1812745617043791,0.8162960148202922,-1.1671591682750826,0.05118305136841367,0.2007085639887409,0.014272609888068999,-0.05203741966452727,0.15391703634778467,-0.22450315104366458,1
-0.2111010960281301,-0.023222107895502983,-0.005498152301164301,0.095368499315863,-1.1999701511556904,-0.8216170178031312,0.02904947027976773,0.02299474836755379,0.0019501335525070537,-0.05966528425206413,-0.08971825846461315,0.04726770535753538,0
-0.24925690020788624,-0.006114898251933766,0.009248668754640949,-0.06985769621109816,-0.9780150656351368,0.9270292919497078,-0.12666883932441508,-0.04634569469227463,0.06253145453926409,-0.06460263851532974,-0.048007220105145104,-0.02538760821644212,0
-0.24203773184294305,0.12883647425641825,-0.0024414479806284355,-0.013519576670433159,1.1791925998155215,-0.6780788849467415,-0.15092319538914067,0.09624638390231677,0.07639610815539026,-0.02478180198403626,0.20480426867594292,-0.18620666655199403,1
0.055172867408624815,0.002051034809556783,0.0476563883631468,-0.17245950173640448,-1.4932243596304733,-0.8787042217817791,0.1271565760595859,0.13517129267495395,0.05968719968202725,0.2761816207230041,0.11832438023388783,0.03954298938814149,0
-0.30218397172909617,0.16099230583824745,0.04787936278374695,-0.031820443373419605,0.7840760582801594,-0.7610963851884055,0.21501464608212312,0.15109874503155424,0.01686465250464811,-0.03207026116874592,0.34044450724489844,0.02369021408260802,1
-0.0008959589599738527,0.08625863638445183,0.04916183064120122,0.09150489253732269,0.6594530033715176,0.42565951159198034,0.23020801686606251,0.05441217491660291,-0.026527579631979062,0.06989945931287969,0.1920552241181291,-0.024580399237636663,0
0.19811062004904018,-0.03684029077216574,0.018065938834755057,0.1560646084659706,-1.127174278156954,1.483167218511498,-0.15597411989271628,0.04861375924182772,0.00996116596653851,0.04157429824032341,0.03380380404728664,-0.11637917984380847,0
0.06331297644348449,0.09197757928440639,0.052089011918149616,-0.050446408617829064,-1.1538178658125613,1.0275794301549126,0.2831576068997427,0.04198077430224109,0.02898582643464112,0.04319870040890236,0.30877583125109415,-0.09177370350046571,0
-0.06371369145325237,0.1458167860914637,0.006582694255294966,0.0412924240967954,-1.0370977099905194,0.9312352315804511,0.15012557573330848,-0.05974125051213244,0.05858749842574999,0.13267824884455984,0.16474454381853387,-0.14970034901714202,0
-0.22709973227689936,0.0935867644135901,0.031915633821374426,0.15430197560190723,-0.889805776462106,0.5931505607023329,-0.12343920824732693,0.10572665655339303,-0.04177505342362026,-0.02186838604445443,-0.012644378256578298,0.01137840209641311,0
-0.13106736862253782,0.12845629081527515,0.002372692434204267,0.025193822101343244,0.5487161190339009,0.573326703761013,-0.24666715773280637,0.018974342081102782,0.029359180485240124,0.26141260468684335,-0.05006248414127346,0.05372901372344924,0
0.08461102824406513,0.10359322073502836,0.03883559463459452,0.198776708659047,0.8177240914796988,-0.08617421232226863,-0.11552095393165379,0.15067693753891132,0.07851361020702356,0.2353412610490078,0.04738117367429512,0.1160142064798832,0
-0.258109950854252,0.10559898965975828,0.023035474346008993,0.06850660270483216,1.3240908505059712,-0.02038933742988891,-0.1336088447567199,-0.05132455456471964,0.006295356972656346,0.20060128933035024,0.2456258088666597,0.09107947930722482,1
0.15028232353723414,0.031109016696753478,0.03791650458359261,0.0050029117593034245,-1.4690518642990504,0.2197463172852634,0.14942835717598058,0.0990236337923375,0.046725090403315864,-0.1572346090766346,0.25632198933984274,-0.16189143823186725,0
0.19022262620777802,0.00016769848046339908,0.03664221068057383,-0.003952802070399858,0.0006582988439256532,0.8041324838183581,-0.1600539233005711,0.08821727309988456,0.06791856486765795,-0.059131514798870494,0.14057722373845713,0.12286284172429718,0
-0.053184923152993224,0.14300692686953687,0.03250135983189799,-0.023831701304181108,0.43654544023107555,1.1303075072230426,0.08650927529900249,0.1562365169400697,-0.03073039946180294,0.23534520982358123,0.07242100183590927,-0.06732023824248318,0
0.20033377774018885,0.15885077769253783,0.03962664308275031,-0.09294034676530387,-0.72493022773039,-0.5625307674290314,0.1844228590852729,0.02329788621483593,0.040203925750418146,-0.11937125018757284,0.12707279766205945,-0.09918312167248697,0
-0.02386476536703236,0.07934635865107195,0.08194854730055272,0.17048227398059768,1.1006355598130628,-0.16867345685741353,0.2645464391874408,0.17349103646435846,0.06457903023519199,0.02145290713497211,-0.013548468190833662,0.0760481677407675,1
-0.08988813104883195,0.024440877142101664,0.02745183223016037,0.026401800411537613,0.2566237155903648,-1.5017883490891586,0.10748193973058823,0.0720242848726022,-0.041061011316565595,0.2484685730043207,0.09655093924022812,-0.05678102431300705,0
-0.051158018062817,0.029425183202278535,0.053222744642278955,-0.20405664621197073,1.2682591528178035,0.15540994419218257,0.3112568904331796,0.10354924761683693,-0.039504029425376126,0.06284443169124623,0.05982434933122943,0.162571171523462,1
0.12060917181666464,0.06401544157140741,0.030992797052923463,0.21105433863883233,-0.865334097001485,-1.4256753970719602,-0.03712119979499218,0.023295785404205543,0.0415813654544951,0.07547147444695188,0.2959667502032772,-0.011434187034117055,0
0.02129092848355657,0.056790230904027114,0.06121655896122509,-0.03450603351586326,-0.07842952582630747,0.324694706511091,0.13347629545384782,0.17359279539027517,0.04965655918281091,-0.04623052317367743,0.23116252670433024,-0.16239465535589637,0
-0.27938709541264356,0.1332918578573917,0.06533801850211367,-0.2002463791325537,-1.5139165881899324,1.3343821642998088,0.2565825410455108,0.1458818295830834,0.06634873776732222,0.19727903252407428,0.35344502677252754,0.021469414900779693,0
-0.18238967520572252,0.03540234791907558,0.06024116221381533,-0.14358288202566988,0.3602733767512276,-0.25982366504372534,0.2396216041639011,0.06537694800579483,0.058732911284113856,0.2592620080731517,0.10132569982057782,0.05087239907290425,0
-0.1827001493162347,0.13558281871107578,0.06642009592684776,-0.08512777263283798,0.7320108501169724,-0.4113759426369168,-0.16908292695822127,0.15391420359351154,-0.014785282511267359,0.2520163225707356,0.35244613591061585,0.14331549217211936,1
0.0312050425973443,0.005648256300717025,0.06526985136974202,0.08665288188983555,0.37259432148003735,1.3397453325752255,-0.23347797261430273,0.2014674562469074,0.0584339648762324,-0.10632721160174124,0.2399749095910383,-0.2522518399346592,0
0.007224159499188865,0.028891732678923518,0.026593821124751695,-0.10657168762826552,-0.6747156626963073,-0.517952804633877,-0.12384329701418609,0.060806596371045615,0.02533420631804982,0.13661384159467457,0.21782514136370346,-0.14714752099041378,0
-0.2902720233941983,0.14335323642161688,0.07117709988313226,0.20387647350752952,-1.090552979737939,0.5888565562449977,0.25021413399151715,0.05593280720429676,0.051973245646490224,0.25779273880401266,0.27225265165736984,-0.07145466496284344,0
-0.09605798629353249,0.011522999349310822,0.025298081771475894,0.136951143221749,0.4751918960437458,-1.228785711674597,0.14442377233995707,0.037789706067955564,0.02285089734823284,-0.03245597489340832,0.1467753773137296,0.06533327165080216,0
0.1066467910969181,0.12398592477422377,0.027475149329864414,0.08196048326736571,-0.48722984548764914,-0.24718039907458045,0.07007375815295164,0.11899165372483964,0.06778764122587869,-0.06500577105489119,0.29464233834588777,-0.1170339195221742,0
0.0038399440041242405,0.14223698258960593,0.05763237526663449,0.15483012983573957,1.5103551076508468,-1.437033202044067,0.30733352895804966,0.18523485345291976,0.006663846627920071,-0.19280176004322377,0.04711845618336469,0.11165628319991372,1
0.23269632562734527,0.14310720557027015,0.027993139453835938,-0.18603993195403434,1.5010636417742573,-0.07888673346628972,-0.19630859142229917,-0.03454215117656855,-0.028493809681879985,-0.1141003921899009,0.2528395282681695,-0.08629124061696167,1
-0.062111146764010416,0.08627383875320993,0.07915162717209043,0.10985022910510728,-0.757256099074565,0.0142720526703628,0.1489147033986566,0.11998776883521178,0.015066092495749556,0.0650326006409839,0.1193005550453691,-0.08051765692330753,0
-0.15743143687825753,0.02703414971292918,0.030879492551680262,0.03498718220293154,-0.3396295908824345,-0.9414240279635411,-0.07068161934501957,0.03694301225018254,0.041772485083698324,-0.05105144764627881,-0.08790345790141196,-0.215817377276297,0
-0.027658706241055375,-0.01358097685025441,0.03688102957438766,0.032799906544239504,0.2259249645133765,-0.898571221187087,-0.2495299239350232,0.03814272961150304,0.05274979688530862,-0.08694004256013418,0.3310485142424633,-0.02212760694431576,0
-0.2597215275737689,-0.0006266783420949829,0.07426322111201245,0.2091904252732592,0.3345107952809463,0.6605278629516838,0.17758671624202144,-0.003769672469221781,0.0008723976713925635,0.12969544244793582,0.3511177487748438,-0.06124782973786727,0
-0.028325263659263522,-0.00586491593297464,0.028581509133510704,-0.18329967936107774,-0.7392367676412385,-1.4457809456547979,0.1282078310437132,0.009714521182582037,0.012491130579470815,-0.07652223196766955,0.09123961675487488,-0.014388634261764066,0
0.05488391697059497,0.16956737810088687,0.022132391424539377,0.03730300285888402,-1.2882437878924713,-1.4908564660238508,0.23329701371208622,0.19067058562093067,0.05960488983790245,0.06652780330210042,0.23837025509213045,-0.04301127288982409,0
0.029852034593371435,0.1778961091255694,0.014769914113065184,0.12510190875927013,1.2418843723982171,-0.20614336057257132,0.10505717095687289,0.14700627289693086,0.024244238875405125,0.19929212256254167,0.07561393702304417,0.14546392086761983,1
0.0591440954541228,0.13616106805921654,0.01675531994438109,-0.021343513429794375,0.8483870212547344,0.9395599740094338,-0.0336258980021919,0.1438045279453888,0.04645218380987472,0.20633294721511788,0.24626248313381865,0.15997902103329237,0
-0.02693527879541746,0.09258556871060342,0.06894266070748373,0.08669328267242404,1.1913528431513314,-0.7211293525432134,0.0524072827746509,0.1370349081902331,0.021048860786449894,0.16957903179556658,0.29113525176200444,-0.13706870776428104,1
0.04066060064297444,0.07621956621583525,0.012608462029683604,-0.0028486903555275667,-0.2718981126158442,1.017084813699501,-0.0006228657924380321,-0.04113625759397601,0.01391025179637103,0.1995492155196554,0.1694477448147661,-0.11366212913930732,0
0.21554506308458404,-0.021582335436505964,0.021649015314523467,-0.025145485562767522,-0.7427691529193159,1.348940772102518,-0.23359811235634037,0.14690285927299293,0.0434980900881993,0.2276833591854602,0.31984160880069773,0.08611972708697113,0
-0.20364623743320015,0.016962644473305574,0.07698922390184397,0.042932131449929245,-1.197353067372427,1.3723414923053918,0.23859334236135277,0.12983684400390258,0.06401436099719589,-0.1597434450962781,0.25455622007920714,0.16805812492167094,0
-0.2846577814012263,-0.005164002290469413,0.06406305440918215,0.009905013595130768,1.1697496923262845,-0.055339345464580525,-0.07989462821882498,0.02236496734358702,0.06343339930185758,0.11226377099647075,0.2442189057088754,-0.24664164668691943,1
-0.06751826517698323,0.017924714300055017,0.06932582423026494,0.19329955129763332,1.2508987055696361,-0.7746141337842787,-0.25918723463504334,0.023596318787082016,0.05039961728283014,-0.03755157735313927,0.32921615188274,-0.1573941983394227,1
0.14366668272117133,-0.010363599472336366,0.00986503969803651,-0.021503712606253333,-1.1414824603002358,-0.5646945576763902,0.10013488843506191,-0.05995902983912208,-0.040725850982086795,-0.18301481104590417,0.282926642299797,-0.14938514557310345,0
-0.12412062228911544,0.08909282951832104,0.04499278747132093,-0.03639259054268354,-0.3511969594248756,-0.48549614544779485,0.16025585493662658,-0.00032903823259945036,0.041954154141186306,-0.2087076669705291,0.32329769810508974,0.16126269170449942,0
-0.31134040266670476,0.052030438461875536,0.029543966193085528,0.14595835565106846,0.6227198007073669,1.5282754050873477,-0.15026477138311167,-0.04215464821493348,0.03992098209077191,0.0917414895839487,0.2887226717784185,0.11537215372041648,0
0.04922898411788745,0.07165200800493896,0.07496324097463092,0.12878694737569402,0.7993507276804424,1.0753087045613758,-0.033901422275589066,0.12704410311949993,0.03938014271287152,-0.1298198859502811,0.1992778190906786,-0.0660866541822765,1
-0.05425385968396368,-0.015617002491094219,0.05959282543582038,0.085108020889261,-0.9283110280354542,-1.2761495516375096,0.05488159111827573,-0.036054652228530965,-0.004855358436953006,-0.03146928402219601,0.31206688447940734,-0.07154321361678903,0
0.03054845939195855,0.15360877594239083,0.03062794729004187,0.163637452187044,0.7174330620720648,-1.4344297933213825,-0.21266034459409358,0.08579219722848189,0.07353262583618057,0.10974087761665494,0.19449309276293975,-0.1313929827853527,0
0.2213592778698224,0.05537196820322185,0.016212028840532515,0.2076010161629291,0.3082471433280325,1.2500970527734367,-0.24726023141610898,-0.015386646306850708,0.054745858771236916,0.023277980445572777,0.3447094976425438,-0.2160137441116512,0
0.04057184228649141,0.11589825002891974,0.04837333867778165,0.01406072455441551,-1.4676597282043746,-1.3596890387655516,0.23226280439987151,0.026405916626539738,0.010403606878231511,0.09930011140669373,0.05201570659557847,-0.17467877341201196,0
0.24147192552438917,-0.012062423595713044,0.01310024606248665,0.05160373257581796,1.0260338100701338,-1.1348570684706667,-0.2304411727256864,-0.02993840206417931,0.006539808238793722,0.19523725241192255,0.06469639068183822,-0.0663296456616349,0
0.03157022474522042,0.014105737924436562,0.031243461573021793,-0.04663045120193818,0.7025602112023706,-1.361509403804118,-0.26106380905872345,0.1718184307337359,0.07607803569260928,0.21172810331397388,-0.08891474485768187,0.07451595261337757,0
0.015995616302934168,-0.03655899839278114,0.07667498839247266,0.11819855163094989,-0.03485933338209435,0.0020750396763868917,-0.19444077494156475,0.057696919561864776,-0.02774040809194292,-0.14170437522255278,0.35061720844471295,-0.0033489828642990216,0
-0.16408162897080197,0.12964191058044439,0.07144329900771826,0.17796854705274656,-0.41893546061298137,0.06733167989610189,0.1023923983279032,0.028024738729912707,0.06950934345599592,-0.1554457472484199,-0.014419659914881838,-0.0635871985300625,0
-0.15003339269948548,0.09050093964378811,0.07417266374227802,-0.002361169776323113,1.091672709513636,-0.8241379897559071,0.14212778286773747,-0.03590780078982392,-0.04174394183927465,0.10199382296119361,0.15282845340833418,-0.075116706924855,1
-0.12116386603498061,-0.04688039836409161,0.05376469001881955,-0.03176863370031113,-0.4420981925793037,-1.535664975712516,0.15948314751725257,-0.0045059674430136115,0.0354600055558148,-0.1506036197947688,-0.0028774291911052713,0.0585144654547014,0
-0.24053774431434005,0.008758247490040352,0.07351508735816188,0.10217597114950144,0.9601262727948263,-0.7935813591305445,-0.08654076446433592,0.1046849090811893,0.0001332347918273566,0.12966378759460048,0.06765921104356917,-0.2519786474749706,1
-0.2588665172341281,0.12832953940475023,-0.0004049433576251548,0.04346029698793302,-0.8267557371864656,0.08677817229807405,-0.02815097846671319,-0.007372071516427679,0.06912493399645438,0.06481061003094421,0.09368355987085575,0.15778613072361392,0
-0.18941155097235618,0.04824548578561842,0.0018325268780684627,-0.15714822440954024,0.4133136224179379,0.8080772188033445,-0.07130668878723445,0.119815550754125,0.05423830693142784,0.21921136941244393,-0.0711074601292287,0.08446719018799759,0
-0.22834710896603627,0.11060645512511216,0.025715687303584835,0.08927299508443376,1.5626756119433167,-1.0663775224273087,-0.19483714352307685,-0.017647343214153156,0.030042509347131596,-0.04912655904863322,0.22999253061232966,0.04588717521506919,1
0.04383611671535259,0.11846995821318362,0.06406004439631811,0.17535573128492382,0.44445821849028966,0.9113635079228259,0.16598384282238482,-0.005167481766797842,-0.014465105340151073,-0.0837635465279131,0.16994002428795468,-0.09305701430979371,0
0.06934017933522202,0.08916272381048959,0.05163583448281406,-0.10327523363719715,-0.8737427188195093,0.7348119977365901,-0.19186407091184665,-0.009601549511578385,-0.00972765007424066,0.24821989967110483,0.05755925119831498,-0.24389359458263257,0
-0.23151147793884286,-0.05166395297034407,0.028546685653601283,0.12704917134591265,-1.1209567598351509,-0.9639009048463762,-0.2399842989332206,0.06167468755936985,0.051940228134132335,0.11855820555561672,0.29808691879771276,-0.13327637747794974,0
-0.02544886276904823,0.10539703641879511,0.007266666401713683,0.13493469117685558,-1.222022783146069,0.34119162324810093,0.1757817961318573,0.12389301332473857,0.06419544700219339,0.22640442292717808,0.03571016156204515,0.02681036068008552,0
0.26037549749774497,-0.00010631218882717342,0.034906413701980915,0.17482438062840172,-1.4636237232523726,0.5746669632498531,0.015104277087119367,0.17361127603721657,0.030919045773793105,0.11692742169080064,0.2616110123041236,-0.22330953181509852,0
0.04735496909645864,0.1655845221310738,0.07878752266887377,0.1994089149787508,-1.194931911183881,-1.2661958991461586,0.0523344939166801,0.09812075919728369,0.029745150482780064,-0.19518402831992376,-0.05093611005611491,0.01725110088119708,0
-0.13250811341458846,0.01393059236670309,0.00953230596254983,0.12870486527674546,1.2943247688832435,-1.0958815672938877,0.2798249860249534,0.17119001746114573,-0.020261860940502856,-0.1400495585837413,0.0051281572587833085,-0.21064587676007962,1
0.021605150246737648,0.009356591082634938,0.07486412088992142,0.04937236742004092,0.8838027357236038,-0.3853350253473198,0.28432587904146556,0.14335409738299754,0.05252483687549425,0.2686767637218428,0.1827885191912435,0.1307638749690211,1
-0.2755651972007604,0.07547705872127261,0.03759783543832548,-0.1939928044641922,-0.5662501176509469,-0.6469641212968471,-0.09728812818252558,-0.04838280771002537,0.005773932724955258,0.18704320248741943,0.18889842618366326,0.040934873310543574,0
-0.29467917459891496,0.14502066586491805,0.0052417597882596974,-0.08199730307813627,0.36948210613842614,0.559895310381364,0.310351161886,0.14442382218509492,0.044612656576062254,0.045599791999703015,0.21256284146317506,-0.18964462614864996,0
-0.15833315674322285,0.1803733923718198,0.08092064329074757,-0.07340656468877893,0.7881674840512318,1.0260729599635792,0.013198920114280421,-0.003362736552748005,0.03436014777243429,-0.17910203318839654,-0.04417181390994052,-0.13192628457544453,1
0.13321312239569666,0.01925702943805757,0.034719366325132714,0.06764081078342282,-1.5577723803632437,-0.17189394461683216,0.15567472075406286,0.013111268818190039,0.0338488486996948,0.007491996553679076,0.3318045086044424,0.1752247522127902,0
0.13130859551051643,0.16352038447309009,0.004362212889506672,0.06672849838546213,-1.291373691955228,-0.29247266431280483,0.03517416659838907,0.13366868282807234,0.04362059345273732,0.2151830870424101,0.16397424249048614,0.15094101948231053,0
0.19656800158348303,0.1473426030481752,0.01280849165381116,0.014724610941717564,0.5214042197051263,-0.4671600077715232,-0.2607572327996242,0.023965228427273402,-0.00447754102879324,-0.07306080823461589,0.28191337558468166,-0.23292038652268024,0
-0.1065694851291483,0.1138763480722434,0.028900867153508297,-0.14903864802656036,1.1852777210441745,1.4431322628668137,0.30090873939997187,0.13539775623043349,0.07719810560506286,-0.12376155049300108,0.25640699476009376,-0.012271585240537175,1
0.0959651221354812,0.05440156649440661,0.011253071607555128,-0.1906054651364727,1.2175716617416066,0.4086771835215679,-0.1734021541146059,0.10807048790298077,0.045680750277014515,0.060456776436595666,0.05339221468065283,0.13116724222281684,1
0.05577145376868137,0.11595510138709739,0.051182055776058014,0.09497804246137953,-0.6561018933049589,1.1982780747025907,-0.10203773002852207,0.15867392307743428,0.0654265523338488,0.10689863879084913,0.18180376733081283,-0.20505357985137632,0
-0.06252238515990638,0.08950493209533414,-0.0005988997030134478,-0.16282066811438595,-0.33150258114205267,0.2055629771073859,-0.06503200953385743,0.003978430178887438,0.03404593325649116,0.018505106332339705,0.2695810950786625,-0.029321541721725825,0
-0.30390930219951234,0.05808892323646196,-0.0030217493439854493,0.1395762456907652,0.23493709609396252,-0.10276162481806961,-0.0012157590230790216,-0.010920720955859997,0.020497323738413065,0.012363643383602435,0.34363490102632316,-0.2140589793701499,0
0.018078972636222157,0.11599946331404487,0.0035561183197539946,0.05911838749398318,0.9438121489981064,1.1104631006741303,0.2738914879268015,0.12800953434078066,0.0020730682316368806,0.24048437509362255,0.011419163359463483,0.0016947788809109632,0
0.12645271616582932,0.15300026638304176,0.0751933275874455,-0.17401753833484568,1.179818845924472,1.5290059849802293,0.18354986896323794,0.12274850876993623,-0.02490171231894976,0.19700838523253114,0.11943639781209894,-0.01566127439653961,1
0.24447488174349735,0.10046308039368576,0.04541129070654208,-0.20285391581092369,0.6580133883974135,-0.09920729640678583,-0.0745379568186342,0.028564619703462593,0.019369553507157272,0.12602386025224935,-0.009601868298768648,0.009514317800678351,0
0.21325359471625743,-0.014430624320687209,0.05181528249403393,-0.19066782881919847,0.009980573916147817,1.5413395809269226,-0.24779254284736482,0.025697450390892454,0.06346945743303975,-0.104347395653289,0.238717021282974,0.014124399988238223,0
-0.2188560728324523,0.12119041332776595,0.040282445246298995,-0.16258233130350297,-0.3345447876766696,1.2337216854388247,0.16384414500442762,-0.00496683239730452,-0.030505004676300483,0.1515962053443848,0.21630768104550696,-0.1331574807479941,0
0.11533889764017774,0.06352275037344164,0.023621257681965272,0.12271117964228284,-1.2776367011042131,1.0814430484799,0.18006918578454534,0.08153459066088042,0.07115430432315642,0.18967756760551283,0.07210474741990694,-0.05004436709710669,0
0.2364035012888896,0.15858473530913283,0.009327532107284,-0.09398075946992897,1.059384121879036,-1.3163339572352752,0.2694028806652238,0.14962762378786804,-0.012931711688232476,0.22391858595735867,-0.07651598633246821,-0.06838902450544146,1
-0.09613291094935178,0.07089149264212585,0.04287578820579581,-0.11465251616123323,-1.3424913829089624,1.3966882399042808,-0.2233880444701662,0.06790542289809101,-0.023595810767304395,-0.057662991022854576,0.03514759530340508,0.056063467661939426,0
-0.0511648494044421,0.013447343016692162,0.06745766221238807,-0.17367110557720652,0.4665939252171565,0.04411133556203528,0.2639621129338924,-0.06106263796584352,0.022710188231372094,0.09252991741892444,0.17220943170215053,0.10244938991199742,0
-0.24841163815267792,0.041734632184177,0.07039835233456208,0.1657645868390879,1.365767544958772,-0.3597993132739372,0.17474387435931305,0.14361724405324977,0.06475382656693437,0.20247988679118736,0.09779682036398399,0.03046509118784746,1
-0.03555368098413064,-0.03076420890121394,0.06657948277660838,0.04444986867869111,1.5644374307100615,-0.023666440618640427,-0.10360647294658462,-0.044217033985630844,0.029043740290898776,0.14708188911827394,0.144790277422892,-0.25009220663767234,1
0.01816541232495189,-0.057891451775727534,0.07608922231651595,-0.09693938613239965,0.6076070324780305,-1.4445680979606528,-0.21121925451153303,0.05683182786380733,0.04832878234131471,0.25145509606974903,0.14653116639027133,-0.09772197992214729,0
-0.2871945222694442,0.08269953564473456,0.026476748723700757,0.1743877399554109,1.5095784492322257,0.7506943351115349,0.2235482712398849,-0.03654537818366784,0.008017655351760557,0.22721949247075193,0.10238007118499595,-0.0063843025882218685,1
0.1880870695381162,-0.002837970973172753,0.07319921362364876,-0.042100048595160616,0.4704581068486944,-0.7207239507390163,0.03766111023143376,-0.049500123560085145,-0.03962917653951737,-0.010448611635149319,0.06148922078913305,0.01567223842068033,0
-0.2910059402581434,-0.018654730481937623,0.010998915979898286,-0.023726311212753703,0.8399732861800209,-0.387885975964011,0.07844889295968349,0.13416705026447884,0.03902496700108374,-0.07919086506849574,0.29882671796730925,0.013943158825697799,0
0.03983946389693649,-0.007648205102049714,0.013961055824668406,-0.009243861473135745,-0.26869836872043784,0.0793891336182253,-0.08887087628792908,-0.022361912075366155,-0.0286743350623941,-0.15309819004355238,0.10936770252355552,-0.2512282945847047,1
-0.0016308494519770012,0.013169885754323665,0.04213466501422902,0.18550241528523198,-1.5063800574390032,-0.786418727552418,-0.025469687410858394,0.12213317160176601,0.06920128395774854,0.026677795184531422,-0.04616807944634244,0.08113787776498854,0
-0.30674121865964715,0.12677676732176127,-0.0003221876570865369,-0.1648690328730499,0.1519688911490149,-0.8734748311715117,0.05779840309568529,0.15445207736195601,0.060096447096593175,0.01078272663301949,0.36363460475284565,-0.0967988939912871,0
-0.21437022098428662,0.14659201033881067,0.029702723638958265,0.15974659979402467,1.489932802582788,-0.9293987198203116,-0.24418534461192193,0.09665520061029195,0.05762213044967672,-0.016433537368742757,-0.0501027157110772,-0.08987806111743832,1
-0.1131023488133896,0.09725863547142163,0.0511854245667097,-0.16638788075574099,1.3277940995850985,0.21292775001263786,-0.11763946020530025,0.04511031353407133,0.02994520865186319,-0.016329380204076205,-0.07743892170149898,-0.1555860736924014,1
0.13243165409011792,0.0010380821416191219,0.06621903584459882,-0.012559161721056533,1.5680847146556143,-1.5465033922247529,-0.045602768059648635,0.0005280421067415525,-0.03458365500931528,0.11716277485035884,0.12316154437935892,0.10000649528148225,1
-0.050216003405185894,0.04155305794561795,0.019104161687608322,-0.12563389498150815,0.19824560685724468,1.1991886618162322,0.25476216239196603,-0.05541710915849953,0.018344813105573288,-0.18728467943778115,0.2646360763934981,-0.16042945883100906,0
0.011878324819442343,0.1637595587752109,0.05092275439957247,-0.13455707235742204,-0.679492390238498,-0.25660921762292843,-0.25987179093640184,0.0661810764739551,0.05516364918376196,-0.0028893575544823857,0.25496012598469864,0.05475833048540191,0
-0.05065333462165683,0.01925533532718636,0.05794023922046053,-0.05398329857103831,-1.0769399383706346,-1.5329194631179255,0.24012205668846587,0.01240305667767734,-0.018100986253133,-0.15002569174797808,-0.06632942312346668,0.1728721872971855,0
-0.004840579140041379,0.11825165848741917,0.06215661477915428,-0.0610014001525285,0.23187424835723625,-0.9943809717296435,0.16192270931761965,0.1256686778907456,0.0069250720679179326,0.20122093968511448,-0.05095160267707125,0.07399246125904535,0
-0.10510168274113799,0.07837886746004855,0.07305230132483972,0.04582632604925069,0.35672106604734166,-0.6963981435948366,0.2703333220220976,0.10723253159296653,0.06137158750530304,0.19326994984277204,0.3019550683291321,-0.10267026923466765,0
-0.040757506603155524,0.14709314387966957,0.07463546374865807,-0.14786430931978295,-0.5980333844478499,0.15371723266071746,0.1784428362834513,0.16883582618778248,0.025701138437916327,-0.16002468144073576,0.04723338336448854,0.12074698089151897,0
-0.11338408999381552,-0.03445602272576215,0.01939622432746524,0.13108759520665308,-1.3047299875739942,0.8616720001691791,-0.08651011015442561,0.18961980212988352,0.006890020879282206,0.0028869962901185153,-0.02160622452841253,-0.1198956370008781,0
0.15457680261738943,0.1320292524469598,0.031512327072339766,0.16784319301390538,1.4071837293765788,-1.2825021200764137,-0.24922608909155702,0.029284372746989792,0.06056582445019543,0.23098656415135668,0.25404456673421333,0.039225627905409566,1
0.1550464781797204,0.11287108542905636,0.01505144488401381,-0.012842789205720434,0.32158926116170883,-0.3831155661606862,0.24490304058642476,0.06276459550914995,-0.02532859330474076,-0.10975465744992441,0.2949944177765991,-0.24875381784968112,0
0.1858076979874292,-0.045959372952533044,0.027531418520841937,0.12832704392637728,-0.3776813148475697,1.3322404047522511,-0.20943482699009736,0.07273284616071587,0.025984527723958845,0.22580595498077968,-0.04876595208026281,-0.10506581922794897,0
0.06547009475943527,0.17922528256639744,0.06899428912381728,0.147907912599754,0.46612725564520985,0.8881118068751628,0.2295514488793582,0.16741966988391443,0.05386839576799722,0.1899333898489324,0.3103328426698734,-0.20299168068829238,0
-0.14488537911346916,0.17829550978849598,0.04143522620432148,-0.13534172394700017,-0.39588542147927863,-0.1694604016181418,0.21197644811785815,0.15222865373415856,-0.04166127901095023,0.008804319252225884,-0.08214092509038867,0.13430784831830983,0
-0.21299447674930194,0.0927280496522648,0.043781820721651474,0.054496690260295744,-0.5102823219528627,0.34841025022843364,0.09496920188203989,-0.03865480696331132,-0.0013799150740166424,0.054983125082489676,0.05703274414884496,0.0786301239366533,0
-0.13039641435723026,0.14237933406483907,0.0052910977648148085,0.11531352876204404,0.1469942651552032,1.315933581821265,-0.08194125154942794,0.10599567294098314,-0.02091982833807084,0.17844107043298393,0.1705115128597724,0.1644136318435403,0
0.09554111117519004,0.08846984472055208,0.06725849955673266,-0.1170714057535912,1.4230598519571565,-0.9563824923906455,0.16309741821413754,-0.05606224217098231,0.006351451072510526,0.1071359598181593,0.11891124770729755,-0.14889752855084515,1
-0.0463872788374875,0.1475099761283235,0.010748941796513641,-0.05472151171751971,0.6630511863296544,0.49124897472781126,-0.24783505839232575,0.07770135659514232,-0.03960976043286206,0.24219795592338692,0.11018769704519693,-0.07029096111050676,0
-0.1561820915453821,0.07907197119568485,0.005133551774783829,0.1278107812843275,-0.9720827553476626,-0.9639563364614738,0.21926089635472162,-0.013574317962827952,-0.025684347021379606,-0.007432370892658635,0.2676153398901986,-0.22705137213675877,1
0.14338186150981574,0.06249087330387666,0.04297775215356106,0.028648829624169814,1.077202876632459,-1.3915924898240584,0.16975877689825186,0.04648211541090248,0.023199061106834853,0.25259974694121556,-0.07039828680632917,-0.05668207369857778,1
-0.10551435818550262,-0.033568728032633374,0.07830359029666425,0.19650812809164303,1.1254842831297933,-0.99289290065182,-0.2471373032909252,0.1968425426527833,0.0581381754905813,-0.10987960408955272,0.18237319862396628,0.09516831661108505,1
-0.12959261457550816,0.026678126810418396,0.0490806755117949,-0.14775754538161745,1.5142043900670565,1.4581124061574557,0.16163202936935867,0.034406037844385465,0.016455347849532426,-0.1192473366335893,-0.0028583325146038785,0.0307690945941429,1
-0.25058498601698503,0.10319526975597682,0.028352600410488562,0.07383348720754962,0.6617912199688589,1.5215970304459028,-0.235337374058842,0.1736791076472514,-0.013825727268117302,-0.19511756910636097,0.16540402956658584,-0.15482893865859404,0
-0.04933925746556883,0.13595518343830504,0.06384315916904906,0.043867368231516934,-1.3888450109673782,-1.3170888673208245,-0.24469726913968287,0.15414533097303734,-0.019834737519579943,-0.12877984288779115,-0.05955318414091894,-0.1097268153604061,0
-0.1256575044436871,0.014258511168890028,0.045831697877947816,0.10776743528192534,0.17273217225130266,-1.2745281771622545,-0.18044063982954187,0.0934375368247608,-0.035458579957658734,-0.03225997747729839,0.1937971125060614,0.08743494001394242,0
-0.18793069764725462,0.1032305543618886,0.05061499273972753,0.15345472409037986,-1.2262097972994404,-1.270590157005819,0.16784972870488035,0.0007168295515855017,0.030891951922904407,0.11877646074539663,0.03383822071045961,-0.05575881191733861,0
-0.06277678981549675,0.12893790796874652,-0.007970245996729389,0.001864246682349413,-0.7088690194151569,0.9792722810090189,0.12638091198796314,0.06997865163394087,0.02085374688267759,-0.05990028951967516,0.051607602502091315,0.07200333285627808,1
-0.23718719503205904,0.1284491521347197,0.051445267040809,0.16396345504752785,0.05747542615381929,-1.2562141198267782,-0.24492818916831177,0.17875855094618517,0.03777202207039505,0.09283271940261581,0.24320097784827338,-0.12870537536875049,0
0.0336405597902546,0.1356159977049509,0.00016614562147443217,0.19539095035058923,-1.2094191222836803,0.17652594155390822,0.2004712412732177,0.015291120574510875,0.02586800054763501,-0.15660388642417686,0.2530132837529787,-0.18563057111328818,0
0.18448466001203756,-0.000897966302941533,0.006533141512116354,-0.1799660472644551,-1.2514939403171184,-0.6005297461005644,-0.15306571026049598,-0.017660285263177283,-0.009114919944556363,0.2507851194093639,0.13078163851471888,-0.1389200538636205,0
-0.21501097073382244,-0.05489683793406951,0.025110036362713913,-0.16341273258312616,1.4178424864918873,-1.1298356094815385,-0.08310075079374099,0.13601584911311776,-0.039410181406036186,0.12051896745555687,0.19196522500028984,0.13162211663391815,1
-0.20721174150342855,0.133994925845069,0.0705008203678521,0.20285961742953418,0.516970199508328,-1.4644646967551722,0.28081443133295947,0.15297310148147586,-0.02097250377510013,-0.1342583811316778,0.3362755288245189,-0.1847337356001219,0
0.13301817507885333,0.03922617739392378,0.057691912303378196,-0.17111088531255497,0.2481435497450224,-0.026483490561823197,0.25374943081011747,-0.012715025288488314,-0.03403515084627342,-0.11886540535770172,-0.05563994241028916,0.1743784936068905,0
-0.2422780215254104,-0.010570991575084801,0.06549026458955398,-0.10562703509483257,0.6866855685242068,-1.4212777518402357,-0.03664583878353245,0.15839043928132296,0.03306271552617862,-0.07321951309938252,0.18163130743472533,0.1248582238128384,0
-0.10367367526946411,0.11991464601397442,0.029726578110669494,0.019639145693332055,0.7456257979023009,-1.2503919953280853,-0.004119473726272027,-0.03735560708722241,0.04406605810220862,0.0853557743293478,0.057824139350604736,-0.21932599728710045,0
0.2183165691239382,0.01723847008351144,0.016972493260755946,-0.16724128752830408,0.02032619496491095,-0.8696665580853528,0.22044672383983316,0.11800920156568365,-0.04741140383961032,0.06445084393820902,0.014378685461437418,-0.24585890139053548,0
0.042535794414093775,-0.00958107807655869,0.07365815399060407,0.03245130118366818,-0.5019636854181748,1.0103674064318493,0.048847352605549954,-0.01877733807276552,0.01770922423600331,0.259784665771542,0.10226810873027309,-0.06728177445931952,0
-0.048235821501571796,0.008736224535666984,0.006657698856613475,0.03479622942601521,-1.448411032140952,-0.5371169375038132,-0.2118150255713387,0.04346258827641018,-0.047236213650548246,-0.06343200895953297,0.21427574010805778,-0.12613310775669945,0
0.16941788959397164,0.05679698362691568,0.052730606014295106,0.1637058107583474,-0.581842271179402,-0.532801838665165,0.20030731749682285,0.08741435390954233,-0.010201096967129744,-0.06829358211410924,0.30836889073937856,-0.22908173721241953,0
0.22728493700956048,0.02017552601373543,0.05905995739515438,-0.07042313037055528,-1.5381938807478193,1.3043463824614443,-0.06295576713123421,0.16684730778205858,-0.01314127237950257,-0.07946903344182005,0.3190689723044013,0.10922999889251489,0
-0.25207875348782177,0.08183967730560798,0.012252320114993179,-0.11899246582707772,-0.19068572591505561,-0.726867146410959,0.004465648915984111,0.005113504181815012,0.06042044235309345,0.05890335098583674,0.0067372523944563695,0.15099459515312658,0
0.1592865407966491,0.00512794731461165,0.07923493417143475,-0.09675601825802457,-1.3538819159069886,1.0500874417546313,-0.17209061233114883,0.11913284477591646,0.022795690318303363,0.22758917247064528,0.0185089847942137,-0.1784038182722947,0
-0.10703490481249459,-0.023907091720083415,0.07788195491442965,0.0933538823638328,0.035083102252270404,-1.3992406011161922,-0.1269265589664844,-0.025339229428665982,0.006569838617357153,0.19511741391293472,0.05946230129245114,-0.2483870673041344,0
0.06587886832566947,-0.010762930600880495,0.04125897448167776,-0.20364981966835977,-1.085840629924557,0.08999999428816663,0.24219042846574135,0.12833427756319388,-0.04333752135622953,0.175519885198229,0.26994498571180764,0.03641342630289901,0
0.22032099279997813,0.1361840173684762,0.011844014578699186,-0.0486451508692253,-0.5376132228762756,-0.5578562533827411,0.28462641191476235,0.10024807496379409,-0.008208641058701074,0.2509371017940365,0.228390491942859,-0.13665392825007427,0
0.20725140388327074,0.024354297931670335,0.03884140014770328,-0.007353098291421667,-0.5397634591427733,1.0099519079378096,-0.07454124443402715,0.11203141142860548,0.06456790117934194,-0.15922289481397675,0.004349996426742345,0.16038947968033918,0
0.13312929829208608,0.024806661409777248,0.024441909923419432,-0.011449024939490293,-0.15340236380497463,0.909212760562059,0.18181339653439232,-0.04820945950264398,0.05599535074443478,-0.1874222259996362,0.3109468977560889,-0.23371183035847723,0
-0.23942374545923978,-0.015605703094982465,0.012221046409681791,-0.04009894023564009,0.16432483575579648,-0.2841626622458193,0.03614650726530927,0.07827192958966542,-0.0074010462625911586,0.18105628769369939,-0.04106102581133009,-0.12139886695882046,0
-0.25712084431903787,-0.007323618931724757,0.045232838250320345,-0.15669161044519325,0.6279404085219007,0.784150161264719,-0.19901404744614906,0.09825297013560505,-0.003251956702471852,0.22853421896144052,0.23171580421316323,-0.22666602681766895,0
0.20091584594591633,0.04133093345448949,0.019047441879033167,0.07447229443804199,0.6815588746233103,0.8110605664758201,-0.0639181281670082,-0.021194638327763,0.027376122964616625,0.2585739814487148,0.09880244584082548,0.18137196021381907,0
-0.21155550686438765,0.13444117058096855,0.07624358599454176,0.08092853442018888,0.5695103318988595,-0.6968475152791279,-0.2179062160235853,0.09658569884210089,0.0787169761149477,-0.03028005181600596,-0.017094493436054264,-0.13553899454825577,1
0.014677295694216386,0.07910676115395135,0.012835798912359316,0.10741341982727903,0.06549147833548297,1.1562708631937653,-0.021053296260188814,-0.028904130083262654,0.03256991650601883,0.11772819407189208,0.10949115473113497,0.0950347935958642,0
-0.020592624602814247,0.010112875372275454,0.07855847268810612,0.18914586083945167,-0.08328723773781443,-1.053850800597247,0.18144429173448368,-0.034333038217098974,0.017973486236816175,-0.19888403019933257,0.17748928669874603,0.15392253851023213,0
-0.10153588064038632,0.06440778672697987,0.01263053422558173,0.018739908931982324,-0.5337235621991887,-0.09121028524559449,0.05292597650926889,0.031244564874028227,0.046966903495468684,0.1321121090698448,0.2277135035532113,-0.08799013731345923,0
0.031012775992002306,0.09911334843994563,0.05378810037721439,0.033244199668246904,-0.005403441649563412,1.3371444416751948,-0.23519228435361433,0.19197906377259813,-0.04020337583320968,0.23180332504851972,0.1881926303548213,0.14762964693702169,0
0.011322679671807834,0.1405094706341111,0.05746353825140699,0.012046183573456049,1.0588128649200559,-0.6067293775675758,-0.12224533179473351,0.18914000738399275,-0.012962995102290722,0.15682876581546892,0.14077596165845513,-0.118170717517116,1
0.25576950062504417,-0.04805781151143172,0.04482232785363299,-0.014837570521498672,0.8344207975972908,0.9169529824854872,0.13441237145926804,-0.03388761999844469,0.053709890083713505,0.09391724471236909,-0.0454599996110696,-0.12762263044495575,0
-0.23406291692317874,0.13480704223871753,0.04036222917918465,-0.20874389619301117,0.9608104286905899,-1.2974466078787288,0.10479145831537967,-0.05331890811301943,-0.04341393704199082,-0.04287635747246479,0.22302993709687047,0.03778485952555505,1
-0.15313178174314457,-0.0068639820367288815,0.053998006817158814,-0.19847856214247248,1.3676296901614637,-1.5574300699296737,-0.1290873052695931,0.0750481306439496,-0.020358188403754304,0.06377950786834954,-0.023477431592147407,-0.07584199343485015,1
-0.019956037132153992,-0.05177864639226823,0.047422986929854735,0.10724878460976534,-0.4223196435849381,-1.0684212116646932,-0.14668160762989058,0.01807281919928265,0.0650941583444647,-0.014351372862306228,0.046340481071012435,0.07028878100475228,0
-0.29096004373882395,0.0741985590844415,0.03284635652093239,0.054212936421211,0.44817135468403957,-0.9741280491581881,0.10093628608118871,0.07611393275866138,-0.030912909765019085,0.22126967419311547,0.25320673640087077,0.14889880872715477,0
0.10049399148798083,0.000137306905512051,0.03106079394733759,-0.04639509499734476,-0.7015638771173254,-1.475140762519899,-0.06744208423734491,-0.06149505483155772,0.05955789503995769,-0.1448384386924591,0.13732872013474154,0.08923508844767825,0
0.03399684217877319,-0.0182448327222162,0.048103467005570666,0.11032701562023645,-0.5989558593044698,-0.9321103339743736,-0.24786223394730247,0.0982251673883813,-0.019267085276825538,0.17123917069213737,0.21907514748286644,0.08422988775023799,0
0.2422534653218032,0.08290366733534038,0.07408291485859685,0.061414401352269,-0.8149130401409528,-0.25179483828483273,0.1340978140905229,0.19606084090800815,-0.017026298719958775,-0.05093562313410557,0.28377131579088544,-0.2251592065888677,0
0.05047060296236322,0.07094909491249249,0.007296805947881584,-0.14013651570979024,-0.5588129839924965,0.22455961622416742,0.16486339959502644,0.1312042142805034,0.034510266610854226,-0.013031283336391614,-0.07859948730468276,0.09668295082995226,0
-0.24064284179139117,0.008902841673914058,0.07793933428610274,-0.08233120482460829,0.3615257525636433,-0.3723718828148861,-0.21775199741704873,-0.02004176979254215,0.0076968530260485835,0.17460231296328158,0.3124933880200413,0.0765850196598567,0
0.2472118345562309,-0.05539753666602327,0.048221098090524286,-0.16075592074993067,1.2037041500073193,-0.8036428745893822,-0.09207017395505981,0.15633567975380835,0.03204862689858755,-0.16636557374051997,0.18384475933161576,0.17259545881240396,1
-0.1360201007227433,-0.05922361786825522,0.08066427017980328,-0.03493247711984504,1.5456562309636024,0.7986937558173801,0.0823923488256823,0.017320733448813172,-0.035224867957122014,0.1942954393880201,0.12929934325154402,0.040361820185551234,1
0.18085975128552179,-0.055184071243758494,0.0700032159930118,0.10787442697388688,1.0039420613944612,0.939973365679416,-0.08084247686613444,0.11238007378957801,0.06953792640751769,0.276317570639406,0.09885415744933013,-0.01767646066118983,1
-0.21491904757181857,0.10956209062351868,0.06800416354426753,0.1276815544057961,-0.7692451671112397,0.7056717259370571,-0.19782872687353822,0.06808628319751567,0.02244806946671357,0.04998182849716429,0.2547146664143116,0.012978379045812949,0
-0.26850855491584347,-0.01568675867198375,0.04029679489884837,0.08367349651272232,-0.5979445918658777,-0.9411495935169506,-0.23789714323691583,0.14527533340244342,0.015165946484155812,0.05111077621291324,0.12271180788890354,-0.13697412421681254,0
-0.15421600991854817,-0.044031710894986274,0.05622030852819378,-0.09500842571428192,1.5328739731094514,-0.5434729106964142,-0.04414443685702585,0.0725094006061742,0.001119877587275872,-0.0722388626691958,-0.08886519149642103,0.11981630166580298,1
-0.04133678878509295,0.11587538815366732,0.07901752806482516,-0.20874330298718438,0.5673470555893727,0.9979420115466893,-0.0023737116988667983,0.1613792357045019,-0.03883809443047123,0.27480130242632494,0.17382467153621028,-0.08050242833943905,0
-0.30156069353557047,0.08345806051166813,0.03690537002477785,-0.11891690916213987,0.07790712909289987,1.343474827953784,0.3111202293046925,0.02528733770891818,0.013012869184522158,0.17316588861569307,0.23410442822705407,0.13448334968150638,0
0.2272212001678932,-0.013414751035392428,0.027417129726882854,0.08040545136386196,0.4675831496409282,0.8740518782436004,-0.26467297006055757,0.17917684796326427,0.04319883203933968,0.0643637943216048,0.10441113861590551,0.17780832548248493,0
0.10973354675330016,0.1371680877909433,0.06691582980150029,-0.20069279597034578,1.3680466277098533,0.9362484349875511,0.11182027127103883,0.1024562573145538,-0.006657843209943511,0.26655739145481827,-0.04900112920482076,0.08576889779982966,1
-0.036906382049679,0.04253325365534437,-0.005711593483799465,0.0977304962149736,0.8431433567607896,0.40114158078336426,0.031781464693685146,0.09782691868086343,-0.0012686219465196935,0.08921395007675628,0.10679874854311211,0.12991450265146653,0
0.09940904609767032,-0.03258194686843677,0.0645747203191311,-0.067262770172823,-0.270849099545037,-0.09362766214252916,-0.2515345956478149,0.13165254406532426,-0.03132310371084161,0.2190573390705219,0.34171958945599046,0.050284941750654844,0
-0.007080063401130932,0.0871707537865932,0.03090905437807669,-0.17460636047183048,1.4415797715383396,0.026200670863527176,-0.08638540954432941,-0.011941217759445365,0.07798872940024866,0.2514564540081018,0.06810481231276325,-0.13930012015065618,1
0.14923251054850023,0.04345311181968059,0.07984669842615016,0.17104100328187294,0.9554764588527982,-0.1961358397374755,0.1389776190298902,0.19852387286369835,-0.0005522074774617983,0.2211916720622071,0.09492704261290952,0.17053385639570934,1
0.06216786004216296,-0.03599245147544128,0.0354665943388308,-0.18891784518731608,0.3771536548946486,-0.10348702058164339,-0.13307297044684177,0.18882295165863475,-0.03523182419366754,0.11364071807780349,0.34964857397424387,0.032381737355915485,0
0.20294411510084415,0.1819295177257882,0.050249392107890825,0.12075474706009526,0.6828796199478597,1.3018416273273317,-0.10061673196921886,0.15540405106882454,0.03804940775214992,0.08863451783101187,0.334057243823825,-0.21384369906588316,1
0.23440049872213303,-0.03495361750067503,0.02347781259408661,0.056502270692351364,0.049798635276416814,0.07274739673735153,0.18140737872648982,0.15654650582591645,-0.02515653036555365,-0.12588319357111988,-0.06763779722542597,-0.03874873002162124,0
-0.2338588439811296,0.01811384895782954,0.06828237976900582,0.1910967702174084,-0.39448500240942774,0.5290720716184605,0.061342054119810696,-0.018463210332171076,-0.00024084538447876475,-0.0039009153679396558,0.3392572993734189,0.023489503337409734,0
-0.1592171614003207,0.09709368682974895,0.07840085383672563,-0.18493124118277643,0.05872342684509646,0.1408291057849067,-0.1788624271741715,0.17515186076078249,-0.04767342639948993,0.15148653157825806,-0.05168668061974977,0.016632025537433648,0
0.04341329972253738,0.15068466607549486,0.06666352954852552,0.07970680898361038,-1.1340066456023945,1.2872027229608285,0.10051120630310256,0.06887950626768377,-0.038020303302127356,0.2579055446910893,0.05210870925262007,-0.2516199964357042,0
0.20448508867686238,0.08107739500618294,0.058532346952627115,-0.14540195267542028,-1.340650397248077,-0.9870348357614572,-0.12221092433486944,0.12296248641035878,-0.018271690433091035,-0.11246093352912377,-0.08622730021412996,-0.12976039120514976,0
-0.17121652293322984,0.12670808633035235,0.04369932781011117,-0.13476653257558172,1.3953193481554098,0.6748390322918418,-0.021167152359397923,0.17233337371913954,0.04333669950757704,0.10683731578853764,0.03706141146274783,-0.19828756585513302,1
0.11916246278693932,0.07884575023398846,0.04851654164350304,0.2022801189270388,-0.48712137818656487,-1.2862731271575476,0.05609272966075579,-0.00032358294942940596,-0.041198641547213435,0.08942675512152973,0.044431851892580115,0.05038185476393531,1
0.08920640858786377,0.05145600469492881,0.040674369619122824,0.05492679665138017,-1.3980093027940308,-1.132292217000095,-0.22353985109444774,0.19655753531539308,-0.04366447012113184,-0.11297273007031124,0.23206202374078821,-0.21554573582053702,0
-0.16236197774009045,-0.021990320792598585,0.0576706910902955,0.03479863395198435,1.539988441825512,1.5582722976288792,-0.14679301508114354,0.1933527989125748,-0.03421759191013987,0.08051746780868266,0.1286003688479231,-0.0007521971174705433,1
0.2359215262372703,0.02364025407279259,0.05995849846356137,-0.020777816151567957,0.6785539078684659,-0.44865702888461767,-0.13601389180684653,-0.04042220567100374,-0.034999898138121356,0.2598249857162649,0.2686790916897226,-0.14585386760186883,0
-0.009217148417439813,0.11449711034711268,0.023979086842626823,-0.023939250220488872,1.3494723054241298,-1.4349697926762397,0.03721262149814042,-0.006979673730966696,-0.047517624213734115,0.12626961308335208,0.2315855170848422,0.18116136617684303,1
-0.2089163226572082,0.12067219571433513,0.07804689224516774,0.06255028702074444,0.9309052756103238,1.4032417941599988,0.1965785025731006,0.2017053292391833,0.031483958908278334,0.030403432871042496,0.32769658821702263,0.10939272531834465,1
-0.24958869144709794,0.014246601951641152,0.015634789414667994,0.15161391256064605,-0.5861582091633329,1.0890580535349537,0.03283845242331668,-0.04240457944213383,0.0740334155897229,0.027429861150461338,-0.004535910429009693,-0.13458920026689689,0
0.14505316008543895,0.0949527001282306,0.03415721633166212,-0.06975874443481,-0.41848609703758166,0.6830113326014364,0.1482312944829972,0.05540186081868885,0.07656179718344731,0.13609725451288532,0.10200061231043347,0.16584184050729917,0
0.2010632037211076,0.12076595589846956,0.06161384549037388,-0.03085552848890591,1.4658144171782126,0.6394864366866193,0.07718833019912902,0.035283226548808944,-0.003832068770741992,0.25426670661650974,-0.01625459932647136,0.10896487668719163,1
-0.1512932992219621,-0.05252055483402482,-0.004358777039964725,-0.028509319139840533,-0.2522720185781664,-1.0210685232983943,0.1196716271613868,0.06580501094880675,-0.03850607458804311,-0.043519859799466265,-0.04495510164275284,-0.22514783983588785,1
-0.19326125653372647,0.11116998021682514,0.05516721265951201,0.15420424417806144,0.12604573032571165,1.328921900746596,-0.08652185335396664,-0.06099589405995452,0.0341877260250716,-0.07247600033607857,0.022723496573733265,0.1720590464472228,0
-0.21280281695836373,-0.05159990233340632,0.07817610469939203,-0.08057864949268645,0.28598371723504323,0.38244004853206115,-0.033577557436824335,0.19454871992607733,0.040135200281192024,0.01887672515334643,0.04893447730266717,-0.09311216234900915,0
0.03786700455935588,0.002486619946452523,0.0057645357742993255,0.0843841548837922,1.3041252969464796,0.05834305998325018,0.2196162300083785,0.0777721473674618,0.05216294291876053,0.24341400059895532,-0.08086466084556472,-0.07305199011549923,1
-0.19565969099826958,0.18332746301140931,0.0763759571078228,0.1291766364325962,1.416280842102873,0.9363851837912531,-0.2505663592534765,-0.012809878004719999,0.030348473659798175,0.17724873667261973,0.31216075197481996,-0.1216578479119004,1
-0.08857476735582362,0.051301779614342735,-0.0055836655067415236,0.1552949691105195,-0.2278723407356984,0.03242337961780528,-0.030606613479916916,0.12535936421833788,0.06257618561022169,-0.10936047688887707,-0.012677568876007864,0.1585376179997139,0
0.003256905570134694,0.02960644843217225,0.010066130124749072,0.2107917980720292,-0.08033361903709779,-0.7686440552588836,-0.21466793537822215,-0.009837023776012248,-0.016479454682008565,-0.1611076096680324,0.01338121197552572,-0.20168591957908424,0
-0.09607378763532112,0.05894349680363345,0.03330900484147828,0.14060083783799088,1.2801651371106468,-1.3467855735924448,0.2582328594085951,0.19126412206187457,-0.024948539430961286,-0.09428913459802821,0.1934681919690901,-0.19118332002498134,1
-0.2636373398648776,-0.04154769695724784,0.0470082268071907,0.1302301876321788,0.11456757721303101,-0.12702194503810404,0.19096938143924214,-0.042050004663716084,0.003762372122399271,-0.18247851847537477,0.32658088273778074,0.07099500913619428,0
0.08107115631316442,0.10681567872340664,0.017862899235154984,0.18470501665686662,0.7088557370184356,-1.1700075777842849,0.0039742627948905485,-0.05007394873582144,-0.044316474176350124,-0.14768656392447765,0.1806451295309121,0.09508120855934638,0
0.23131693864796593,-0.01678049152722144,0.016986214161196042,-0.1870698188321935,0.16440594575435874,1.0546789551168672,0.010796243452642906,0.08966227488447015,0.023409322338323546,-0.0900172103304333,-0.006839888069313946,-0.1231966950485259,0
-0.17097745777572018,0.07632132770626088,0.01995325127047922,0.09821459802874499,0.7730092839314946,0.7883948439162152,0.2832255038864848,0.022721100886851045,0.0326822015873572,-0.216201089674249,0.24513554299736706,-0.03365592537368575,0
-0.19321632270874034,-0.0591335334126148,0.05616082670297412,0.07021050833637377,0.5620149752729022,-1.3465298971996138,0.1026036645182245,0.08854360022391283,-0.017601854870571733,0.04117669011409883,0.14356062868819972,0.10619866011768098,0
-0.06408966162374943,0.04673593362144525,0.08135554774159327,0.16818629410492503,0.17791051815858916,-0.7668487482455213,-0.18762806780592278,0.1631268263237592,-0.02465166922272916,-0.005049869975825766,0.357979976230305,-0.21028018698309503,0
0.1689759074401243,0.06102365983268104,0.0020455235476233864,0.19271689807282277,0.888660303334486,1.0303055553798128,0.23564568067094327,-0.058662833520454344,-0.014310392047016632,-0.04905208823743451,0.15282182906045577,-0.2212492887431118,0
-0.08962893054234877,0.13895748901552243,0.007693553769975974,0.08651806699273973,-0.9835900670661936,0.09657510207925846,-0.16481422185524153,-0.025240309038913826,0.030709274801532183,-0.17289749313295574,0.2844820835279519,0.09880963889105382,0
-0.26682634551327805,0.15687766880848575,0.07906330581098368,-0.1915644806129983,0.5836233300660909,0.03712230116093762,0.11734570960905838,-0.01630664701581426,0.055794291441852384,0.20151528213215633,0.35543057303998704,0.17977220838371738,1
-0.2692380560454346,0.10078904217900964,0.01676086378026186,-0.15685335213161905,-0.2990900171278599,1.1201531891314767,0.1282799959372421,-0.0491893829925312,0.07695124776092734,0.18459495807847384,0.049714645144255,-0.047453798142226555,0
0.1040340905595229,0.10519081715859671,0.03401691166619335,0.006667974538502458,1.55203503609574,0.32891095974815543,-0.07052343665268337,0.0128425573166078,-0.01370378353506091,0.10576897865323129,0.10457407836212756,-0.06708276087270162,1
-0.22143779912764766,0.17482398774085792,0.012300538697581291,-0.03826122861047543,-0.08859283868809653,0.671522551101172,-0.015015249151016485,0.04684750547596345,0.06310637180960613,0.16061334111279005,0.14597390118163814,-0.04844529734942182,0
0.23787677437659077,0.17350811850286169,0.05596349934127655,0.11140544136475822,-0.7580278049058413,1.0039790164866094,-0.21986937024111536,0.20119047017296235,0.04127725586277489,0.0778825867823916,0.09722291377413536,-0.10602878903187207,0
0.1485674880396874,0.09992943163112183,0.01019195946132646,0.047894153830790154,-0.9371276708724087,0.16002826471255505,0.07027679853868057,0.10555927220464476,-0.029480106313955586,-0.1687920262832448,0.026656209365713737,0.011855722940762148,0
0.22168972105188606,0.13030556001028623,0.05968101306707209,-0.07033748646674687,-1.5127544308145915,-1.491664163261117,0.02245538639077238,-0.03595485120679739,0.0199580132592799,0.11889959056587232,0.05461255563979303,-0.24852384305136205,0
0.04382061255621089,-0.049733612807937234,0.03126665419511232,0.13872604920429027,0.0615002207750448,1.0434826152430545,-0.2558481688603165,0.06780416280490131,-0.012859788313070532,0.22675188275254385,0.23352183860827314,-0.0764385784444021,0
0.12437059973892245,0.02362173707737253,0.03934557600713201,0.180158912995672,-0.8076739856530235,0.13140529515063415,0.245190073616809,0.05960039080307998,-0.00758071399346695,-0.19771931446835023,0.09986628753438107,-0.03450217190912544,0
-0.07966727308175747,0.008092026066274904,0.02548574325742777,0.06164750751772591,0.03781167107524719,-1.0499121256212356,0.10657803303100605,0.15347096661752893,-0.026958057578968426,-0.06682725540447917,-0.06842499406052399,-0.10025830810905928,0
0.260203859137952,0.020724294619078293,0.07003842271211949,-0.1736784728363408,1.0739413440581786,1.303970425353677,-0.1507991980512506,0.035968014836889245,0.03471300580887622,0.02705539245353386,0.29420745727860215,0.1416213953391418,1
-0.03632373849610504,0.17966287379489138,-0.0014931907067531752,-0.09312031736650628,-1.0037258111026817,0.8054598244063704,0.04855104529399257,0.087655648192979,0.06579019848871696,-0.0785036062448089,0.2816527100464894,-0.009500299179562077,0
-0.03139185926876564,0.013440422168657332,0.01957786431759672,-0.0457138707607824,1.1775732209502159,-1.0568320352503333,-0.17844228371507223,0.13839555139527976,0.036248248242729195,0.2547681309976134,0.1503319470659237,0.03249871969490148,1
-0.03779370133539289,0.10634753655467524,0.03156846837922296,-0.15166264556365167,-0.6124396868275283,-1.003822059575144,0.08484723492463381,0.06476792169911597,0.04234373976461786,-0.15332288891974843,0.05745121869267167,-0.19823630460746117,0
-0.24046048893095062,-0.054300922292033725,0.060605667442796884,-0.1138475591185229,1.0404770752727088,-0.40190820390027104,-0.16991337694180686,0.12491001520941447,0.010486274862462883,0.2397449525226508,0.12977448956000248,-0.0875237421377727,1
-0.14378071380984755,0.16063526366798017,0.012505130877803226,0.13996872310665204,-1.2257450142867519,-0.1316961793181255,-0.006367941751407036,-0.034871275598582885,-0.03193220418844467,-0.07654668882566718,0.25871720673632015,0.06495697987039756,1
-0.19508905907451896,0.05650902469341193,0.0007738577785390555,0.09271959730294405,-1.1022096320763037,0.26395889606559897,0.24527839051959155,0.02681516010718006,-0.015617920212160907,0.22864449668570616,-0.02483288311658946,-0.22670355604724587,1
-0.13249288466773232,0.12571985423287232,0.055003595867696306,0.20732847446856822,1.5445513008109388,-0.8306079649384903,-0.04854711348255744,0.14431688213425353,-0.02072198514000844,0.2540284320686744,0.14262704486875802,0.08856742422101482,1
0.1617906086279925,0.05714557492745373,0.05928699828241839,-0.05576899606013766,-0.12812425952691497,0.4267864926942566,0.06028932830345052,-0.004848488107686205,0.07517433392476047,0.25364730838019367,0.19163537655777196,0.1760033958645022,0
-0.024332863677546,0.03197253537202567,0.03378282774262166,-0.19053344921764073,1.5578395889852266,-1.2333579439991584,-0.2040964996770972,0.005054229599913154,0.04358127141744522,0.17753824162625712,0.35886876729107414,-0.14225407002342966,1
0.16992334598810527,-0.017574464432093165,0.0038513595153423924,0.09832399897696259,-1.1597738960792947,-0.3219313772113648,-0.10391691481050541,-0.00615844210163994,0.021712486947608356,-0.1590113311287471,0.035812238367379595,-0.18014345812194155,0
-0.12916334945434937,0.12698633233530462,0.002930957685690884,0.04872183077197717,-0.21598500008487798,-0.6325773389182819,0.012841852119695685,0.11300990173597616,0.060152537515599444,-0.1358266916108939,0.28040893347802276,-0.2257750921879598,0
-0.03619087485425204,0.06509974114130171,0.009908708949255121,-0.17203173130709926,-0.834088773965509,0.15938292151802824,0.0645659491890962,-0.021420960917121208,0.05468412804455558,0.22981714445748117,0.042052516197042505,-0.18091468255692014,0
-0.07778633240397492,0.15526322532568676,0.028272449906777217,-0.16414203608489003,-1.417184191799778,-1.476955878034132,-0.06929346925443883,0.17376464389616345,0.06974223488316457,0.030278779224692604,0.04858942991718787,-0.042328309611056186,0
-0.18696546964701094,0.05700500367235874,0.012800409841321796,0.053090369068555965,-1.5648791384422243,0.5518503263001884,0.22028311279687735,-0.03975625072133107,-0.021074284018276598,0.047589243619081706,0.02614581403770956,-0.24629531154924933,0
0.12021907128836629,0.02765751630582368,-0.0020308209817701296,0.005165771209816206,-1.0663540321239071,0.504232741084292,-0.17558678891617968,0.07346090809923556,0.06648434171427856,-0.18931152725070577,0.19989211862232048,0.06161740615423561,0
0.09109052103018295,-0.022917587392388562,0.07435214912765638,-0.07370293229370611,1.0091147880688995,-1.3217227830646192,-0.002598146089009601,-0.051960297527196185,0.05098587983640254,0.21337905392556092,-0.08542846257808215,0.10027072609957172,1
0.2500980228766048,-0.05210335432885376,0.05779742548160244,0.2124177682971452,0.4514013201063125,1.2043514156292183,0.24474404810668804,0.1246636706271411,-0.01080767101820259,-0.10492297254386247,0.14262478804158962,-0.09008639904532995,0
-0.12375934597174798,-0.016156167248580704,0.06872293551994157,0.088098283738899,0.3864877084564944,1.3282660294099429,-0.19331815097729566,-0.032781172515355124,0.03144003062346577,-0.162233182211667,0.34714818948014586,-0.1309676552610275,0
-0.29794991882273775,0.14887062075159893,0.025345651774685788,-0.06495449815256998,0.5500360494364946,-0.10356235772255351,-0.05978645743289118,0.15508917050791415,0.03209210535761749,0.22036967340896677,0.19288746356602454,0.08688315015617254,0
0.08680411278018957,0.053193464689707703,0.054501827180702775,0.07059787180395949,-1.226888538657148,0.385752032788389,-0.11573000354741664,0.08073984602775955,-0.03378443636880317,-0.20480287958269583,-0.08463053456086644,-0.18364658513668272,0
-0.30134142810625764,-0.027247376994005465,0.04274258206538778,-0.04072850341990272,-0.5012577366412481,0.5958211730530911,-0.18252828043987662,0.04767766125191214,0.006764849323128548,-0.03655070639359986,0.13487883985937474,0.039229429860269005,0
0.054881796961044504,0.027493600761550274,0.055988448411179836,-0.0875628896814804,-0.5965923637902513,-0.11396761167674829,-0.0968703485980971,0.14496004505996624,0.05528304037760706,0.027281303534805568,-0.05144961319726643,0.08989022531023683,0
-0.0790102528664923,-0.008812002467763667,0.04886977766413124,-0.02522859007366965,0.584446033408738,1.3076003984967663,-0.12585978062746556,0.0725802267132423,0.036744051336009026,-0.15912104186791454,0.24627151038845313,0.029827190249100577,0
-0.029520437374305653,0.06920819889610944,0.07866687076606317,0.17513360407298523,-1.460364413676576,-0.6868876640148823,0.03167063640098594,0.18073362605825619,0.05568106645496816,-0.024460795281843223,0.3133392560391586,-0.08783565477054842,0
-0.15718772170658146,0.08907817550116334,0.024284540523421636,0.05317694592946354,1.5602955932755267,-0.47768612219584594,0.2849722332612993,0.008944372263852682,0.016791762783207154,0.14322347626951762,-0.01911654846935383,0.09412588769077479,1
0.021658380135740396,-0.023022316676230205,0.07080632098957007,-0.02955612429240065,-0.3133342535054817,-0.06753060423573776,0.18724742444665587,0.1848957865185975,7.668626210086127e-05,-0.1771132083516265,-0.04547576846085914,0.03252327174441777,0
-0.10007772616879909,0.04431099328188268,0.022572474308527758,-0.01313800389269601,-1.0444981743633064,-0.48228281764035685,-0.1724170068402096,0.06737725901870018,0.010525262783324683,0.05455830083375354,-0.04097705291306774,-0.18567959222532748,0
-0.00858790894359529,0.007598900356705546,0.049086025100457856,-0.052362947274417815,-0.16705947767161344,0.13522942201818,-0.039457991263041586,-0.02085565352943338,0.05469735062815673,-0.0019956951409343116,0.3265243147455913,-0.16831148268009527,0
0.18994924044221312,0.13926733152709891,0.0014030310330980858,0.014823245904856591,-0.4921582052275957,-0.8268376693307624,-0.041567924716508026,0.18704450961017352,0.04099799223318712,0.263020173116706,0.29507379876974743,0.10337111686229472,0
0.10349276138888658,0.09789382014190215,0.07249824014921907,0.049373212663471444,-1.3452158712429838,-1.4556036854470362,-0.20796649532951741,0.1884880001732865,0.03412829151979521,0.05947497694626905,-0.0011608709457895938,-0.02789623906159419,0
-0.11626599727428685,0.1050334611314849,0.046850241393297465,0.001137334525958933,-0.2665212826780816,1.536841307037199,-0.00021327151550681878,0.16256487151770704,0.06554746719987137,0.16049887427290702,0.054493737709846224,-0.23596155247309353,0
0.21804896868302776,0.18216869447999318,0.0035010682606392285,0.07989775291725287,-0.8969553279839612,0.6575565532925596,0.3103234561435724,0.18423807621183874,0.07674558230944914,-0.14482760737535955,0.13320431743523017,0.13762609059996583,0
0.07453940151094884,0.046374496762486464,0.03888525567150698,-0.19362174676137694,-0.6009478242064242,1.5626165855415428,-0.2658828106263007,-0.020233667010017393,0.017804109305876822,0.062113689202759476,0.06532706923649165,-0.24038484939049898,0
0.11379965076005144,-0.00032104284083898926,0.05049764000570975,0.026434006345096794,-0.7089183576942358,1.4299001626493404,0.13487363991228518,0.08878410372648002,0.022819553455167882,0.00014732837569067514,0.10492901663461768,-0.03869901060463149,0
-0.05342649910646552,0.047451957727615485,0.01106957812478699,0.09647845560638768,0.988394594347122,0.7212014598861451,0.09423758521044218,-0.0496019606261134,0.03569243861198379,-0.03684966416536764,0.3332377017254256,0.15518041698813584,0
0.17249832384790742,0.07883564440829027,0.07543264886944455,0.06476031432903373,-0.8277870988157886,0.0019055344548997155,0.25595045349577183,0.11240967688210796,-0.009434758954205154,0.27887000847545984,0.2222742255533765,0.14313260820958712,0
-0.30954835800700115,0.0750570376720966,0.056668303317229454,-0.20413308061291963,0.9006031559600192,1.2841752374266358,-0.10843548897101313,0.1196428731352917,-0.03130195997365602,0.19264547785183508,0.304208701654183,-0.0410899161899799,1
-0.02166784791709181,0.03844541354411718,0.023324937263237592,0.15906963409134972,1.189837163455845,-0.23555745502517822,-0.09387173598392304,0.1111198206444344,0.0553835802789943,-0.13468587767348097,0.024844447470085643,-0.20720554879670608,1
-0.22086590875036116,0.03962141300413606,0.062420206582914056,0.019023861941165843,0.9595403718837663,-1.1764763293082248,0.19291957593991338,0.04151080820179652,-0.01682578243838789,0.1628252561442727,-0.08061628714544478,0.10270016558013845,1
0.14859580993266647,0.15682620074264927,9.218481424702954e-05,-0.16438630177872818,0.5093485947323237,-1.2080497890899609,-0.04036641498527782,0.08906155276304292,-0.040476207824918765,0.10317359052291727,0.3402360824118489,0.04177552887748448,0
-0.04628066342605419,0.17458461545562484,0.05448751835084284,-0.18586071683040187,-0.8732319706373941,0.5665535318303123,-0.08963773442765888,0.10027058084252272,-0.020555029301854558,-0.19727745804435756,0.1907824777558766,-0.1280396282188958,0
-0.0070276062132310635,0.004117755973473525,0.05429795743605964,0.16870944378519054,-0.33335886557903005,1.5691046323374833,-0.17713312524320518,0.024572154810270544,-0.0025727346524303182,-0.11385909156151795,-0.05716633636254401,0.08218251312063196,0
0.14249694132004015,0.18334317746103093,0.07683345297454527,-0.026199069022033505,-0.0036771772997818974,-0.6641332261342843,0.040207493133661454,0.1650241814510845,-0.01392181570801524,-0.11751526208530166,0.1090037158606606,0.13664980487312967,0
-0.0536582921258954,0.11656301970836422,0.03396654332486068,-0.05227522904684781,-0.3535862005399295,1.3852851332810825,0.16924272768043835,0.05163580865637718,-0.013958137483011904,-0.1471940018853049,-0.09091241814906216,-0.20322007458547905,0
-0.21830102795605605,0.10857847176560537,0.06623759913003499,0.10159689548192452,-0.08044010265830459,-0.4981505683211691,0.28976963063367367,0.008557784635340362,-0.029500586592966015,-0.14016252078227917,0.317632069299977,-0.2079725390290784,0
-0.11763515969637475,0.06969945985338258,0.04767118010469032,0.04190036362513444,-0.4276774760030406,0.7044906978063958,0.22519010260876432,-0.04015411271166886,0.06106019424583986,0.07652221031483711,0.010311633371843959,0.17332990655580421,0
0.2263082876406976,0.14653095490234633,0.0747442078996977,-0.048393266574928984,0.4885655850156019,0.60015452564784,0.2383394236055434,0.1560508428721302,0.07653366379759927,0.2046604550194078,0.19736690145041474,-0.19057781684750283,0
-0.21819073411740136,0.055899334360108424,0.06168643564079941,-0.13668962077310554,-1.0715294581884436,-1.070514689841643,-0.08669726553781426,0.17168593283934047,0.028034120146386204,0.14755317577304497,0.08455640237804418,-0.0811309308223892,0
-0.30551455670032013,0.07154010043420006,0.061050918415093205,0.19962158309967082,-0.5744894924643174,1.170609370465549,0.30014530483963464,-0.023005914191280355,-0.042692293873696066,0.1553786233489983,0.32232852829933395,0.16115105262856638,0
0.1604794507533585,-0.00958306220699269,0.005951174777342656,-0.18501183527682027,-0.6053884403945367,-0.5249911315350351,-0.20423333692445392,0.060380121431400036,0.024062546522873776,0.14249022390541974,0.09769368664040165,-0.11388548454621869,0
0.06910181159758072,0.10718641293926048,0.016523171510145478,-0.20156019746286866,-1.0412565032535195,-0.09059171566441049,-0.15107622924401817,0.08704452811945593,0.027566915873266568,-0.15371303122987795,-0.003977000039701917,0.16416681756799556,0
-0.021341628537662805,-0.012863109402766158,0.06439052935973043,-0.01100961450926724,0.6339086021018165,-0.30508447242082326,-0.23397810451002665,-0.01891694180213529,0.07553128307801396,0.0931865891955371,0.2881545454878639,-0.2431790414152555,0
0.12634060347076437,0.05864063497888805,0.052380073864446444,-0.058512282066976895,1.317146188721687,1.0673930557791709,-0.24110776154006244,0.1487011171255417,-0.03211840104656504,-0.20928764573592842,0.3253301413084506,-0.13689295576467492,1
0.021320053542714656,0.14487220867684603,0.059698861119113905,-0.19022873642043212,-1.4242284993982663,0.07785677204693275,-0.06483072334895826,0.13672961096746586,0.07438558052403177,-0.14319497328350667,-0.025190594243559697,0.06748159121308939,0
-0.052085064248335255,0.13422665961077715,0.004777496212523647,-0.1930908097104556,-0.7982361157933804,1.5665194630888888,-0.21261926352376392,0.1660214613336809,0.0009697566975564176,-0.20789555471564009,0.1414723035856822,-0.13109000641781637,0
0.0850051238404067,0.010618664034835593,0.035707624967485016,-0.12515307853787683,0.15470749102922432,0.1558501655767952,-0.033999858566830826,0.056163285073684927,0.07675507103783151,-0.14571119559493903,0.27789078812659807,-0.005458993947369123,0
0.19246414543616347,0.01173879227102785,0.018859523095780525,-0.07220278722064247,-0.7025871171535177,0.009976314529148711,0.3082887337934531,0.0032960566047602335,-0.04538136790970372,-0.078019769091242,0.0950404949739459,-0.01394896602300913,0
-0.2734207939802386,0.13305973551431025,0.06692638838820114,-0.11982851762855312,-1.022188868591796,0.2554431057071356,-0.02255199473887226,0.18507350608780235,0.0652388234372949,-0.030103361746792456,0.1314617386413573,-0.12774931395568173,0
-0.01708333742984469,0.10662226118189369,0.0003816481341848577,0.17891429865274305,-0.49088463001810934,-0.4259187960075368,0.23557739672740907,0.13411704410671837,-0.008184822178457264,0.042499035994340434,0.3014243644886424,0.16914071690984617,0
-0.15151768934734905,0.0989849623880315,0.07008145760394865,0.20779838056492034,1.0219721364540455,-0.1553050106933891,0.23828488521977387,-0.061697516329687584,0.007559553192098438,0.07364215852130676,0.14899617190798337,0.0666264086085519,1
-0.27516688813783274,0.13183868350000766,0.017680203266572058,0.13849529959852652,0.3186080604478656,0.8374429845373779,0.2905320871568896,0.14386551333579078,-0.0037841529477937383,-0.08224373195357504,0.17753801482542775,0.17749028214289825,0
-0.14630371190642338,0.17151264678641512,0.021967691460853093,0.0877107421370184,1.3084225451879983,1.4964611689872689,0.2744812221709376,-0.01918565990673729,0.07193538496759104,-0.1649673148234994,0.030420437526007232,0.14858056074831388,1
0.06500704149864239,-0.013340300746587375,0.04573184644728957,-0.13368147306747752,0.381448950660352,0.19768766088895529,0.0392002597509265,-0.045748642157224836,0.04026244494249093,0.248098696200199,0.2881459797932351,-0.09063640153491012,0
-0.17685639745169765,-0.030017275402648,0.07129615797243022,-0.17565207491343568,-0.08184656774988319,-0.8875781412227876,0.3089786228707896,0.07201389281922585,0.02171149818663376,0.2392128616048035,0.35145380135641757,0.0016661103269839384,0
0.14396230195303777,0.09513791393199872,0.030776960111704724,-0.1857106769457876,0.467379372739938,0.7331611042440012,-0.1999384836934618,-0.0016962410427027938,0.044969635564424085,-0.14194195540053367,0.22412501138186247,0.06018183234760266,0
-0.11006341053979324,0.003395743639498225,0.02584072044141796,-0.058093100136454856,-0.9667613358574765,-1.5565519746125842,0.23138810492220607,-0.05460184634160167,0.04426218509150699,-0.060333044173947664,0.29160697926389434,-0.21957190383032635,0
0.0034183775280918205,0.07416422831532446,0.02161576350870195,0.20024812062095432,1.2400421506905352,0.22761726797676962,0.10547643693785363,0.07346187027258844,-0.014357783723283134,-0.0652522937158716,-0.01979991914677473,0.12542557032000062,1
0.013941272063766053,0.00014413197880301654,0.02769144271960187,0.1733526881388014,-0.7620633850112043,-1.0294242411951329,0.11117334951857044,-0.022082937342927537,-0.021155412728659173,0.21257726806873653,0.3174418525860357,-0.2165337738825729,1
0.18855709252439362,0.11797127874436517,0.0624051396803436,0.12479254907948711,1.4528586958216427,1.2904955360231052,-0.151507370666852,0.07099367989543134,-0.0074965106031613105,0.19184863284617945,-0.053755221744622377,-0.06365212282625007,1
0.13093834457863085,0.0165897667599179,0.013803364086029373,-0.09894994339907034,-0.06118693546724541,-0.1812333735149143,-0.0343774370552527,0.08175663712072412,0.07143664947859651,0.17791404002962444,-0.006889699959225962,0.13209864957907136,0
0.17183236774939553,0.12204721275009056,0.03890448210630694,-0.18042658483662144,-0.9917998137826953,-1.2318561559909953,-0.08816435110622506,-0.05990473573981058,-0.01859720547889894,0.08430581164322579,-0.040229370072310124,0.03293280004386118,1
0.15743690127553883,0.01801185889032371,-0.0005883421142626015,-0.15088382494243038,-1.2467713922711647,1.0106732535019194,0.09969827927318159,0.16696011252181267,0.07824484219137766,-0.11571668749431535,0.22590056761032995,-0.049348554950015194,0
-0.02967809201927285,0.019815364690865186,0.023068707236723506,0.07595185688450518,0.4735087391661492,0.26711589413156167,-0.19885091238331987,0.09036986292277116,0.04589167312729496,0.06095136719827396,-0.08987032141815461,-0.1295823416800767,0
0.13386482811810846,0.12139521931992919,-0.007087715321572085,-0.011126743252510785,1.0212244516915676,1.129489603102127,-0.19514631548186273,0.10178620959703069,0.07221784507714316,-0.03177111504576252,0.06258774711627474,-0.24023717383920934,0
-0.2798288030090553,0.16744458082655547,0.08054714747971707,-0.20755524848559223,-0.9428682193539568,-1.2174212384272516,0.05748323136483113,0.11678600035384287,-0.0023579082856411207,0.0462476859644366,0.19516311584890894,-0.1680826432527244,1
0.257583994372998,-0.009832617768358823,-0.007094233996951516,0.1892475530194882,1.54298987350085,-0.811972391846597,-0.10790770543070849,-0.055701956131832396,-0.014344962652711866,-0.021078011346936626,0.14618140687392828,-0.05321320247301123,1
0.19148999776818826,0.16251315982826317,0.02076614557005161,0.19570280829856185,-0.992445819247278,-0.685251752425251,0.14141091579491816,-0.01010422718997598,-0.023141476610895245,0.23462952662162886,0.14011252481656222,0.13531454651312652,1
0.10057618576338384,-0.007730096039157856,0.02690498878394151,0.19919913866069106,-1.2984396237894926,0.4213352963408765,0.2991377341985302,-0.03499336912804322,-0.013403071079745664,0.05519136472370492,0.2939474545184346,-0.031927581915352055,0
-0.2785662481276298,-0.028517371837853443,0.026104413482306802,-0.07358907079947055,-0.7951857226695618,-1.0650052223532378,-0.25193768618443074,0.15676820594026555,0.0690161752449327,0.09642297447434725,0.1941617665766655,-0.18764378718816932,0
0.013252263881661841,0.03189701899142608,0.012765781995642683,0.03665707279275204,-0.633896003485203,-1.3520320912489923,0.11229755151670229,0.05779230675642327,-0.029432108784497955,-0.21557218770427802,0.032015746057136904,-0.013394900557353484,1
-0.006120500187007327,-0.0275702954580185,0.04769357611796726,0.21234602891339516,0.30030149255215344,-0.261658049577598,0.0929563786835127,0.17007591710507575,0.07210130203051549,-0.19586615466771973,0.002116062284124115,-0.2021283093301771,0
0.13029365764052397,-0.04840168025792688,0.07393048976108796,-0.20125063158223047,1.0306265857669696,-0.5787117156680737,0.004919827675607558,0.054313852941978547,0.047096451858444896,0.03019821655695276,0.10090235981194232,0.06553938991460839,1
0.21831912595483888,0.13391080416975876,0.05886436147797337,-0.003760123300058177,-0.8819736433742476,0.6176569312988833,0.27106350520041944,0.14978152588058138,-0.028846054881487296,-0.19290958166675415,0.24693194947679503,0.04618324826156228,0
0.03262443612031951,0.17832614356274895,0.04149215057024136,-0.06286870094330438,1.5020824977785765,-0.11394649846515392,0.06784914196793024,0.17609408904061594,-0.04735873635392741,0.20319756958911353,0.2748340859419257,-0.20633638933852938,1
0.1730158028009266,0.12651044273831394,0.03655631613212844,-0.10627824950071975,0.16563827838755518,0.7201603971497186,-0.12490911470662791,0.023500139228055647,0.0701779905666224,0.14565286886856613,0.24474739264238166,0.16383138224309096,0
-0.3094287566252607,5.917503481868425e-05,0.05171411993492597,-0.02466489532624963,-1.471789430997108,1.4442191967414117,-0.24024874348429037,0.0812761802369904,0.023446101577301107,0.09932578034055592,0.05266004461183785,-0.2422724388758109,0
0.19719594988471129,0.166867782493286,0.03573383152212095,-0.20121470342861275,1.3434120047813012,0.317141729938029,-0.16185505170622327,-0.01785700488757455,-0.025167727089760544,-0.05206915666041015,0.03666703128162013,0.11177489160514525,1
-0.028624534757223485,0.04468031420431229,0.005209358645465683,0.1603346924596749,-1.164424424238471,0.9792909872444138,0.09228433744362047,0.12317759304085302,0.053726567623344615,-0.012647418585882808,0.06687480562084602,-0.12686603803193394,0
0.013124305667996161,0.025431743385067526,0.021759487252247994,-0.20279977069514724,0.7771684875788123,-1.0219055155736483,-0.11068641896025888,0.18111540051063357,0.045378125397656344,0.07063583693531636,0.21036376200059698,-0.21027534499650907,0
0.15111276612383656,0.001428521641347158,0.07879571814985244,-0.11212870316235675,-1.3966649877266566,0.9726752222105775,-0.1846544671863844,0.03343504727661632,0.05120664606566516,-0.11074402441954753,0.3483564529522333,-0.12384660978338471,0
0.046754561296096786,0.09126448761869199,0.03471586670081267,0.06710748845792347,-0.9118671522539219,-0.15401810250621617,0.05669352322694293,0.09787591295078338,0.00308402601536812,-0.18106028347900352,-0.018577776331619625,0.011713816720137327,0
0.21910326405344843,-0.05323071556386455,0.0413679432825305,-0.10338353302395765,-0.2759908175314294,0.7720794096063728,0.15827044887127995,0.12914659614921156,0.05090607840556213,-0.1801981590398613,0.14126947477334095,-0.1385277967778963,0
0.21571693038776013,0.13122050709082514,0.0017325634405516172,-0.10711012313190958,-1.0324164813556433,0.02143667392310622,-0.2040078026957859,0.08765448597390796,-0.004612360008319383,0.10447565500398595,0.20483242713047184,-0.1477563645001913,0
0.13801221476034048,-0.03726851578691402,0.06625784805004832,-0.12033315209642781,-0.10021190222943743,-0.542867516093553,0.08551531258982448,0.008179827073300075,0.02427060703187446,-0.21215838803825843,0.07953649797410353,0.10740367968381398,0
-0.04715747314991331,0.06212654663895105,0.048409089531964974,-0.02638204169018879,-0.6854603310943013,1.3038717367353942,0.27816494739264286,0.16935327394734326,0.0055110915015307155,-0.0347227277450228,0.21758865414954642,0.07644172617299322,0
-0.20613643077331967,-0.0007790205445503406,0.00524740214466504,0.11163539203194761,-0.6346729941006477,0.3349705379100376,0.043308925706743884,0.13955273099899482,0.07223188118033301,-0.1276466420859546,0.0474990724617978,-0.1008236927212108,0
0.04575397661391861,-0.02626769178189161,0.009531255346276225,0.11998239513308939,0.5366930721394392,-0.14195074202446367,-0.04262754797913998,-0.026968744200984406,-0.0018972432363020195,-0.017654881401093503,-0.040318995190777474,-0.22649040452214464,0
0.1929617527139285,0.15674389719951184,-0.00779884127275332,0.06112301190259689,1.3484335197679755,-0.4275211075799832,0.24169857868670674,0.10051694063835281,0.02987677099632076,-0.031904104265001204,0.022435155054183392,-0.03508161214494157,1
-0.23604804651991576,0.10426332387962842,0.03465308915610335,-0.13486079438405568,0.00387221511250746,1.1389621936456147,0.07336930190866858,0.07752404365706858,0.0596332775878069,-0.21088959103614222,0.1902314721905159,-0.07410000322854121,0
-0.20171685012458845,0.1791394732111941,0.028635182562747084,-0.06821090162050561,0.6804788456765027,1.4148475259141529,0.22808750488013724,-0.04403002874560122,0.02386341276318449,-0.14308851418419236,0.23547642279486036,-0.04169689307734151,0
-0.24942985827987135,0.07620215101767208,0.0746606235701853,-0.06570325722051287,1.303920329848382,-0.27091394469444796,-0.18540932801659554,0.06308385393619997,0.021189619296504647,-0.09858789042765645,-0.010482308703756452,-0.20327177863722085,1
-0.27262387000550337,0.06428631328100531,0.06842643758765059,-0.15635410108255002,-0.22246337977942976,0.6563969989361331,-0.2471079911314035,0.07919281407892409,-0.015938313342797036,0.08408943473492311,0.06805485013957299,0.0377387866700879,0
0.21412957990208364,7.347986167823006e-05,0.07730892641507975,-0.12357050169754431,-0.17926626965259485,-0.5910376194373406,0.2042737162037473,0.11663139577303971,0.07525184252237824,0.13597668927164117,0.09697809861504061,0.13616987453611668,0
0.23685979575655441,0.13335840924272213,0.042512481156114834,0.13914479661061818,-0.24889564454186908,-1.3466532575076402,0.31116733535642116,0.1133482522443219,-0.023057590914812725,-0.1445594672236083,0.34678351241335215,0.1269887175864295,0
0.11671298244754291,0.17171926664087422,0.03767841675521455,0.16534654441761293,0.38532200423542307,-0.8554965519068074,0.029106942914292777,0.02539184436928406,0.006961288204266114,0.17982405268046206,-0.06713824271441264,0.06143047592123718,0
-0.2621413458197278,0.14696342929373846,0.01030043819311801,0.10074856179140596,1.2932767695744418,0.9403225568206313,-0.11261728143707411,-0.04733882791062898,-0.003078282498611931,-0.11672762984946662,-0.029444681259337593,0.06912027652234481,1
-0.19084720749686906,-0.00513662082573485,0.022884304368128897,-0.014357783364090465,0.49351304145189334,1.0433701426199404,0.07320870073038244,0.06483750019192563,0.002067154654553073,-0.0843481135668426,0.23280888593408594,-0.1142562156896691,0
0.1745938044401209,0.08329712224459174,0.049532111396592846,0.005146246645735958,1.154205987294166,-0.3987336313759151,-0.02031835123580142,0.1736043235171769,0.028830362792182748,0.006632896149254497,0.028229167859235127,-0.14581675859056611,1
0.14697514885915874,0.008580925676575854,-0.007512005982910017,-0.20171341694045636,0.10807551003939642,1.1166011462744072,0.015607382553681215,0.18017838887773302,-0.0032930318851968066,0.1782365576327963,0.23823057940111858,-0.04474024593463266,0
0.13160045307370533,0.17577770103106716,0.010183079393146489,-0.20253827959355722,0.11401535284436837,-0.26831920435639867,0.04766688679104303,-0.003707617553725194,0.058881161434025914,0.14162270362161186,0.34402050195221084,-0.04554371579939481,0
0.24743553982218786,0.06495110411587193,0.04839503777077778,0.07504105785066312,1.0244112505663108,1.5598159536731024,-0.13822256348535886,0.03328588157892244,0.04114672088183147,-0.19688062459104785,0.22845520538991132,-0.12023480335997389,1
-0.15681893403559913,0.10944347320799894,0.011485017984906,0.19660275702513025,1.275823417644964,-0.6320081315802842,-0.03510989569455178,-0.04163299016379292,0.05081666983691188,-0.13548563746110015,0.33473759287675353,0.1789268741346698,1
-0.24253434612751298,0.10688974668177148,0.03428125260091999,0.01882429406595948,0.6894654833450071,0.4406695503308795,-0.17104420915586083,0.17156439848687277,0.009683110568863881,0.09878334511251499,0.32959478992722213,0.06887695550503709,0
-0.002505295270693042,0.0385972563293369,0.03393103067580504,-0.06550102754879386,0.8153722905223078,0.7940614234855892,-0.030520226917598203,0.14325062437234073,-0.0016877124248520572,0.22369336429426498,0.019512903894612105,-0.23889937452421842,0
0.047918718237466684,0.06431723062229733,0.07669305353662287,-0.031064858737928108,-0.09423161247264455,-0.27226155328819446,-0.039860840267312486,0.09166304901920574,-0.013084952694245117,0.05682886135408702,0.32331508691238514,-0.06798530179730389,0
0.061008048425214845,-0.0037381326095922915,0.06473125505334912,-0.09593940394877469,0.6525714550932904,0.1538012001562914,-0.22847935040677525,0.02199477482415002,-0.021009867017772632,0.2267016468040168,0.030061648546261213,0.1718837881492637,0
-0.030327585227208742,-0.005646529235513398,0.02750287542909365,-0.13239637880898597,0.9789706056772343,-0.11609637524096361,0.23820498789116284,-0.05039091242649457,-0.009899826159277945,-0.1468170624485033,0.22153482741550118,-0.029396940463102622,0
0.22608187499551463,0.029706024613735546,-0.004332805651309341,0.11204426075474355,-0.2702541223267829,0.3304672929672168,-0.020798788430515552,0.13266224609260946,-0.026206675672552263,0.27971998042789625,-0.01220516814597597,0.10888954085534719,0
-0.19089127500341735,0.13113006765166596,0.07017276110787797,0.1606517959903635,0.5620914884522918,0.6799362091661003,0.21520055357512274,0.0906998505051842,0.030907047451584124,-0.09909416483493605,0.11229479918973279,-0.09162905394128337,0
0.06889665875683015,-0.011635025527911805,0.02881117095197953,0.14885358299728058,-0.42007835372719193,-1.0725809397739772,-0.13288467612451835,0.05378960641594309,0.015574686854127356,-0.017472231135320565,0.2211821360802277,-0.18777354616022626,0
-0.014808241425366075,-0.02569434106425718,0.04910108052837919,0.14103967040594628,1.1743335903189351,0.03960559888839388,0.01773721618410279,0.12792188054760084,-0.03842908769365673,-0.014766370016894043,0.26731974444421996,-0.020762572916561306,1
0.11738260283227869,0.029177138587144782,0.07551528030067989,-0.17724321729811693,-1.255668953670959,0.8959599116715331,0.00507053521764933,0.10629529265530582,-0.01885001766053484,-0.10407524271045586,0.2507028487266322,-0.12546627554551745,0
0.10444467033667831,0.09658505145931953,-0.0004665172548089123,0.09068340353740717,0.31914447909602917,-1.473705687622946,-0.26236976878448687,0.08018219223307999,0.06795778821806107,0.08085015666148063,0.04110128489111575,-0.1678133074783592,0
0.08015472291827913,0.12838839913938715,0.07483398009743523,0.1729432758704847,-1.194980563858816,-1.0833973615093386,-0.20872833783416997,-0.03755418255046441,-0.03884155544467329,0.2438052465056826,-0.021897327082148643,-0.04246230225209266,0
-0.06432866948126087,0.019617963987262302,0.04079546092522009,-0.20876040263944287,-0.023550475150788897,-1.4380237859035445,0.197551083789902,0.12282088167900881,0.0598926204963281,-0.029514135731799618,-0.027163549499275214,-0.07786152326300763,0
0.23968843639797904,-0.007287862112303346,0.007835594853755033,0.18926982472743747,-1.2038632969148582,1.070043230672957,0.17795366587516875,0.05110281039168031,0.014534371609174451,0.031213425623163843,0.3508757123636325,-0.17211834409614463,0
0.13070090668241052,-0.05811922484380271,0.04904774348692499,0.06597349111853384,-0.6523817667454733,-1.1502431560475568,0.16891219160471832,0.13106585531297782,-0.01571259790202919,0.2764020939603561,0.12246083920697676,-0.07072083269520177,0
-0.024859871699310088,0.03649699454447858,0.045872072508706146,-0.062139590012223106,-0.10754066141466834,-1.5406894400891218,0.2696409152203004,0.06868795924178234,0.07414983505466638,-0.00995521018313339,0.08544119320118995,0.14683069013779376,0
0.05030840215908011,0.12626003071735548,0.02944606884699393,-0.03788395010737253,-0.5983782258113227,-0.7870858103419992,-0.1355294714819814,0.06816483078081359,-0.03336860451477889,0.10477994879485183,0.08703865477950223,0.08182333370123235,0
-0.009658031048276505,-0.027958274715677495,-0.00705772651624657,-0.1201294654718912,-1.4529568517018585,-0.7404381774411515,-0.0698934853676289,0.07918032288339102,-0.0174599943520015,0.22063309016509644,0.349430005661814,0.07541083540002108,0
-0.2617642109185097,0.04698762441195964,0.08190956639250489,-0.1129698623458278,0.14460405267686216,-1.333608973886178,0.180124931132204,0.09846631116901261,0.01637250039565394,0.2446339266313546,0.08880119726865124,0.14001951460932038,0
-0.0654870803699415,0.12480507060983759,0.07511812023621728,0.02283908801202783,0.37951204181506526,0.9395394339887055,0.20099890300791057,0.10194346096993023,-0.014538112578065178,0.2191288736017795,0.32891481979009535,0.13387660793112832,0
0.03229690361173404,0.17840953999188258,0.0714034567973529,-0.1658650822068536,0.0027278107140544794,0.12318395103882662,0.2651296154145939,0.13852201547521165,0.03424217352706603,-0.054137546603185316,-0.07918914308671812,-0.13201253860418666,0
0.08065538430209013,0.15076721721210995,-0.007819933218122936,-0.12202119261369374,1.4550111581161567,1.2809480741489676,-0.1854650979357106,-0.04086651168895572,0.03301319592481189,0.07893199137937387,0.3007312623651868,-0.1154164415353077,1
-0.23432635350617514,0.1351855713682911,0.08169892153897823,-0.057588804312366876,-1.3785908315607323,-0.004183003033376709,0.26023736568686284,0.04968283137489031,-0.03505695291856335,-0.15750009661182432,0.25713953525673505,0.1234949629741881,0
-0.050593434012469574,-0.044989097591502644,-0.0019757926062227817,0.04311266306706124,-1.078865842388242,1.0151373869270957,0.10915851129238408,0.0807887509528579,0.06496651283449464,0.19678879493710247,-0.0004630446697591606,0.04256967463908956,0
0.17340168015309937,0.16712226077202164,0.04553514792308663,-0.1355753411223693,1.3307598818940163,-1.0241843217176558,-0.10974998638924974,0.19475502340116943,-0.018815750708750252,0.2359696912672262,0.10271150722141029,-0.25231108285312315,1
-0.0011049531652687627,0.0935590660004352,0.0709092723196818,0.01857799852589115,-0.14657718140905862,-1.5524177619662844,0.05979664853212663,0.009267505232432457,0.06612103555739099,-0.15623122954157287,-0.047001803342921616,-0.019514848752445663,0
0.04570055360142322,0.0649763852418706,0.07632383860728756,-0.09883509316287262,1.096066136721457,-0.8627391695232184,-0.19887807784668693,-0.013434824346015915,-0.037813082179557714,0.0012092152693434777,0.3038190235530611,0.10495135887108398,1
0.11446320439466395,-0.05769647927161778,0.07057716984998859,-0.042323817746339504,-0.5262164795295596,1.1618812658914124,-0.16472914244691741,0.07375158230026341,0.0695871442659438,-0.08570644995240681,0.2351321453196688,0.16475246068688348,0
-0.10588317835187178,0.03493230074374855,0.03306179234309893,0.13207380310924277,0.3951479223637371,-0.4467225391945928,-0.1387954509308456,0.19881227744663485,0.06529588031255198,0.08160863836467394,0.3473069256514228,0.046687909927910665,0
0.2374202987764485,-0.020148780450344773,0.012439579274613324,0.16426266221753094,-0.4753130306511111,0.7198166735675586,0.16920179813459313,0.10414236504153793,-0.00425917115567067,-0.01881530395114922,0.0950375666212715,-0.19752545295202734,0
-0.18107314487562448,0.0714495382789499,0.06296057293576487,-0.03279135036733319,0.16598659690051765,-0.9490112379930492,-0.1764622644833914,0.03814796688294382,-0.02150391319060595,0.1071083386540235,-0.04020313303214562,-0.05749117790296843,0
0.029236099866193188,0.14359528779112377,0.05775965361021239,0.18864663895927591,-0.749919656187905,1.419437693835451,-0.133349876128507,-0.047570707072885764,-0.012693320351036194,-0.14832447622309575,0.07714724664497485,0.05347436066213451,0
0.08421975576547813,0.018008957087439992,0.038145935499282066,-0.1183020038393465,-1.3617777526701387,-0.5719822940747727,-0.0930725085315024,0.006077620548292584,0.07636063717093201,0.050284327314821436,0.16525427404804183,-0.2491575383568462,0
-0.20844288366368563,0.02737734656232481,0.07968258638552421,-0.13585836656746325,1.4346302049928428,-0.9717680572595552,0.011024636089944972,0.0216629284675057,0.0325666395115783,0.030029606008974474,0.3458856316443186,-0.21631462115080125,1
0.1407303766574038,0.008488424821851873,0.06521635978193449,0.14842588817842522,1.3138505235414335,0.7322624787558938,0.14824025008990083,-0.024877141361225368,-0.04132369219988991,-0.04714493470413331,0.13464130629840745,-0.12073778311393327,1
0.1130004901203645,0.11649738263533496,0.0802223076640376,-0.04060157167169967,0.5945177422459837,0.19419941378714256,0.30490948995681866,0.1420319677724068,-0.011933821243023147,-0.20864833397615318,0.35078186950933243,0.05935068738949456,1
0.15338393416589852,0.1337455722112184,0.05877755748595638,0.10773881540412727,-0.33847565939540947,-0.22572369677376658,-0.047957112117195055,-0.054345553443471584,-0.043000906491318894,0.005387307317011092,0.2899337244277205,0.11664742676762713,0
-0.08078200214741948,0.01397593916266765,0.03796878221188302,0.14200989203168574,-0.9469585411687594,0.7160275179280815,-0.05779463197175297,0.08433686792723089,0.020375851749021665,0.1959186959426645,0.33433733605406923,-0.20879305870681242,0
-0.18402524432700626,0.03603423464183404,0.018881326689790073,-0.03733910866593407,0.9050077918791313,-1.1030368028902457,0.2178464319186153,-0.03540723979949928,0.05663401018303656,-0.0641407461524644,0.04973477649875985,-0.20866938362951049,0
-0.3051440995153698,0.027052520121928422,0.06782132675240965,0.17896263416235114,-1.4714303134515216,1.0865985611404352,-0.17556681209371106,0.1400949247183015,-0.0219166479815178,-0.10170246327695937,0.3145875414710412,0.12855514689612846,0
0.07174626252116983,-0.01954512059866218,0.02657712653470454,-0.11009836185741745,-0.17378339328501768,-0.8918254718904868,-0.18521565866697204,0.1749109453007461,0.010805984394365836,0.1782406733755306,-0.06794682874509456,-0.09549161988850174,0
-0.3042735765515551,0.11553296802177104,-0.0008184929388763444,-0.0669329647376328,1.0000865581733855,-0.8614514862572142,0.10317812644353369,0.12098502207138848,0.03470707050380195,0.10196280398788746,0.06820635951142345,-0.24028413351591582,0
-0.05930739946675562,-0.04842682323992197,0.034542352788392613,-0.013755032064415917,-1.0455000286343608,-1.2837276584271575,0.14018270773685287,0.0854246206048937,0.06955259032472523,-0.0737293907250364,0.02817484992990689,-0.17265205593415478,0
-0.00044486774133156715,-0.00947319935744742,0.07086679616378093,-0.0812960204374997,0.4737818086563126,-1.2222759595437476,-0.08939651778314459,0.13272530122268772,0.039888231827339304,0.16127384669580833,0.18528493581311106,-0.052107676817706394,0
-0.055239640800638035,0.11505787512296878,0.02620356062341762,-0.02509260469147956,-1.452768876069343,-1.4818601625901753,-0.22296661684307367,0.19938531550230118,-0.02967351845854631,-0.026199566139210234,0.017095177445989096,-0.12594849174731293,0
-0.12778321887348068,0.11549689032326069,0.00801665129045289,-0.09839725719497229,0.847027417017711,-0.7271573756015619,0.2774061586158203,0.03797837896430477,0.05070498497991635,0.012862560209437573,0.11386763047778117,0.10635026517945678,0
-0.2973679168709516,0.1511988057496272,0.03602619769104984,-0.06150438138372627,1.2804984456741237,1.5418335877818585,0.2985111417923676,0.1850651092077296,-0.013919345411989525,-0.04722557602076527,0.27951175518472754,-0.16734922628480786,1
0.10711769246775077,-0.028038221789441833,0.010636935044016655,0.001644082398258001,0.6987405021263766,-1.2909571044740473,0.08501885484837451,0.009421264615268862,0.004786732002609408,-0.09405934303169997,0.035021046716893045,-0.11176353949259149,0
0.030765201494959593,-0.008928058031392697,-0.0041675024241184,0.0827887211217439,0.09890790195366894,0.6483777164061608,-0.06471185196086038,-0.06079231793689067,0.06431032598541561,0.08138546618035417,0.2818987536949866,-0.06306573666469528,0
-0.10958269226498246,0.100113212380147,0.028833776618381154,0.025191932914956028,-0.3044268224153488,-0.7855505247332917,-0.21991800151773241,0.14408305623452963,-0.0036528790316752158,0.26754994333299886,0.027136217019224237,-0.045630478946319025,0
-0.13748965631795046,0.10954991168535297,0.0653704180213406,-0.004060840346435002,1.1713170695945785,1.273560918622284,-0.1566624230260863,0.09598233442789139,0.045159452607526365,-0.0826197165792815,0.20802709879684134,0.06769507862577484,1
-0.24539857189731984,0.019407570903698698,0.028861487768209366,0.11808875220591758,0.8264974674725638,-0.20978165530325654,-0.08295548038775166,-0.06145867472672961,-0.04534293023251698,-0.09692133591227696,-0.03822647033960843,-0.20046330215375915,0
0.03299772330353845,0.08799717666359708,-0.003967496853816871,0.04114053492749542,1.159312526007753,-0.44269970706847306,0.3054504020478086,0.07549957955171041,-0.043570961465860474,-0.043724779238630274,0.21497088860785657,-0.15472280848806333,1
0.240485555719882,0.044106891788707206,-0.0061181885058112515,0.018579235526276966,-0.6402839354245625,1.1797788602326291,0.26983911510069625,0.17596239457669413,-0.03027959197891472,-0.17655743984709305,0.05114448796891549,0.012336090289365553,0
0.032341311802689454,0.006675121774572676,0.07833139451897277,-0.08001851997231516,1.4954070716697017,-0.9368506340739345,-0.21051383225121528,-0.0010393951202505788,-0.020608882359954707,0.2400873965607406,0.06886894169853222,0.11179514634083165,1
-0.03854646036998871,0.05188442233336013,0.07400189954814897,-0.023553140168503045,-1.0641867841280583,-0.9178777294400808,-0.20852539604712186,-0.04849292427405562,-0.021490727276945818,0.14214954234496538,0.07916884254831108,-0.05475368069508779,0
-0.25431292950233886,0.09228050351470804,0.06492386685942218,0.05413897081347935,-0.20722531531619648,1.4029107451560108,-0.25842848503738297,0.06968225420017368,-0.014111557561940775,0.12440728155100336,0.27085080915756216,-0.20793374618789026,0
0.21346120794694662,-0.05221181792324458,0.05447730408228711,-0.04739600152631368,-1.3183377610064992,-1.499290836134925,0.274997015614201,0.1853432440014302,0.017983069525918507,0.036620007264585724,0.19848268793639773,0.00011218505575361082,0
-0.000957246934606415,0.08403496082833845,0.06993464892351575,0.0483827335076521,0.021688556102728906,-0.5834198924879469,-0.14247558831204704,-0.018859436589538314,0.07857857452605573,-0.11033287860724235,-0.04580915146317133,-0.007755091959582239,0
0.161751555368225,-0.04470167177487008,0.036470752456890396,-0.18098148088355062,0.5768579186844887,0.8183695088289056,-0.1881127640587958,0.18365426659890408,0.032633629001295086,0.20208239680036758,0.32235506242350503,0.1526148011716627,0
0.11638931967085292,0.015276043105266313,0.06723797119136019,0.009962399434598201,-0.8635997019214225,0.7499671642297516,-0.09311494828494174,0.06074421628199028,0.051212022815832356,0.024355803519444108,0.030836701256176643,-0.21448170182939552,0
0.178135799858555,0.04217621145629878,0.03209563350739976,0.11291616696939033,1.5441582215534904,0.21489347171975592,0.09859202394099176,0.0007068232588533507,0.07071454619950907,0.0655655923907921,0.2372232302659273,-0.20280389334445725,1
0.05260519145889031,0.030380602978933455,0.03283482287910611,0.07843760924360493,1.4884044323986345,1.219901827720108,0.2380365796896744,-0.004625711648714892,0.023501146291458885,-0.14117113669455572,0.04060956319755474,0.13746810949606647,1
-0.3061230612138924,0.1635561602387749,0.02178743632811258,0.08420100064174535,-0.18219178641182077,-0.08780186525222522,0.2590077250750653,0.0842776390317041,-0.0019693634449027067,0.17753201045361014,0.23408025135120497,-0.20128830057512592,0
0.06911462578041316,0.10241938121756095,0.060244968632921655,-0.0762243570691854,0.2787016095353949,0.23661036778961742,0.06448715586784576,0.07192971615008598,0.07728357164957865,-0.10232405043387949,0.09026478001866295,0.07843528026822671,0
0.0963041851191278,0.17600237737828076,0.05138053773843586,-0.0775821553458459,1.4725811961768687,-0.1611742527136646,0.2672625722251407,-0.028509340158481236,0.021319853156655133,-0.017061533445327598,-0.03021627435291252,-0.12493179960869885,1
0.05068241693378961,-0.05188816085747919,0.07968338463452665,0.17437173214801444,0.6425649494406847,-1.410906784051787,-0.07728274953444644,-0.04468262610333848,-0.009074615065148194,0.1851284807097167,0.21265609383437423,-0.14864140716039936,0
0.09978950676271586,0.11293513852403875,0.0594222957668631,0.01861749487326969,-0.7572583568987321,1.0857675316421933,-0.19490364861624232,0.15172075913133837,-0.0068348697796788704,0.13359869556516527,0.21690504302013341,-0.10623672154217886,0
-0.22000563356140393,0.10980149727559477,0.06906230449635783,0.14441448916754673,1.1117343101862829,-1.1160019535019032,-0.0844389591609965,0.1370111460286037,0.004212826285279692,0.1472251685270012,0.049838312204630114,-0.2498003818735445,1
0.03342819925939161,0.08689141064249109,0.04895190600445115,-0.09656717199494876,0.3660537379685058,1.2507948414756271,0.17386360407129692,0.09905685776251155,0.004874639630483693,0.12099178978496608,0.17114814781012533,-0.030098479609776047,0
0.059282011212821506,-0.038565405234060116,0.07462297941072873,-0.06828731896585374,1.0071103693744388,0.31952293676678334,-0.13364049270116818,0.20077552924534695,0.005435579295791013,-0.06904678304065778,-0.06318289806187535,-0.23434352927035174,1
-0.2581768143621447,-0.058275450910106344,0.02166829559835745,-0.07869843378566421,-0.20472459451322766,0.9525175349472763,-0.23117782058929603,-0.043715332001599355,-0.024800983466005747,-0.059140468631293935,-0.023925974062648972,-0.09351556567409433,0
0.2162616459645333,0.004229193469693193,0.007258435940288185,0.07108792811378933,0.7289795724322772,-1.238400956674793,0.18857948599191687,0.12662321756954634,0.07607189114512855,0.24934380530865094,0.17538370343529192,0.04626258074933448,0
-0.07784659327318916,0.15694344244520483,0.04216463004558099,-0.07231634462583961,-0.2765525903445025,1.1041794373302232,0.03668553088313864,0.15214944518374954,-0.024184666393975148,0.1883604921060459,-0.08455565391076139,0.003267690352533492,0
-0.08510556193651161,0.021262229809133115,0.031312299570604676,-0.11541894580258966,-0.9370089358921799,0.6278310222459178,-0.1356456419495297,0.13234251001386563,0.042335055224115486,-0.19965355468159918,0.3109918966300819,0.09127241542671705,0
0.14389643459510876,0.13763049435047353,0.04486556202858412,0.21000255958299668,-1.4956062555067828,0.9993176374131345,0.1401584685126092,0.015192263295490019,0.029252337141896373,-0.021871270779644097,0.06083692670153387,0.13652602420945037,0
-0.23127186026759305,-0.013461568355714812,0.05261008001673477,0.12089728071804867,0.5320754917845025,0.07879765898840518,0.24317542576534223,0.09864889804990429,0.05652533021344014,-0.18222691785399248,0.07151391438446841,-0.023933824261660713,0
0.018208030604052794,-0.0353660969705018,0.0408796906710128,0.07138815033046103,-0.7690589693850763,0.6770758003363817,-0.09812674575252978,0.16765096016979472,0.028107221686550485,0.05730548099622371,0.3399045237044312,0.03707636363458905,0
-0.1522369964180871,0.09683989738659332,0.07928692430392667,-0.19998118653387287,-0.2019344862896788,1.2299436872471403,0.20516688491725288,0.1068815273643722,0.07095831344602711,0.11600567353197913,-0.0836714932439333,-0.03025410645217455,0
0.20561959291700233,-0.0029087615729562546,-0.0005056313066092652,0.09438586591902792,0.18197236564253227,-0.07696661932418603,-0.1054508070612889,0.023868478296807147,0.0368167694736119,0.017772908698461126,0.1310414334818168,0.0987854942774602,0
-0.1530437183247791,0.10434806496341748,0.025342919368182924,-0.033078068881365774,-0.8349152523298299,0.38623749632394566,0.279694939881474,0.008601142011838522,-0.0347469435836789,-0.003467759917713392,0.1582365572640704,-0.15323935570521183,1
0.19806355976135342,0.13511051985054454,0.03679399345577809,-0.01967976515559028,-0.5922434488560592,0.4092468354269012,0.07739144518407243,0.17323869684554397,0.01566118530896736,-0.138138506389997,-0.009276704946311831,-0.18291790582112039,0
0.22562027485492292,0.13378092163146746,0.06685963404288155,0.14534545011297229,-0.23877071505005554,-0.3471429913837696,0.14025644548222677,-0.0030837324342287767,0.014337745696716052,0.1124594781022393,0.31842233682954374,-0.2044536598588651,0
0.1990372295039436,0.16521367055394134,0.07583510837857789,-0.2078963194179162,-1.5236930167298277,0.30407143909900225,-0.08123762418748229,-0.0463805518662095,0.04887868199320858,-0.20203930420200927,0.11223280904697755,0.16018981482104078,0
-0.06022120703835371,0.1626489571989084,0.029106496856026617,-0.06338180617084899,-0.13984523745633393,0.6026334333915913,-0.07241095738864428,0.16131818090967612,0.06879226765342077,-0.20534491567069862,-0.04664838652603863,0.027623013007415265,0
-0.03468885760896612,0.012822906199983941,0.015567770025231065,-0.11496107366044625,-1.4319289617799518,0.28600006074984763,0.1602568742742509,0.016898019656376134,0.006239732528677357,0.04528713197609438,0.00502436566501864,0.13236801683443766,0
0.07851742288273666,0.1525167309394561,0.035140139279386126,-0.02712147517816832,-0.11088464843932888,1.4981314302478015,0.07589578544879605,0.0485063703854858,-0.029464836117114278,-0.0807169360146853,-0.08502718335792209,-0.11354298137705812,0
0.02038894341396924,0.17332514647354041,0.008120851805600088,-0.1864930972303445,0.48781444288155895,0.015612761878277537,0.13515166925780803,-0.06101237594961261,0.07652461982300504,0.20833942644338002,0.1326314407487376,0.14858871523285017,0
0.04752189204464313,0.18259566227475482,0.017238498760170636,0.21149283804572194,0.8562560928601031,-0.973271610134639,0.2739802888366927,0.03544868813035243,-0.021288233546945097,-0.18670983213221384,-0.023484570775979943,-0.0978253307161435,1
-0.07112063920511869,0.07264833758819844,0.06584460702147119,-0.20426921981740184,-0.23749299117411926,0.9045489926266528,0.17044225702203453,0.1376329560775701,0.06667212278536536,-0.16989271466060826,0.16956645448573726,0.14339982174824184,0
0.09980662245811006,-0.035971883307600344,0.047717836218428886,0.12820220080673456,0.4968745602468736,1.3704558721846538,0.21903365397064278,0.07599183448015226,-0.023273485948982958,0.05651567280477229,0.17709951911649213,-0.07707909281828168,0
0.07709675086549433,0.046065370110390635,0.07163949968800465,0.12471228742344442,-0.761544535262434,1.4875993907935523,-0.15382988335953254,0.1290239077608758,-0.03916469482681713,0.040584693800512744,-0.06733395834382483,-0.02238547772057839,0
0.0807138064672766,0.042621941255865506,0.02982375605667088,-0.15803023565001165,0.3178249378089437,-1.319532742595337,0.23243566783568187,0.17491730990275242,0.07306299588883568,-0.1664772578346816,0.04378980974780136,-0.05091827892845266,0
0.05537174017184693,0.11171154588735707,0.06334096624841183,-0.00031405355078012454,-0.8372128660328175,-0.5398343879207019,-0.12854227157903816,0.15000297812837637,0.04239309233349957,-0.1467162798864048,0.3317423172762221,0.1200209393423946,0
0.134395616452552,-0.028617434640001528,0.004649726851753442,0.07887574890985255,0.4665086487641463,0.19932343688602905,-0.03576921280891768,-0.06111055119464298,0.043619239682963884,0.051814292858029715,-0.055823244399237706,-0.015780362625443634,0
-0.2817259073335424,-0.042278814910345956,0.03604960156558305,0.0013555367172836952,-1.3725214991166803,0.477840820614887,-0.04324951095100432,0.09267547700395465,-0.003534377908046296,0.13852688858789855,0.17311666486287186,-0.18284118838974867,0
0.08091267631821142,0.13147793642130312,-0.0020513396194874476,0.04791510409794747,-1.3698195476496686,-0.9105848060876194,0.25448699831275945,0.04715129143140917,0.04569421271788941,0.2298653364421853,0.36059119013453017,0.0017918191064980604,0
0.09124094381135595,0.001816580841124349,0.01830456156872763,0.14971486187059146,-0.07017275859923777,0.9957029500448413,-0.23820845733174056,-0.004820563076139581,-0.026329934897921858,0.045294709584659726,-0.05474669133967411,-0.10277043680007567,0
0.25298834320686,0.1339826064242566,0.06103226777100676,-0.15282170798785313,-0.47312993975878603,0.48193145819139915,-0.25498076267697195,0.052222389813255915,0.0698927281525545,-0.17537075349027947,0.3224988874936269,-0.16782333336096167,0
-0.2042746277319209,-0.011890169919410928,0.07652942366735369,0.04528751497453676,-0.5998356368347479,1.4907443073332158,0.23804473308635687,0.09134714420640275,0.028186931104368068,0.15706128095319907,0.26191111329006983,0.04445157299123337,0
-0.244541966426376,0.15164708228357832,0.015657853416614416,0.21119185312664973,0.6538075984835185,-0.018605668156385535,-0.0845104356932328,0.08912519459187743,0.0017507691376862505,0.19494998613081707,0.2201371666603753,-0.1595783234250282,0
-0.0036494472424231095,0.13235399908365297,0.0728952075099068,-0.04298107724029007,-1.195734971013397,0.414351186504734,0.12425183047066501,0.14424508588171733,0.00602533039930845,-0.21078088226239425,0.22234330012041054,-0.10333938514979923,0
-0.22566777485401449,-0.0212272912083108,0.061810704128813884,-0.1307230404098864,-1.2688798253253593,0.20360498213343226,0.17179730653844433,0.0821600363505835,0.019108892286066603,-0.13320149503481943,0.11241658117087086,-0.1894375186956719,0
-0.2648070967830393,-0.032913934116129154,0.04705013517747722,-0.1281174517229022,1.0070346881108738,-0.9521796887145261,-0.19686402377498874,0.12405620011745389,0.004992549196323824,0.0711022142162703,-0.08086793889351662,-0.2525440839771022,0
0.1560466809439977,0.056323624005076636,-0.0015580095687725603,-0.06474726198573097,-1.5537293055169772,-1.3886209941722982,0.04878736646278753,0.07728323236720216,0.02856754027879603,0.18581038787899837,0.09704550811242552,0.1344837799260849,0
-0.04046482528705997,0.05186734971721464,0.05150633473432756,0.051111287900475366,0.7634955322918648,1.2609433872998876,0.27824666344017335,0.011846922337504534,0.0229537595305052,0.16607397483292333,0.3289902298732146,0.0026549479263111575,0
-0.3018877391298085,0.10632262418483249,0.0004189118106467972,0.07379411308027006,-1.552726313515032,0.6849898586057497,-0.15793451609275616,0.06799104929481528,0.030485867999205774,-0.06722654129261013,-0.00856109170053404,-0.1555578729366272,0
0.17943253966957845,0.05366878313740925,0.051995561327390555,0.00772438875800191,-1.2545687697948575,0.06963532781403758,-0.21347195732943755,-0.0101801572800745,-0.046225199472928316,0.19636042760720837,0.21148715354394215,0.0781383721003448,0
0.09740535774732978,0.14135505340061963,0.08158846471547536,0.06630887402049357,-1.2475396149269822,0.7489892523250663,0.0739183908796201,0.14127618586154925,0.02333286426082022,-0.06560806966080981,0.23728260310007027,-0.05742598228774598,0
-0.14835600452027548,0.14540025098193657,0.04431760572881947,-0.09011514631011325,0.03143322829346529,-0.6540993927923618,-0.022660012398910273,-0.020087058106847043,0.02953608567812685,0.12569718406991073,-0.09148847682061186,-0.018704578847758585,0
0.01832530790514375,0.02139464320841894,0.02272537862523716,-0.07565280401842903,-1.0345146799911922,-1.5312644436294938,0.004029758342423695,0.20021470215536194,-0.00018860911433987715,0.1307345089775759,0.1592643511851709,0.07948286869949117,0
0.1968410346174682,0.06515279397744969,0.03686802614910056,0.18858572574006166,-0.6167509335694523,0.0936647348689672,-0.17691263662578605,-0.06158894287644383,0.007569078143900197,0.14764332261853205,-0.058252909537794,-0.08982021443620614,0
0.02079077199504592,-0.007721540064866771,0.05835812215459514,-0.11290525667784182,0.41630866502105923,0.8061944110959256,0.07907110386172378,0.08135627375770901,-0.01030085747778288,0.0016328335495723323,0.2949562847422981,-0.013706346913123474,0
-0.280865984073707,0.11420466535465335,0.008534530952977116,-0.004461584835153742,-0.06631523334427802,-0.5167313552382022,-0.24954539061332992,0.009494205496497099,-0.04147175298586988,-0.010332534688443418,0.19232806552417864,0.03234713162999975,0
-0.27572565247296754,-0.030538221153167677,0.05203491624204783,0.014614553022819443,-0.5103127275461541,-1.1073693546323926,-0.1978312159297207,0.03319626417699298,0.0329102032415189,0.024901552874909583,-0.04649448942490336,-0.2214992754498706,0
0.07599366003914876,0.012844728451941442,0.05275914667733915,-0.08526762420296993,-0.31665132187362466,-1.5487057778799025,0.3019960289349982,-0.058283194125401186,-0.03176482153295312,0.19872517608377768,-0.028417089484265856,-0.13028737543322272,0
-0.16201079218895753,0.11029542767290165,0.029305988640323574,0.14541068065891777,-1.1603318780145755,-0.24381984230800646,-0.12331257528593845,0.1470041318336833,0.06195139755969986,0.1987213704575009,-0.0679120344245139,0.05146223205303058,0
0.09104860981276214,0.17024692026103377,0.01589206152463525,0.12248079090222319,1.1052662135771614,0.7032730255480943,0.13387169039407298,0.16287918484108388,-0.0022923678513668694,-0.13801595062268746,0.07446420302066992,0.1024652434512156,1
-0.23723388271114929,0.09591223091593601,0.08164172640614824,0.16841922561788436,1.1172383823862126,1.4272080647461947,-0.20006923491625977,0.06937238818317026,0.019570290581947397,0.1721326369029398,0.03756848292539064,-0.20616993072224576,1
0.08770732781484719,0.06050236509362321,0.06845125296085382,-0.0063948088450014595,0.10849312097320385,-1.5015329977691676,0.18562187306479433,0.12805170569708332,-0.014152852794907793,-0.06270860707652964,0.31927168571174247,-0.15193109013767941,0
0.08735552779089523,-0.0241479188515134,0.060538921994949174,-0.11554645995820119,-0.7572017686389927,-0.19965283781328247,-0.14968107254598084,0.06740758061928254,0.06363323860116513,0.12143959398200424,0.3619696615730812,0.08918126763172263,0
0.05635357260903667,0.07770359958326101,0.07708992152950732,0.01284994253028418,0.16912819130159784,-0.022897359894872515,0.2768287848032577,0.06410583455770069,-0.030497987523242644,0.08563688723624033,0.24694409066059675,-0.0898052083712099,0
0.11625408112140223,0.06987116399346582,0.01933154089014813,0.056184185022058075,0.33442831365137327,-0.3066881208788741,-0.26571700635290735,0.1538155818468316,-0.009015949577738817,0.2599223586364956,0.2552967510522776,-0.14756087841213222,0
0.2487171151196927,0.06220438030112202,0.03945092873560757,0.1745503470217848,0.5993845407942355,0.6769548397275085,0.29894665639381346,0.024429502496932584,-0.018433860255233366,-0.2017095774774746,0.06669427673616693,0.00994071385331069,0
-0.13757750825610662,0.08170333685006362,-0.003639361072175421,-0.06025142812072007,-0.9675604674782511,1.5343988539876585,0.14633556462693398,0.13930727786266825,0.024244960681847824,0.22343369120415082,0.34456731491774517,-0.23744775290145215,0
0.07679066112315719,-0.0017219858216810588,0.02903195191626633,0.053492616156281314,0.21679118027748645,-0.6597401502996256,0.1408644334950624,0.14303249059442977,0.028090043930705633,-0.15814370435806996,-0.08174744718378985,-0.021791193306764683,0
0.09770411235499299,-0.03298011184361925,0.030949078976871543,-0.10164354653923167,1.109710988336827,0.34814055715682835,-0.15086598419967373,-0.06137105784045163,-0.007119417685489675,0.039883694362055494,0.33298379448048393,-0.15346916136568794,0
-0.018907020609093883,0.07850618581962282,0.050919914141421455,-0.0710417702435451,0.19602900062613404,-1.398590383231022,0.28407169314202385,0.05334743241879539,0.02574361372358909,-0.20182386196228938,-0.06996706550973303,-0.21915790709195535,0
0.11101537187786958,-0.004143533310020646,0.008715661395314187,-0.20641653976008376,-0.33781109031845014,0.49220948410676457,0.046089575366720814,0.09058613610723301,0.010182502911205107,0.011799409897117474,0.25254520560944177,-0.12642239568782698,0
-0.17639008565734116,0.14862565596993932,0.054555385229633824,-0.008349243666160855,0.23321241554749972,-0.9820958340778666,-0.24583612228107332,0.16285560359495418,0.02736875704794113,-0.19348648142215102,-0.019085343445140693,-0.1307807202190467,0
-0.16184637840669536,0.07409538225631895,0.028238347275683643,0.16300887196366243,-0.13718352403966105,0.5014343826191123,0.23200523096877929,0.1811020485860561,0.07641607319538153,-0.06156832684286498,0.004257291888655826,-0.18061590630288069,0
0.04753860326741516,0.10639296850919766,-5.6957056799275194e-05,0.13716037249591606,-0.3061276246915263,0.37054860660082567,-0.01531412785990538,-0.021901509538146333,0.016231319577481848,-0.1372494129329548,0.18485471417821714,-0.11753898041185698,0
-0.17088985715338348,0.047945717917719025,0.04469844242271058,-0.05459811280908089,0.7244248262809123,-0.47329402474576643,0.26097591115951535,-0.06235172792494761,-0.02041600072310796,0.2781444416915919,0.24110222545800347,0.028176154157529776,0
0.10375697039125359,0.039966023316009555,0.06317692233644898,-0.1444711647380129,0.44707556038707863,-0.036889064516719694,0.2290343298485305,0.1330535426870588,0.03472559052932046,0.04232987645532485,0.08902502051382002,0.12450626429105072,0
0.05864989784744029,0.04644721877674868,0.06322976947825555,-0.18706835319606116,-0.7400469676807107,-1.161539094470703,-0.1351992270340584,-0.05257123233776076,0.0426328474805593,-0.11705368443159202,0.3635081008465789,-0.24855280301082427,0
-0.18093659100525955,-0.04925444932028306,0.06303581219080012,0.034698064241630966,-0.06573789520238416,0.8480905723315384,0.08570927125343442,-0.001250780138840002,-0.03615455260331869,0.21359615251454026,0.020445186923427866,0.1366434557931771,0
0.1910605729911436,0.09344294546522666,0.046812650342173204,0.1920130721689401,0.11377957996938348,1.013566403813371,-0.015239867962533404,0.06544953338977288,0.0014304302315359396,0.2533203995509168,0.19999537551521862,0.08735590705725876,0
-0.29141346602595924,0.14816330028115507,0.029890509404342364,0.1016876615962512,-1.1961475576195806,0.9095057586130066,0.1144995220253438,0.058442844286477835,-0.00939870844118177,-0.06190190722177208,0.04707343284570725,-0.19548062633287433,0
-0.046696875296766194,0.05097507868272684,0.029372773802331918,0.08728650983810993,-0.34566993749927377,-0.567040900662829,0.22577659939992917,0.04987543680569578,0.03522140216142339,0.24517079079260193,0.2590659847310939,-0.017864109178774873,0
-0.00011074526373833216,0.14745796690275276,0.06675667664474166,-0.13441639804993719,0.2799568874446787,-0.9059806400130077,0.1975528441803936,-0.029554356427168096,0.0073638848809490925,0.04091126455237673,0.026245666352234298,0.04342178810941327,0
-0.039574125750495126,0.0129764023177239,0.02255587043889974,0.1522085804278211,-1.2383493644558496,-0.9488940154662476,0.26155935109553874,0.18928271856285864,0.014485174690216068,-0.16824369967079308,0.2739852847559215,0.023355866819507076,0
-0.09447594470992907,0.17815411951267593,0.02272119649311632,0.17375383733866256,0.6766480099234216,-1.1485943321451562,0.23056746641906334,0.13901663642423287,0.033597835898390646,0.08872031632484487,0.00843982901510068,-0.15912725581935722,0
-0.2960181776648114,-0.0219511512093885,0.022521068504091264,0.018646337930463802,-1.418126281734664,0.48320787366373463,-0.1150580945732243,0.004621509281975425,0.07234802705378596,0.27615640227835203,0.2791787245972351,-0.22886057259578502,0
0.1052133217021689,-0.016034136238130346,0.04365496131440488,0.16786913538065157,0.725854675965653,0.9639834615220371,0.14259269104898947,0.01706297051674227,-0.03586686511647436,0.18833569144669318,0.1177325720658969,-0.22088885828210197,0
-0.2535982090646948,0.17606589757049249,0.014032706839645883,0.198677460599065,0.8832961842587335,0.3079713856111157,-0.0453513064610975,0.14293715158973136,0.007328637702968273,-0.17913628640079657,0.013455570602088504,0.12219395285052675,1
0.08659465262459687,0.06255409598309696,0.014259147828393007,-0.009311331923738564,0.009087588544829606,1.3074533287262595,0.30839362163770845,0.16481161750928705,-0.00757095159716694,0.21573750587874105,0.21991249680609953,0.03769614753812439,0
-0.232610536911579,0.1611890520584329,0.0328601412067506,0.12961705104030852,0.8234030277652946,-1.2304775658200149,0.2909804132230771,0.0687975672771631,-0.040310320380154314,0.19843563758376795,0.012274985603229774,0.13021239253982553,1
0.21294590104552596,-0.04177455203942607,0.044854302108213104,0.20499022086855007,0.1021446056406905,0.7396752679519893,0.12645289078462607,0.09725044504791935,-0.0221233559572775,0.10777884812430391,0.06066195929434881,-0.10533969087049211,0
-0.07183417389633404,0.1481025378277406,0.013609908417923748,-0.10392031523920424,1.163017080963985,0.5414515606559707,0.29907960475558615,0.05219421633960321,-0.02314948151204127,0.2629268579203561,-0.07914901013782893,-0.041660758757081556,1
0.1487923095602665,0.12877118589230352,0.009148803725558138,0.0892714629371279,-0.3675715858007347,-1.0287758418249973,-0.11344597161002962,0.15184726096786044,0.02303674734045888,0.14354381684556353,0.3377189257495228,0.12008240654845026,0
0.1360206083487424,0.011061589167503647,-0.0031220139018668163,0.0329855282562761,1.4021558358681878,-0.36564704362716594,0.15906272731286325,0.08631619375243596,-0.026576319139825565,0.21829021907280635,0.1807166462161061,-0.02827741234116682,1
0.01283582004108852,-0.03930889487374424,0.05920215711101466,-0.18424789740885927,-0.633244537483171,-0.8755531436890637,-0.1472567258685518,-0.000853942443789342,-0.046093236882182614,0.22628736669752667,0.27588778624050464,-0.23892480962184953,1
-0.28006340141106034,0.1312199286138119,-0.007415244731628203,-0.011675173160051705,-0.6412983234566915,1.2053413337891643,0.3104618805797743,-0.01704551639370768,0.07345673660889807,0.21320789028222373,0.35886324782804174,0.08118162413998287,0
0.17884604924786363,0.08535206937516238,0.07072046462459805,-0.16279942774747072,1.2645611433274355,-1.4819149733806478,-0.23285361393461954,0.014571689103468649,-0.02049276848572707,-0.015185807024057335,-0.0009177240246230622,-0.13284301317890407,1
-0.14294033515362511,0.08662210271751258,0.004214157447689245,-0.10801685782082059,0.3704764196936252,-0.190339789736498,-0.24544972834682915,0.20168564091270444,-0.009800359014244614,-0.07365111938359942,0.16196209307890436,0.11944424559820827,0
-0.050712389514513845,0.0011197233010979274,0.04335114595823744,-0.005780626892140067,1.5642004219238557,1.5214078113204998,0.3090781663793294,0.08606037863371457,-0.039281079177106305,0.06506758157902162,0.3436118465219817,0.15065784103849716,1
-0.18913442666662056,-0.013185349611129264,0.005792533546772657,0.1366162003219683,0.5272789436699628,-0.2660715121543158,-0.0794618435617897,0.010294023407474262,0.06406097818650407,-0.012950788041560524,0.019944683797192914,0.05688347611939171,0
0.05176402162031246,0.11477308611073275,0.06660447173576492,-0.1671445882164761,-0.2595648338555192,-1.3965910622445237,0.1416785962232669,0.1845732862612496,-0.005904063804720749,0.17138757471434926,0.24159981186454765,0.17346859014885307,0
-0.042690898558562895,-0.019043469398884794,0.061453600507914666,0.13620805009644038,-0.009666388730457998,1.4105888948704906,-0.05261406084523146,0.12000515284009089,-0.014436245204418434,0.005288955001188533,0.01924770772184284,-0.1852411624441155,0
-0.2921284896063745,0.10406827584206202,0.07144590410177948,-0.07702225139858104,-0.5742086165511924,0.6288050924591031,-0.028489082258734505,0.011856487337205332,0.024934890729236645,0.2345628496892115,0.13970459534241836,0.04169397395257762,0
0.09193441276211634,-0.022366650979712396,0.02343722842116024,-0.16210896688057702,-0.24269557864777758,1.5432669719365844,0.010923734717572797,0.05808644787180152,-0.02135329125382806,-0.062302257079821705,0.3363602414822558,-0.12057469286764716,0
0.10679360329618631,-0.0492351384410577,0.003618496709947218,-0.07826575155819018,1.3669949033366013,-0.3090672050576482,0.1532288872738286,-0.01823465640912795,0.029837011708036085,0.07494687002693798,0.1926072887226264,-0.12785701748079373,1
-0.2197650880358707,0.15646073225962775,0.0436751766023525,-0.12030089225087864,-1.495252683593897,1.0500287004004007,0.007705946499011573,0.049555456897919875,-0.031070415551823553,0.004262946375068993,0.2006409817871972,0.15187654782975835,0
0.09061641197011383,0.06289983000654278,0.06189125353962954,-0.09160011548692167,-0.5721976704259604,1.0369909943142896,-0.2254986042796938,0.10253993258881616,-0.02348123502226947,0.12550839718857074,0.19937132303027238,-0.2248206973835677,0
-0.0876041461845963,0.08983571745644223,0.05675447771490155,0.13505197890300596,-0.39868457824392767,0.5216516686148467,-0.06241415631519165,-0.060685101113236495,0.02947721857027677,-0.09631481830976665,-0.03471286980270398,-0.14001776403319782,0
0.16216471559353635,0.16316396734756047,0.0792935682318864,-0.0819214265842379,-0.9541820848462317,1.1413411519540018,-0.08345900433802439,0.03930955713438511,-0.017807438309461302,0.06777163903195674,0.20965689579117125,-0.11384758586564217,0
-0.2988530113228387,0.11977751248621088,0.04795692306586895,-0.11736046848371001,-0.5200169674235613,-0.8134939911572655,0.09733906790661884,0.09492764664805473,0.03324303309987048,0.2573511339177399,0.06373111992651156,-0.13019194742688367,0
-0.09664123520751011,0.13562262008696518,0.002950620281827191,-0.12250695404029692,0.9004850401626465,0.25993517294241353,0.1039269075990144,0.035804103649859434,-0.012870333524318406,0.15821781919039526,-0.0770434625201416,0.06922463559570691,0
-0.19213271255175035,0.1604295582484749,0.029532280124804442,0.061584986153440935,-1.1918215594318644,-1.482122204084053,0.1380981530422179,0.08299610131755267,0.049834609195699986,0.06332338555379027,0.16856861481520286,0.12128534319012724,0
-0.06913710087969646,0.158545835864194,0.025765882553473656,-0.07102999441536931,1.5001283043999496,0.6010512421134104,-0.16781416818849404,-0.04355582664870849,0.017057535314815978,0.0954107534979581,-0.08679778802855219,-0.18222266841768076,1
-0.1392052958521775,0.01217676308046789,0.0007870929480661738,-0.13687052605886021,0.8268384952523864,-0.6447798809940181,-0.0960843288396043,0.007119374224805811,-0.03773398821193912,-0.04310567635116089,0.09032536224355908,0.14128820057019603,0
0.11352179451542732,0.057228077250974604,0.004212659961777885,0.06744618211115105,-1.0146945541438357,-0.2749701465988199,0.22377824231046284,-0.01490550010887727,0.041056357231814986,-0.12500031816080598,0.1825862803273796,-0.14904867874594918,0
-0.0020176064451057907,0.08670663119911615,0.04813154377139188,0.07870682990954747,-0.8703457540094305,0.5843259634704452,-0.17799996416430422,0.11649289111624747,-0.032172653120352966,0.021650310901392494,0.08516230413858741,0.16880128642769926,0
0.049099281437763154,-0.03801314275603672,0.055610776936119335,-0.1278699721797178,0.16984023125179326,0.5002889081797528,0.1818744658279477,0.1871076577416429,0.06935298859593801,-0.1315362168498699,-0.06393745210647382,0.10833739989633662,0
-0.14742146702286626,0.08248433293770671,0.08083096838069571,-0.13113200798370517,0.9556629857943275,-0.9868126890128192,0.10878842443050546,0.18538149780491525,0.03223177950746618,-0.06560052771502861,0.27628678093002745,0.07816530678323719,1
0.2228003435031311,0.05650043421387023,0.03762716060764272,-0.07304693654099101,1.1813531280360416,-0.7258825326901375,0.2982553512325027,0.07752009083251885,0.0732539809254027,-0.03950860636650111,0.29679344008745234,0.023981455220911274,1
0.09857893753611358,0.11546431722145048,0.049703221203139275,0.15037373935077358,0.25509232721819974,-0.05197575503033591,-0.16131689258886234,-0.009657986699727547,0.043094016694595505,0.15597406789496496,0.32069050010431693,-0.13290692945244625,0
-0.2805892119775568,0.06412678798769368,0.07145202225978281,0.2007381857447641,0.7735042197362778,-0.11272328643767482,0.2323315181504757,-0.005952970139721389,0.06895141044019111,0.06503204535382759,0.08634793867024748,0.0007970128675736099,1
0.13697899616008757,-0.0010040464659763285,0.001218150706604474,0.09997967347108572,0.4654087115904664,0.8704875026258232,-0.18495529853643689,0.10759570169425631,-0.033112116150176216,-0.06562296255405611,-0.0771023366145139,-0.040208006287967474,0
-0.12841367589376793,-0.035743620232276355,0.020028119431277525,0.06381419060336191,0.6472505698531898,0.49956459577653445,0.047895544786216826,0.13664084005211086,0.05740357311209565,0.018019457319651128,0.23332505394354508,0.11042587327837705,0
0.07323770941355795,0.0689503100881465,-0.002590238408928659,-0.08733081506623913,-0.44282599272108536,0.38819756899634994,0.2829933189351681,-0.007300378265671099,0.020793535285796222,0.2755974854516057,0.19116664171873676,-0.1615557738076147,0
0.23804286003203962,0.02242480215014464,-0.003686129363208183,-0.027585936672580663,-0.2796812835600182,1.172393583040473,-0.14016266705266625,0.15425873632074025,-0.043319397948719196,0.2448040947108158,-0.072261487658695,0.15625383424701217,0
-0.27048078848114265,0.1530739445761067,0.06745584972035665,0.0413470801628697,1.0850101776195735,-0.9615575794247909,0.09018524753067558,0.08480531574681344,0.03220720123144162,0.2641303910810767,0.36327302475606194,-0.02583650173181215,1
-0.26009270554376945,-0.026864504270552522,0.057378237768814566,0.20517600776362788,-0.8957731002811102,-0.8514219874636088,-0.06311457961545278,0.039274412386858915,0.07851990244957889,0.12444347694214594,-0.03768943599290837,-0.1057296246703674,0
-0.2848976049081272,0.09959456940791872,0.053054879264169824,-0.18563399689256732,-0.6689332390372695,1.269584217943603,0.21116250943412962,0.08930456219598568,0.013571206402423916,0.27640814880653397,0.23840681311537498,0.1623934509417589,0
-0.2716888905483692,-0.007818077525461063,-0.005207986695613969,0.1569641033178446,-1.1243959955452565,-0.7553629978050235,0.29648100578506664,0.19020575674879944,-0.019415600784297722,0.10480780424743888,0.21369384372854316,-0.25080285846891887,0
0.0823530275716215,-0.005579479194890928,0.07381097292899395,0.14453108773092233,0.07834000360256166,-1.5256984958466426,-0.17203259379663569,0.03280760095529163,0.04202690362029593,-0.05579843266779694,0.23285014984063107,-0.10612948078904802,0
-0.21080126827984424,0.06673155471345593,0.054279697750625994,0.00869957739489377,0.8425161174063376,-0.9357550739840658,0.1830936127014346,0.10933590828582371,0.024986472453291095,-0.00020299105523474692,0.15321633577776808,-0.230333806586231,1
0.06969866229506666,-0.009703527100336416,0.07007256204752743,0.1334707618383108,-1.1450774821880776,-0.06551580966645565,0.12084315739317342,-0.025179672502972816,0.046066284273150626,0.27787414247856757,-0.07281713362695608,-0.14587121023195018,0
0.03013021344758876,0.04164655252279803,0.04986009147466511,0.03795690710762248,1.067864930115136,0.2760163871770658,-0.012417435486444195,0.16488863070158105,-0.0018881214905127064,0.03374427614787723,-0.08167968907278964,-0.15490748855250383,1
-0.04678545335131484,0.03769355689525927,0.05686101391714861,0.04872650731015299,-0.9567973144543492,-0.7422089614952018,-0.12785244981567023,-0.0578684568934456,0.06048999925318929,-0.05292265587666442,0.0670436727996013,-0.1835593452528274,0
0.08477803747025714,0.008737532073902834,0.008016090835407004,0.0028636611121249933,0.20294112640242745,-0.567307359544386,0.15050470309178504,0.059625973923341916,0.0033145053802072777,-0.0378387482898668,-0.025027511428157886,-0.10766487120647714,0
0.19161351366344154,-0.03461201469394213,0.07898514015597818,-0.16449704064158893,1.353818333364696,-0.9127530872590345,0.217545349055293,-0.02456546910908152,-0.030007839001631797,0.09556314229270738,0.04220715188873109,0.028177776813980093,1
0.15795954453553268,-0.04077463002403303,0.06865102907726092,-0.1940513565677699,0.24221156301602353,-0.6134700013372523,0.11890490006788945,0.19773083534048122,0.05636972684655017,-0.19421288697622516,-0.08979709951899466,-0.24349312221532324,0
-0.053524562602062176,0.09236455385291822,0.0356868941855613,0.07631050077208579,-1.1755809278874019,1.5085467852660719,-0.13656705273159692,0.19994380484927812,-0.004031808091484429,-0.05508358728576432,-0.021733028453272657,0.1774245619895094,0
-0.18055378392343477,0.09807588062148581,-0.004214908024984905,-0.18183964943564696,-0.9090516981168443,0.36192923582969994,0.1262613833407069,-0.001457851803982009,0.07703483628192682,0.06082899501683639,0.35141326338429596,-0.1810435597519811,0
-0.08037476511669006,0.022276890577513475,0.0605313448373446,0.10608884368877824,-0.7393239020252791,1.539302314660407,-0.16606953274459055,-0.04924102127133325,0.059544106661129456,-0.07244703344050801,-0.037663599966845235,-0.09828315474902777,0
-0.2684168411504128,0.17896389533872664,0.020571185998019603,0.18450529002022975,0.625430759347388,-1.4879608552187247,0.007775926982727277,0.11922908767995577,0.03915274872608701,-0.2110058582964648,0.3231953337605302,-0.09227608936222886,0
-0.11010398597979623,0.03955050107028267,0.05419389145854281,-0.05098212589960596,0.2586422767086922,-0.5232421677547434,-0.0262967643696011,-0.02300649909193534,0.06063189002894519,-0.050248131012231106,0.34744733204515804,0.045612137642633166,0
0.1209995449198103,0.17138598213018238,0.013663386949099316,0.029876905406139853,0.34158518067757937,-0.18802371201097734,-0.055274594933652305,0.11793914618958487,0.05760049085722639,-0.08900328938406374,0.2506880672954634,-0.15485641177277273,0
-0.3092787026173436,-0.046245636725424324,0.04513846593624243,0.00022440684903640706,-0.6826483149512153,-0.7558230906217004,0.0613340116754747,0.1536644674720379,-0.03921245422445342,0.14919850009504357,0.1983613513805576,-0.04375658697498297,0
-0.2850222879125955,0.16549540042291314,0.035320875491649015,-0.04100999423849677,0.23278957338849193,1.2109413639484063,0.15352780993673004,0.1567723667278876,-0.032135753803931535,0.16132571094823886,0.05832871003475226,0.12530824966012322,0
-0.10037615457964941,-0.04627220863173584,0.029594662148020773,0.10998042747826442,-0.37243553386423023,0.5401525754880414,-0.24707933335766932,-0.015685652036982467,0.02359117845689737,-0.025040805760975893,0.2192094811072074,0.16671394800307576,0
0.06576486409361187,0.042174819946629735,0.04121619239184744,0.17594892107864923,0.3940863764034379,0.22503566089402693,-0.09294423651065123,0.13428582522272653,-0.030219803407676184,0.15579828386875347,0.3112140112898575,0.13956802482687009,0
-0.2458727171399879,0.14267115657948468,0.0019497388337404963,-0.007702236844265797,0.38923792639281185,0.9472588839818703,-0.070718701227307,0.11828800623486979,0.03593094472043458,0.0729941117847033,0.1498817366625144,0.054851550301354635,0
-0.08155785209102803,-0.042748472352073345,0.04077038591630443,0.09589407168138525,-1.5009932281251988,1.510035633918945,0.260385511674473,0.16586591897921077,0.030546434048575863,0.17407339673803654,0.35107387869961604,-0.004596388349792452,0
-0.17268221166042297,0.09612340014844598,0.0750163986958376,0.0818136900543942,0.526883325262619,0.33640765236596826,0.16881965056979015,0.04372226523189632,0.07736504069371973,0.14185743884572957,0.2855759529658143,0.15826912465050214,0
-0.29004895306028566,0.1291596658386964,0.02704906092646901,0.15745338295347872,-0.72858401420564,-1.1380800708158467,0.18359684516734037,0.14749702995409963,-0.010287437702742055,-0.014514595391082935,-0.03897376934190039,0.10923403611957355,0
0.05781692900562185,0.0897661691354388,0.014312029812227192,0.05006072110871218,1.3357314941186134,0.06295483966143745,0.2321497576324134,0.07655134194266577,0.05465251683272272,-0.13460193677382742,-0.045211966325086575,0.02214447132084807,1
0.10415446629185765,-0.046576122920384516,0.010215403637265617,0.017184956480336328,-0.3414140601857667,-1.4057709344297786,0.011586849468359917,0.1812185546595075,-0.007861370170214876,-0.13253610035082142,-0.0881079304239372,-0.19958277947431677,0
0.11796759782747535,0.0488886349096925,0.010012154685426097,0.1844888011916384,-0.41852269884560145,-1.307833933029579,-0.11179457171954857,0.1620824526703319,0.03993374046550888,0.2529354592243016,-0.056702575213143015,0.08519877122779845,0
-0.2689204319551983,0.022514761473741166,0.06013124488755123,0.09063281603549783,1.490807404101029,0.7100713828599228,0.1832339132244592,-0.029175830493664727,-0.006503663924899296,-0.12498371115144899,-0.040618641279091844,0.11186240461502106,1
-0.277564861790227,0.07108890515726385,0.0548647299995,-0.18559448178098611,-1.2380780448768798,-1.0435024225586784,0.21505819278965654,0.14838994296666136,0.05280663853331696,-0.018416921824472354,0.2842542953454055,0.021853159362435537,0
-0.0955277687373563,-0.03984902392031086,-0.001965543267976969,-0.10366245690826918,0.5452469849749157,-0.6979701402963009,0.31138678840551626,-0.02454139850580095,0.07169140451640629,0.1343455937511027,0.13625783187689336,0.1632870057069668,0
0.09664411941976692,0.08512231071401777,0.010993001859474244,-0.10660375434876558,-0.4058830577888761,1.4768556409316125,-0.24879741780058964,0.007864960802171195,0.013055186026856812,-0.02670251286505665,0.3359963157059169,-0.07023126942557681,0
0.19723576078203003,0.08536797615011255,0.03955997385570366,-0.142218970086189,-1.4552574948901613,0.13867341401832922,0.18403487307735988,0.055778103038232815,0.06741038060029683,0.19023478409658515,-0.040330909511280516,0.011376876522571855,0
0.14548880965549876,0.13742416990118142,0.0002611939272242278,-0.11498788388746202,-1.3179197732327328,0.26560629226884536,-0.2044333325857923,0.10373905327536734,0.0164699658974449,-0.13932322232452604,0.1763585148995117,-0.2255401816053435,0
-0.09302817528794771,0.13356866036938944,0.07278768429127776,-0.10626950113019167,1.0424243409961675,0.03346670104668137,0.08383787116042851,0.1971815132475732,-0.01667821637534359,-0.18200249915980743,0.2938004467804861,-0.038714397720947674,1
-0.11401571456651374,-0.04604591859840919,-0.002164808199141264,-0.171590666497774,0.5484612291431297,-1.207263451857556,-0.10458884340050903,0.15351656396433508,-0.04544521868280341,-0.056547657284214764,0.3224683206933378,-0.1719529692014523,0
-0.14982770114228308,0.1418508593156927,0.002989921655827869,-0.18745751299915514,-0.5202167925534396,-1.2024652895384615,0.11335654335521339,-0.028919759937219222,-0.01997637303222368,0.01200755093253289,0.21691487077090876,-0.12482044110041071,1
0.19470092192461513,0.13079777983361415,0.04205103931490621,-0.015812847695694077,-0.010386697810819134,0.20834960811729308,-0.18937430785823103,0.1629285865898794,0.014177523387970292,0.24787380440475246,0.345014531513645,-0.23917292584529742,0
-0.09220219460653631,0.06869500233217893,0.040964796797988465,0.13771913886913978,-0.1641912146459341,0.6323995462585652,0.27819074048666614,0.2010192171768377,-0.04662859788750671,0.2663432990947544,-0.03570484635257846,-0.018669200581733242,0
-0.1714270355982693,0.08822513176544627,-0.00467082634961199,-0.10918723903037056,1.3577801598463444,1.021474591611476,0.07037632057857224,0.12473699549613446,0.037851147440789074,-0.02158014958563062,-0.08513246348439185,-0.20593668937404355,1
-0.04956563448795975,0.1698130980822981,0.014555365399373531,0.08526770280856538,1.391473125209359,1.1204221330836048,-0.09759414239660921,0.18372358637377006,0.029220499959581175,0.03603562999449386,0.26408122015015184,-0.14857475836305173,1
0.15336879237656548,0.09883989191095163,0.06455319462542747,0.15180859985478712,1.4572425204313506,0.29012869162429866,-0.09512720889281545,0.16963931009837316,0.031627570829506,0.22540293951130766,0.08413896401829302,-0.03270483149027273,1
0.18205734476251645,0.12614163027795938,0.026245865651037866,-0.2003734774185996,0.8293882945619446,-0.6035330960871259,-0.007470679029969951,0.08190799492080622,-0.021989053109265803,-0.011749435795063268,-0.016980101833073025,-0.16083321706489728,0
0.1727513590441606,0.028802602482226436,0.06594770018808402,-0.00960334068567334,-1.0897428472110426,1.488665286331077,-0.17587200020851196,0.1208675573001558,0.06771127857173635,0.16239746661666185,0.2641017684143447,0.12285671524125968,0
0.13276650331356615,0.07901210788537139,0.05682663639333872,-0.03409911244918831,0.4811914266982018,0.011545425298307599,0.15028584892888203,-0.0033743685173746943,0.07310885088666957,-0.19017102918574183,0.24469485264992408,0.16929437343744824,0
-0.13541450205855599,0.16278979967352944,0.06701128943348424,0.10462532679881181,0.9218475171523808,-0.15921979639852046,0.018997566078724992,0.11613553650294806,0.004335862959268917,-0.05502333320177383,-0.05396313455723323,-0.08790065034903108,1
0.14798516654886956,0.17082191492331592,0.08051535412035299,-0.12263328045144765,0.9395970939572023,0.6555257054102814,-0.1655821750897863,0.09126545401475403,-0.0018880028802388121,0.2513780567414897,0.025054460592061054,0.11113736512651862,1
0.20171176911523997,0.1197688500221751,0.011460692780352513,-0.09987155523888926,-1.5125865410393107,0.8717663797566695,-0.1997164086262549,0.19622741831984344,0.050648718841750415,0.15411535399256712,-0.018345058161309838,-0.03958199189241321,0
0.16953507287070402,0.020616690781055158,0.009470966754002118,-0.2053131921786102,0.0019871714632639925,1.4444730299632325,0.23249951621224368,0.012437161019523357,-0.028679161013280916,0.2603296977823044,0.3492334931733652,0.04582810791334885,0
0.21979839588943934,-0.020076252382315675,0.03376810323220371,-0.12363389985820168,-1.1423708181190406,1.0487598773151892,0.2216478523871076,-0.06143143161929583,0.0015043005246159202,0.2770118895929229,0.17769848062908872,-0.12353635223851706,0
-0.08961323501719029,0.019080214672435036,0.032611030570416644,-0.022037518102784315,-1.2202570989094355,1.409607056887095,0.03128985180381366,-0.05513158138100936,-0.04100345946178291,-0.03207158317386111,0.31275956841777447,0.0919158380328629,0
-0.24956484642963667,0.06104729284611703,0.046866356824793884,-0.00652182166527529,0.764877333274643,0.5075366261182179,-0.21164903550771408,0.07378838624117753,0.01709132697146447,0.06281552333847731,-0.015256798409499478,0.025501458892424222,0
-0.2873170597825694,0.12104813489553759,0.05218499345285012,-0.07025660603574194,-0.6132055656295207,-0.8043671451577985,0.04484935167667725,0.19938485250561563,0.05739713973389911,-0.14776449054997245,0.17849600140712385,0.00045571853680120844,0
0.06179717979161936,0.1696819869566537,0.036645800155856736,-0.17722791176521224,0.9498736418638656,-0.31335118910092974,-0.05989332471853376,-0.055365346381174615,-0.009438653708399164,0.12224370336912008,-0.05224358925728316,-0.08879086927800803,1
-0.2363844171040646,0.05644237061888317,0.0048170763626990305,-0.16384583037015954,1.094043053659713,-0.43355396838484106,-0.17788529673251052,0.0941453186708994,-0.04237774316422073,-0.1998558908395524,0.10557399246909555,-0.09352529663240008,0
-0.0003418353699589649,0.18252738655380132,0.031440382235308026,0.03358324782234512,0.5028848749788344,0.46923460649535653,0.18470834207494008,0.082545805177871,0.03292797793643473,0.24646388121836596,-0.09121665564656853,0.13987616161224997,0
-0.027260834839724357,0.0883160814397213,0.03283436856352759,-0.09963923329758358,-0.752688427522559,-1.0601578739226327,0.0936760275344024,0.1684364307703268,-0.011016148387390692,-0.07828838409552075,0.061869569607241964,-0.15191754312498987,0
-0.027100967489271877,0.16858204913532904,0.07151760198952675,-0.0006409828537519979,1.3693429074179264,0.31729798764128536,0.08695006082337509,0.11827291579830293,0.020038099349128174,-0.20295075527945972,-0.05679528234189948,0.17160144877069733,1
0.1153112828263424,0.1715067468549824,0.022797508618786416,0.0162048067772462,-1.553620751856232,0.4305067901273725,-0.10092470170336229,0.12092966830291357,-0.025700521457812552,-0.16400242856918834,-0.020434386167399135,-0.021933967715157904,0
0.17170250190136344,0.18393916853226475,0.04850953823972258,0.015635845434218143,-0.5607365686110046,-0.37872820827112563,0.20107837280038576,0.13800323823751706,0.01926951888442642,-0.20482050682626052,0.0008382954278594035,-0.09151418736799921,0
0.22716182308940364,0.09604467160227748,0.038285796785651485,-0.0034623702375339294,-0.9834806699506584,-0.028323307617802218,-0.21277754477409902,0.11649576137696252,-0.006169121525077335,-0.05467319627253778,0.116204740814461,-0.14682312567247247,0
0.2159647210678169,0.14683415970718375,0.08196247368653159,0.19781406209313873,0.3044566153973378,1.222252536258791,0.13673733486642942,-0.05834252819634879,0.07817656275542713,-0.2108460774093986,0.15127848817890746,0.0387179609245486,0
0.2116302382743111,0.09742049308272313,0.0461745637462183,-0.08296604649992598,-1.143680057611985,0.3398167580825122,0.030987650651393805,0.1436238293343102,-0.03907694645427069,-0.049818255678898776,0.3469660424984861,-0.1116675416632224,0
0.04396306787822385,0.06715080334642193,0.07701685708957694,-0.14112988631738582,-1.5341126095729356,-1.4590718236170444,0.1181797080282832,0.08106417567770738,0.00218896262517803,-0.012139263861719679,0.3355941312789331,0.039752583483792625,0
0.22020721339249733,0.17733872551754717,0.04163788834687758,0.047884814678534116,-0.06929702437671659,-0.25110661896490316,0.11405150702456329,-0.03221676218092828,0.07164850933801759,0.11171693034445726,0.3058955133387612,-0.06754650335337262,0
-0.040440385751100094,0.10831501592057824,0.062468123921990484,-0.17677251562590868,-0.9575957032105179,-1.393780339301163,0.306927853720386,-0.059454033232119195,-0.014314511963774909,0.014422873095857214,0.010315807241865371,-0.24082577582523626,0
-0.0032538029889708775,0.0987024715865876,0.029747379710137436,-0.05357761015254861,-1.1747865996174067,-0.429432119045698,0.1945204619762081,0.013403927856699971,0.057409522442162395,0.1924780119810451,0.030765221880195162,0.0331228185300258,0
0.07847251991685966,0.048326769901333486,0.06222985931231398,-0.08020725500890735,-1.5432951461966824,0.5025612110703854,-0.1640606925098374,-0.02345490210444165,-0.029868741809216358,0.27901675138446413,-0.01847959748766871,-0.16968864261894925,0
0.08579871008529077,0.12552412834764373,0.039826633970052344,0.20547426501847404,0.9075420217082242,1.033222939695649,0.0835987846293132,0.022413110318662666,0.06619484942588681,0.058103245923082664,0.021005764787555323,-0.2140655335500843,1
-0.2513056720518494,0.15910238348438954,0.0146961994105131,0.17348806979423648,-0.31856831336128355,-0.2466069905802999,0.21494463540555825,-0.03179861900685445,-0.03699093183351484,0.1824241389812616,-0.05587253722590799,-0.1383524769340821,0
0.14686931137235087,0.16159963584065776,0.06167340762695041,0.166253923128048,-0.1621428150102473,0.9359725741248079,-0.06824280706719701,0.14509900561440348,0.03832379230256956,0.0689936062232668,0.36180835283201424,-0.0479273437541361,0
0.042467001482094924,0.06471974035213258,0.015622641482947251,-0.07028120425276935,-0.5387357551520766,1.0011383374378007,0.1258236435293214,0.08742308482494174,0.06497252946271544,0.1597252901981949,-0.05469147549415559,-0.09773018716180082,0
0.09562326306884283,-0.02019240205158078,0.037681633847278656,-0.07560623233750668,-1.0121106673578497,-0.6904686327497231,0.27053020977548914,0.13513331232916861,-0.02240593770297504,0.27426180903320285,0.19664796645757554,0.16824770353631147,0
-0.28832780630853655,-0.017241257876543792,0.0534641920604815,0.1735617998488581,0.2713021403891094,1.4525251535368013,0.07300913660329855,0.20180451874576635,0.05353735765064406,0.24202819020062552,0.21685059788059108,0.1296102152204443,0
-0.02189565721042963,-0.029254478450271296,0.056398140748340445,0.0443278625500198,1.1923745023449095,1.180154306870145,0.18649286372146223,0.1544057732493959,-0.0017075082968997651,0.24411402670895713,0.07738340713038397,-0.2057007236132238,1
-0.21722655847516598,0.060970434786874014,-0.0007810792987488031,0.09376218551718307,0.46508676777595137,0.7259617188157235,0.2496796430013768,0.18980627246481543,0.008872028635691871,-0.17200299304995423,0.01411801398249049,0.033889909380156014,0
-0.07998190064073626,0.10737783461264203,0.05250968027055887,0.04597368368159338,0.9335887166742485,1.496280653558564,-0.04874741073992156,0.1554655715244602,0.03863864952644064,0.10377798679490471,0.2155370277535517,-0.033369249360531233,1
-0.29001840678317486,-0.010505278085881017,0.004707081350468807,-0.18288621472903457,-0.8982853837543017,-0.35349639676913136,-0.2008476836430111,-0.03306951339765063,-0.03214393141816676,-0.08234578497577816,0.0008429360322193963,-0.24647132409413663,0
-0.15414209823461256,0.1832119108031665,0.022521538741680766,-0.1206323793985289,-1.518895926430417,0.860356301377198,0.05649123718804566,0.04341151962700475,0.06586512137649769,0.24418979486300876,0.2342336815851394,-0.15860102726120728,0
-0.040909506896192216,0.014904492345971188,0.06445433919331175,-0.19760713532349355,-0.0009361605536697404,-1.089700453003601,0.010964393453176957,0.022875905809146696,-0.0016308342161864692,0.11837978931904333,0.1805216117183832,-0.14623282138855248,0
-0.28772049124787574,0.14903922409360523,0.036670750413399594,0.05162238549947151,-0.8198824162637752,-0.6192404315608696,0.09546852610176781,-0.0585554884675669,0.019741131917180063,0.032910276902679586,-0.04776262898181001,0.07233646258707849,0
-0.17745614923417402,-0.04621827307567848,0.06489760283925011,0.1557864047464531,-0.17933679756061238,-0.8332764860684216,-0.26463404673258734,0.12815874022009277,0.01105901099704372,0.17698893347247754,0.08802480549604666,-0.0996319787003436,0
0.16954784915396975,-0.05008656891049141,0.008962447159652873,-0.0357164707683614,-0.2817239763794619,0.7762954396831419,0.06546598334613601,0.03755094816113552,0.032013926705329654,0.23379707192443397,0.10988027292240243,-0.010990804573058649,0
-0.04728176062997047,-0.030627653075767033,0.06398537995827157,0.16426826646718934,-1.1261599518203058,1.4492383333455041,0.0034522543556790297,0.10995872132926976,-0.02655225478140903,0.2684475229188036,0.1736959372616539,-0.13857805245484184,0
0.14923523454210796,0.08337718945624781,0.0782019465192638,0.11556075362309248,0.8978093162373122,0.6134808147832771,0.03198151420133821,0.1377247784040688,-0.034585989385886085,-0.18941675509098477,0.35787974707938985,0.14656472381559615,1
0.2354443172145428,-0.04430863518048907,0.016420821456540197,0.17117866870144638,0.5437394469596353,0.47271147852757234,-0.06991877418857081,0.17012340504201817,0.017815020565064427,-0.07214802730910963,0.14799603643095094,-0.20357349188438603,0
0.10668813952703082,0.09113549648005048,0.04651417167067383,-0.024845482204150726,1.2965933184013558,0.10784845050761915,0.280758561793082,0.04761539617904717,0.015004512743899981,-0.029777846299598315,0.35978720116028684,0.09424169127879645,1
-0.25782135611299695,0.08865974966400886,0.03597408687014075,0.12544217832166482,0.10202742155315558,0.21839967372088376,0.2332268712455492,0.07037766994343833,-0.0005134571954595463,0.10295701323096904,0.2508439492630447,-0.15344393348300678,0
-0.023993742537056995,-0.03178020516933645,0.011612839286357257,0.16285765155203152,-1.126198388188314,-0.4225473919342717,-0.05179595040344176,0.11292020060360153,0.0675758334418782,0.1712409599897571,0.28580440220087056,-0.1388019555447475,0
-0.1052846357480813,0.11901845497502583,0.06254354634079795,0.12404723137532014,-1.5421161931433507,0.6451231137499185,-0.10014127043854301,0.1865682453317703,0.022354605657202334,0.15811782379143022,0.18221262271148014,0.15013921464492508,0
0.1856077624152393,0.004173595832561161,0.07230277218989345,-0.08310129840057442,0.47299412633702276,-0.3393539072471481,-0.07991808882243265,0.014355268183394956,0.036917670184066415,0.2797943121195109,-0.03166299379935556,0.05281337584499157,0
-0.010474460824205,0.040531530329300874,0.06005769139510733,0.024611818758422582,-1.4970811768068866,-1.3215254267399614,0.3028076916121152,0.1518820226418783,-0.0394338349025369,0.17058630631169172,0.2052876887763065,-0.21344185968893933,0
0.03457498154423877,0.12340636709019304,0.00987317539797352,-0.02608525675967044,-1.221669964112577,-1.1325655712055942,0.23963900934434212,-0.017870081044231413,0.04997138589964395,0.16984793771805448,0.11315048069894756,-0.01756829986316555,0
-0.22466421057570735,-0.011957989406715386,0.04024465405742643,-0.11495845545026877,1.3176698280465498,0.9002244944258952,-0.23474542022224743,0.03209956004796241,0.060991750532761305,-0.07856371556872102,0.23727485507565504,-0.21169528866565313,1
0.2210305272857485,0.049966343840078656,0.03660345994301473,0.030950313003704655,-0.9574475467594955,0.323828907059593,-0.2590573465632408,-0.019641459476614047,-0.02395425192222656,0.09901758455367168,0.3153450749311778,-0.22483246141316232,0
0.17624425913563474,0.14014523285536243,-0.001075044220180836,-0.149391704333976,1.0001446053990095,0.5907840968386002,0.17148899383364924,0.07075680805299181,0.004201494981837632,0.1434791037916763,0.04227510610903468,0.1270665089011453,1
0.06238318222814648,0.02491276710605146,0.040989968062979734,-0.10026072730405546,0.08364178120280874,-0.23707662322992729,0.25166285851259884,0.1960821747534124,0.020062511518691817,0.14598379863809643,0.16990064969607482,-0.21266771642067311,0
0.23358409589855816,0.051742493215352764,0.07315212781608468,0.0672110100147883,-0.5834325479845469,0.06341366160924422,-0.15411915131597434,-0.017617114784640293,0.04280801408098098,-0.20133085937271242,0.34985645281730926,-0.05657622403162785,0
-0.03181221710534027,0.013444190994998731,-0.00025867258376850895,0.0387340509404725,-0.007326162146219728,-0.07998963232000289,0.05424768369846461,-0.005175575833121268,0.010657306562462762,-0.0633711654945808,0.01798306860013478,0.0827129931243879,0
-0.30592239596950543,0.006002682413657201,0.04019206646798472,-0.008653811897369024,1.1301062382132205,1.4396203362534508,0.16761975901983572,0.07340340779642024,0.006503002417519922,-0.19808108090831938,0.28385228257766054,-0.06494386224434706,1
-0.12863555278404717,0.08828441394517275,0.06044625103430029,0.011174993443746867,-0.01258714801533567,0.39328816413982404,-0.20216896698814635,0.19384807910177018,0.00822453768253393,0.2534703325137684,0.3263321669829347,-0.07559181834793158,0
0.14616688951143153,-0.03763148914117196,-0.0005203539200002525,-0.05946278833247082,-0.41525526413240943,-1.2156813219835039,0.0307464980936899,0.19545454367768036,0.060994223948998005,-0.10087868090105698,0.1497173100866627,-0.17789075982822405,0
-0.16173821475415173,0.16535639841742045,0.08256993938281498,-0.10739976026212467,-0.54834205287362,1.148703962852024,-0.009383676224045179,-0.03893287263132448,-0.029169746922500846,-0.005434946939401469,0.016016949300018138,0.11548162379999816,0
0.11835799001888858,0.07115918417267714,0.03125176478302978,0.14135235918971867,-1.4922274707843899,-1.0670426761664047,-0.23908809061069133,0.1816375995912221,-0.030298623596042493,0.18672199104754125,-0.08329403913168862,0.10247677820905376,0
0.022288692427958112,-0.054864478101180676,0.06226887779193127,-0.16700779495637277,0.796408501722554,1.5230440496515845,0.1719996767621934,0.16308200940716877,0.01099003190414058,0.15984940270394024,0.32723455185332234,0.04764738602593849,0
-0.1280486741777484,0.053368784262756444,0.012851862919228692,-0.016152242671053557,0.20534061076592813,-0.799809210849991,0.08559497273253514,0.10491457727367043,-0.033920062244151394,-0.21550163283578075,0.2690126092056652,-0.016336303712045863,0
0.2216154707598295,0.07137863559272384,0.011460805961629617,0.08533443908061228,-0.7990270100771862,0.7697314946407097,0.13407018390633046,-0.006334458986259617,-0.015619597001999636,-0.20063883115277525,0.19508546482139605,0.06617197430971222,0
-0.18053523180453224,0.13357376866247173,0.061163015041972385,-0.03671526423953536,1.5000076915672016,-0.5406657889738742,-0.17172940593973157,0.1910045938373219,0.05583087967624942,-0.17733728566524698,0.14304310921378616,-0.1363029377102411,1
-0.29432852007506266,0.019016271337203808,0.00355233037929306,-0.11578227695841592,0.3050763928810738,1.2853234838433452,0.0036918909757835405,0.07502147167552764,-0.000969800794078865,0.03104544078166621,0.09936621441219212,0.16753489920512787,0
-0.27395148824389504,0.08324569111012314,0.009551060046976947,-0.051227266111791736,-0.39562898450432926,0.2945514884899074,0.29853068431556795,0.06799416962107402,-0.015307711997446197,0.1765384564355482,0.009690245630102054,-0.031348786261741146,0
0.17294742858782947,0.0388703162201897,0.04254318956560868,-0.159401535980904,0.1232982583074651,1.256034849369393,-0.16393331766189811,0.02619553675579439,0.016116208995383755,-0.030420473568357143,-0.04706749075576658,-0.16678121584098338,0
-0.029695526409993678,0.04739762925253718,0.06444674561904051,-0.07813468454857736,1.2794002748647453,1.1696025959053606,-0.0757037729052557,0.18849124181461993,0.058715560570158795,-0.058952694343126555,0.0890530772336856,0.11431667586019867,1
-0.2633688209883834,0.012286384467728034,0.040234782292374136,0.14047152498847343,1.412199748170668,1.544567697094397,0.2894916489077709,-0.03175058521003254,0.051051010695643786,-0.15319391389068315,0.2432641341115584,-0.01599515863036763,1
-0.1609431258713029,0.07286417002005505,0.07182210790620472,-0.010328845343509863,0.6386946279784478,-1.311089675015565,0.09874783731723052,0.11673063954154297,0.003061060238976239,-0.09576316912829023,0.23556102173381066,-0.12006687538948047,0
-0.2702970487448833,0.040286220832322805,0.04092330876422419,0.19827062292764497,-1.5280115020015004,-0.10865134727263936,0.2142756983406081,0.014543030651575722,0.07378585375406978,-0.05481240995762365,0.32398763146845583,0.13029960173351984,0
0.18286060328098225,-0.04990663828533711,0.06913918115979056,0.09498288173219116,1.214920875918896,-0.5120766967306429,0.10296127344469724,0.18696382001935213,0.05105336547542766,-0.0036122381190889508,0.20333116333524792,-0.17159140003632975,1
-0.06956590239706287,0.13327226957234034,0.04704818812871031,0.12117127389347354,-1.4086660178489943,0.3176659623970244,0.16237341680391132,-0.03774131517162627,0.07623788379005772,0.2543389371219781,0.310670349510873,0.13261867019659535,0
-0.0195947728453415,0.061806099159850164,0.06643430887991925,-0.0901960951535156,-1.4009882363333397,-1.5567305917159715,0.24143509873962032,0.08054480426182678,0.05906158988382178,0.028461921338177876,0.18643244800899422,0.15113418773607235,0
-0.07285289006968812,-0.005836203553144355,0.00022842800572534655,0.03946809213499847,-0.480359432279861,0.7124178214466685,-0.24598379157702946,-0.05528322045680424,0.06568443509404627,0.12886873259480738,-0.03976765364048825,-0.2200423992141573,0
-0.2199061914206102,0.1370769808367386,0.05762660212778428,0.060044638833712194,0.8259234111001683,-0.7455373828507881,-0.07445325309794942,0.022673632422277656,0.006061542425048347,0.2748323272485378,0.16197504791348977,-0.014334950003536406,1
0.1516556749844682,-0.01612213828763772,0.028779305895657015,0.06118993592668087,1.5660869501310286,-1.0215133005405561,-0.005811515643690202,0.17692745565050694,0.04413272599681242,0.08831994636133991,0.025925317334626524,-0.17100778848384407,1
-0.09809262865429602,0.002646881321120176,0.06538040465432282,0.094730635936226,-0.8172728219521052,-1.5294125005814103,-0.08805178967769484,0.1406929666409718,-0.027160318023946344,-0.1439797317379114,0.08346754717572089,-0.17134485804929542,0
-0.26749137830339076,0.016695401896923923,0.07147554518944077,-0.18604144158176975,0.5173422207329057,0.5093162716965829,0.039815575335526154,0.07113742638175391,-0.04572143201921684,-0.19268182629360284,0.1420137875337968,0.16922071044767345,0
-0.07872484721475287,0.05556490678036209,0.08114294159344079,0.1194229262312243,-0.7952917138153079,1.4504139049861593,0.2523219623661681,0.09114596025430954,0.03540048663406109,0.1745439583195116,0.09421572432482858,0.16267007423706875,0
0.25399915151378566,0.08353473964933567,0.01213065986563822,0.11764259995887838,0.32751507354760423,0.8836683096381368,-0.2173054636655382,0.15096310169522673,0.07376159501369295,-0.1694752696578069,0.24270293211784505,0.12240908018483554,0
-0.24993622801745563,0.0006220809342848549,0.027550739944023264,0.1437926434533519,-0.6926122667928474,0.7987937679245307,-0.1190810647922832,0.06105460064567296,-0.04292699125293521,0.09686261297267043,-0.07996952452639519,0.08757707409309201,0
0.10820723187371034,0.15133364553588732,0.006288044454081477,0.0447972270059146,-0.7931926402169365,-0.47765303237737133,-0.1917745032359331,-0.03637402831927314,0.028956015838080065,0.03067728299310668,0.33314417821483017,0.11064933407547328,0
0.10241255770505009,0.17982620537712912,0.05504090673939155,-0.17089471522695596,1.1845312851134835,-1.4907090876011275,-0.058680592231263845,0.18187276086234216,-0.03290719447717863,-0.11759185064212987,0.26169404632896553,0.11658784642705605,1
0.18469828555157458,-0.03534960143280935,0.02663643225678446,0.06331376409026818,-1.5091811326629987,-1.311217557182071,0.08005205146727506,-0.02458226619131927,0.04689162908143141,-0.1529509840463799,0.3653176001887636,-0.21236313189222722,0
0.08037822484646728,0.1297976941790897,0.015393672309517083,-0.1022137088780434,0.7805770351392327,-0.7781948700168092,0.14962877859279372,0.09091265183801181,-0.025775216663833513,0.24231632042041848,-0.015419387215541161,-0.006347608976357749,0
0.21498972904622843,0.16291262445160148,0.007213683546812346,-0.10907309260420724,-1.3286148717242674,-1.2309016200019485,0.15562483400423333,0.07560507464849808,-0.01415189937145691,-0.012276961763549615,0.22420543614958305,0.08943699405752209,0
-0.10076076028059375,-0.03392539253745221,0.024046201079381487,0.056585573824927515,0.7004102748145862,-1.3400164715821554,0.28938994005617347,0.07744544619640215,0.06375495020323049,-0.0861880495133027,0.16414641722578266,-0.017608837281096884,0
0.12819437223899816,0.12884369699964343,0.01787746943457652,0.16454969083267573,1.3072693420326214,0.40045003670507406,-0.0025593897060232074,0.19856616456244522,0.051665698136092605,0.10787302711457855,0.10594482942133857,0.11439113577058907,1
0.12558057332211825,0.08314993163399914,0.0825125283085222,-0.10448268803123706,1.451636235426023,-0.019431284357283696,-0.0024442345295271894,0.027093915362623358,-0.005466419690420207,-0.029252215020022454,-0.06564333620631115,-0.23518989618527633,1
0.10308546727364565,0.016240821047273854,-0.006106628695611783,-0.17549480363680492,0.3070130676785894,-0.7063820625744361,0.28024604163534106,0.08775721884323204,0.0020778305649201967,0.048095534897187625,-0.039994763883069856,0.05315527476080706,0
0.24343474006462823,-0.027671338624048678,0.005823794664638917,0.055821539387933106,-0.4290367766897749,0.4382892522851989,0.12065823427092537,0.10105698259334464,-0.020285960208169206,0.19221963044745846,-0.043452882599012255,-0.10769051257318007,0
0.11108496992261119,0.09005473129229269,0.046456253892191685,0.08017596092911178,-1.3323459113417528,0.4154590184690683,0.06177225522647084,0.043577747799212765,0.049277941281704846,-0.08759637182015148,0.25549190869875926,-0.13059790388698364,0
-0.03719111022089283,0.1205779145944108,0.048961401002777225,-0.17371595670039772,0.6692055862965434,-1.3705097254555936,0.30954981932287773,0.06090127037130687,-0.03700752259995727,-0.03453177949443895,0.13228989192998575,-0.2205686917598657,0
0.18301332432523293,0.07175669522158737,0.029752241071368406,-0.04203406573903676,1.2976069110883646,0.43115397308650505,0.007821710815971217,0.028928709974717665,0.03565166485609776,-0.012279776323226327,0.16968008358174852,0.1329515929389673,1
-0.1040157082558407,0.03743915180083976,0.07059514414397065,-0.05855925285907257,-0.9961545173030029,1.393484120012474,0.07514511314367223,0.18441180309014477,0.011800189350710845,0.021457642700884155,-0.07192576408062772,-0.16661175909738793,0
-0.00299205980177486,-0.013918352916068993,0.03315449364380142,-0.09017044833563287,-1.5380631793334232,-1.347052116180996,0.1066402940197278,0.026905432579320182,0.05060205817672346,-0.14375700910322337,-0.0498302943473962,0.15464291835500665,0
0.21593834431159337,0.03953922276773428,0.03009877823508821,0.14982737560206233,1.4106982630972265,0.5062012179661728,-0.2009972546619691,-0.027858132253824594,0.0511397210920769,0.08242334420243566,0.04541413402976752,-0.18195702230745775,1
-0.24192988792311215,0.12111245488764355,0.07240747888847489,0.014568363126604672,0.7036868216752337,-1.1114606985049709,0.0715539922279107,0.05329658569029645,-0.036783174779919964,0.025595974764332313,0.29532801520574237,-0.2299971944228922,1
-0.039069626264347235,0.15323947530741577,0.06370923754239975,-0.0013387059495283127,-1.058027601697226,0.5445418713252541,-0.17884701029293268,0.01066619620777949,-0.03214251410666702,0.011525439672083138,0.19591956340467653,0.10772118560904992,0
-0.04811485067288779,0.17698162387454375,0.04607360595688895,0.04556865499829077,-1.3311980990273489,0.7558331702489023,0.06632189888128848,0.1280871983358932,-0.02193898526069771,0.023934216222798288,0.07119672542933123,-0.061437096927721535,0
-0.1853312025885279,-0.025219164425039145,0.021069987869122588,0.15738644358748288,0.2845910043708919,0.6297142783597007,-0.2166657587556352,0.06781688884006515,-0.01271937921596479,0.19234211085992267,0.1305803907746788,0.11886735058877024,0
-0.25068619357780203,0.17682493120793968,0.061623400003543785,0.09945397791986405,-1.2707372618143902,-1.091962308929165,-0.18130492427792863,0.06886124684163009,0.05551113892726961,0.21026276517388318,0.13166065708895547,0.06642148440564344,0
-0.17109267129985806,-0.0033365423711358352,0.04520211364359604,-0.031648730438961103,-1.3665038254212605,-1.2080032935609164,0.04057216191982427,0.07507304442694276,-0.023892267929056014,-0.09657678252846517,0.22493496231577026,0.11851686015362495,0
-0.21109801189875085,0.13839902271911178,0.06352973818823714,0.13455638193553898,1.128821694953359,0.9373491878638915,0.1788614515296983,0.06437780532948556,-0.01976240058421486,-0.01656950262764076,0.11757606551337116,-0.03243577693771102,1
0.20211786948745075,0.04066491560629784,0.017829148499523623,0.196883677612747,0.33231547705060005,0.9567511788136909,0.224480620493406,0.18984839671166145,0.03862711932320238,-0.013958154050827204,0.15688364032096622,0.1098482210283897,0
0.19510623746096395,-0.03452456568867174,0.07078517533630943,0.051038830476018204,-1.4938016563560725,-1.0034396537970567,-0.24113931214883258,0.18829166395304323,0.006199955799179972,0.1388487444991179,-0.09075359083815353,0.09293494132191504,0
-0.03624196387846895,0.16550301424925878,0.03926693060503392,0.12351790964481763,1.061399296289615,-1.151607534195668,0.2814600336612504,0.06851708913851426,0.06530022031597747,-0.19832517146893186,0.20881267841686912,0.1445462823572587,1
0.203099784621882,0.05866537760253114,0.03483563119505649,0.13269700486064112,1.2011245942373028,-1.4516543554547428,-0.12237336288645143,-0.04285983226444058,0.050018121081457895,-0.015409681599853953,0.07100361242310102,-0.1127714932080523,1
0.2496596340697334,0.07976814646509511,0.0820374885135487,-0.06469446791571201,0.6959419379011542,0.1400544998624509,-0.01835252470260032,-0.04613673680242275,-0.047837279245213055,0.008580288091371013,0.24929313011343618,-0.062176963369819815,1
-0.0156084514564645,0.04905770772185662,0.03980329483985856,0.11793937697764917,0.053153497965130914,0.4347173765864716,-0.14451959696958072,0.05853371863495095,0.05751322316848434,0.251116362843818,0.1565312600107972,-0.03781305020184875,0
0.12584284667404505,0.18209123962893628,0.030643634675115477,-0.1401458291267246,-1.514579394035075,-0.6696240762625579,-0.18351243898842987,0.023011907222752523,0.022273797252516186,0.1467131800144281,0.26511096904669895,-0.1847194731895186,0
-0.18841749056888546,0.12177874648268686,0.002510535105646498,0.0006525135930106618,-0.18599253467751886,0.8407553891895911,0.1935170504127373,-0.0478791854606269,0.0507184563222572,0.10432303296222042,0.14019115826408668,0.12743295208564187,0
-0.19673756739842468,0.1355799728956019,0.009017797523727729,0.20876191222382923,1.004052928744297,1.2938238065040422,-0.17023134761966813,0.045346917298500516,-0.02913955348309805,-0.12005368303637431,-0.06367839602738926,-0.2490663046332172,1
0.0998637400793036,0.05096878817514157,-0.0038930301135853083,0.187000780661089,0.6590881320440591,0.6618169862816632,-0.01352950141085485,0.06684259629104239,0.024392918061066207,0.20922441625635538,0.17796589255816564,0.17375806140039157,0
0.10416780972687806,0.18131724296491183,0.041977601951285526,0.07686803804039238,-0.9103828782334695,0.1666945111115825,-0.25335723685929057,-0.02882498691725037,-0.01901921684345173,-0.08151577341219027,0.3220917536031031,0.06219682525410625,0
-0.23056161799193317,0.04436545020123775,0.014043566232501147,0.14087713212593916,0.49967897999019084,0.3536314434117429,-0.02633779983250134,0.18942299076556382,0.03545023051722593,0.21450705337926898,0.07187912901642829,-0.1612109525769404,0
0.08380083580938885,-0.026022252227125522,0.06823403329284909,0.10916036148779651,-1.0482256079981216,1.3342362959600693,0.19517142957106226,0.1846827006410377,-0.0032330148761500477,0.17575280339900443,-0.0026932156641520516,0.14100877048099403,0
0.08090186625552936,-0.022291761446065518,0.05914693575828925,0.0961486120586253,-0.8242770545469228,-1.1849014584170006,0.16078709425974475,0.1560346356029015,-0.003871321246816724,-0.11304154508802403,0.31410199742574324,0.017807547447350636,0
-0.048660052101960116,0.15481831025127807,0.004316937801956718,0.13272709185833825,-1.5367620134727673,1.2486593407630886,0.2955675109704671,0.14320906127073033,-0.020664153186038228,0.24209408355664466,0.33578732795814553,0.09611187977746205,0
-0.23980348814316726,-0.014096023098345567,0.06043672707345314,0.17636290655662645,0.3113660748514919,0.6548233532604526,-0.17788635899866972,0.06386545765484714,0.033603111201685354,-0.20701962481782582,0.20219196675931556,0.026107841512803487,0
-0.051745430723000474,0.15863293910451215,0.0042091865662768745,-0.18824861366551227,0.20178805497360597,-0.27358249912543364,-0.11310766616308593,0.1917474927699738,-0.015720244550180985,-0.08217701518680398,0.27897215739353126,0.14940823405992992,0
-0.005206028672255669,-0.05485967008734648,0.024242146323106676,-0.11527168719329574,0.923785552850416,0.026824421131304454,-0.04030980907778789,0.07955975135584684,0.04848772955339126,-0.09409271523552132,-0.002007546655282702,0.09836352792669611,0
-0.29151448888657805,-0.02281376666810992,-0.006910964595405741,0.024843676978441614,1.2658774523769225,-0.8498748505053617,-0.02767033682801298,0.07735684972498758,-0.02330512471455004,0.19373981821264927,0.3565414823326563,-0.01706961187384351,0
-0.09801045900978184,0.1333895423169186,0.009498825518394458,-0.07433609959832857,0.9869941772124042,-0.04248021020081838,-0.20259384539712205,0.08193793027915264,0.026611636470783767,0.0800683885047502,-0.016394036045711713,0.061561537972331715,1
-0.1737724298058361,0.17147158143225943,0.012666570206251483,-0.20262195499553992,-1.521354671645278,-1.5383709532733676,0.09639558611004001,-0.0019224619423421838,0.006398676898416604,-0.12715455613398893,0.10437019666578667,-0.1930873550302319,0
-0.11888057627240506,-0.011038571097818063,0.06607287900873916,0.0983876225147094,0.6577872605849648,1.069032929776206,-0.2525959663598698,-0.0025945195992536987,0.013007188137814062,-0.017811723428356657,0.35230454043176723,0.09253145710280086,0
-0.2679020838969632,-0.02078303129746236,-0.005617696084723307,-0.1515062809932105,-0.5039625585088956,-0.5185289445210133,-0.23284118760530992,-0.03128754482272435,0.037013677182431745,-0.2066210740444418,0.35144886583104373,-0.08669075481487579,0
-0.11967545480165212,0.056170553987598584,0.03899127505059616,-0.03238336114536286,0.6930871341347828,0.6632865710304647,-0.08108268145465095,-0.055309721780352664,0.03731647760210234,0.0900524829484057,0.21402162550877313,0.15734940171657763,0
-0.04137633247772632,0.15531200532626335,0.03227912272059642,-0.00803321166118598,-1.4320656291795715,-1.06229334297345,-0.1416676993066139,0.07228057532795251,-0.03920421597050541,-0.09880095742016137,0.2709430956543296,-0.05056088432796607,0
-0.2974812204722782,-0.04470393777090821,0.07546331246400306,0.194503853399079,-0.8962429930156142,-1.1642885610505431,-0.054406623292985734,0.0182410560448983,0.05169677754196267,0.050267543506172324,0.2646586579390478,-0.09552236151590096,0
0.18602630959511418,0.04504936401731317,0.02986651616073974,-0.003178280861986016,1.245298763386417,0.38398788057915745,-0.0024950034755432116,0.18342030544379478,0.0020326640866623197,-0.055179371675514205,0.04325747026378918,-0.2433391391180376,1
0.17434286790631565,-0.040198909771770305,0.02232584639372839,-0.10406188288487994,1.451104524808269,0.6450882249352807,0.20531177357229435,0.022083513589006107,0.009909267355102419,-0.0936511696436439,0.33059490324838725,-0.20083006769739256,1
0.23331816232217256,0.13871842939337925,0.05658159289610615,0.1172585986906895,1.204673181162314,-0.05000571851738389,-0.04668688627958614,-0.014509205516842913,0.04677509228130784,0.019481566036427145,0.31315630622082447,0.13005025184701635,1
-0.22334977580445103,-0.0061938611682112316,0.029255051521970273,-0.15971248709495323,-0.5925832531415033,0.9425034029127104,0.1501060324562301,0.06180358235149455,0.05906224882047187,0.084383002120518,0.3624070524905174,0.10263360667912608,0
0.10155763196383027,-0.029462973066461878,0.06757099009163595,-0.08076233314669537,0.4892513701337473,0.9710182584204257,-0.07569690039315924,-0.033858488013111074,-0.02261677719773101,0.18243866319989396,0.20646041791279574,0.15812753240730615,0
0.15823784200980828,0.03848582098418735,0.06335820659487329,0.03374000651566453,-1.4563168857479225,1.4771593596636141,0.27002445929341423,-0.03286433496498775,0.05858084858595283,-0.17767952740794796,0.33280566821140517,0.019319860872548222,0
-0.21719565299622498,0.13959681389496223,0.0388024054431048,-0.1847660549021171,1.1323644347287243,-0.44119999189109493,0.011575367920207968,0.13079235359660205,-0.04281483661987526,-0.05838772718956664,0.21603274224985314,-0.15210593163208697,1
-0.05438247373523364,0.16753576924754318,0.06703994062087254,0.025947772471306613,-1.337914342233622,-0.8651124589936097,0.23214444854329103,-0.039184589258667774,0.011155035930846054,-0.12152823316003857,-0.05351808890134397,-0.12519172793739602,0
0.03753180639705539,0.134019924561456,0.07482413728527557,-0.031139341936798265,-0.051482649492060606,1.0826204962799826,-0.15470205177366694,-0.03543021674291566,0.07589456446817054,-0.15291477287543903,0.2541443500621323,-0.11414167212476453,0
-0.004627777995326987,0.1531047887085609,0.0769753991230961,-0.10838502963004555,0.05825085015176379,1.321416548576783,0.19841530918730566,-0.058500001128095586,0.019991345200951194,0.14390833091394364,0.2917426487047996,0.11382386895241076,0
-0.14131254362455348,0.14833950964377168,0.021355659370288896,-0.111117183783638,-0.03866623593255336,0.9124119219110771,-0.19893317442938258,0.11593869214276237,-0.029540309181030167,0.07423003073111353,-0.033759642831401634,0.05427599364982438,0
-0.14895464558598456,0.01570190180056004,0.05011698785919988,0.18699042554771594,1.2333380654384827,-1.1094000876301338,0.28034988232513325,0.09938157486558813,0.06708643401097472,-0.20240650020221063,-0.07638270733104258,-0.2200697604304236,1
0.14867234399881446,-0.025893100799490476,0.008001735571166516,0.037532292913252385,1.1713386491724738,0.34417971195787045,0.15661627476292156,-0.01289064531573677,0.0680639498029558,-0.18850127262926106,0.03767157999410961,-0.05492067655738636,0
-0.18301303555645124,0.10220133695787054,0.053604535098474765,-0.12037916320785154,-0.6128827501738643,-0.08956139725973356,-0.26725239222127906,0.1768777205177124,0.030956378652789385,-0.14753724196897094,-0.049272378337634606,0.10357299207135462,0
0.15248503600417918,0.16642314531924518,0.00642976706617405,0.010846709562449403,0.633219000796277,0.2148599041128605,-0.028703277150338796,0.12146229062588146,-0.04406245859484965,0.16976845176453884,0.013305790177912974,0.11455366563667557,0
-0.20613820524694532,0.13297893238956285,0.004144416852056772,0.07051341693477775,0.6076527158633105,-1.5699586507335086,-0.1260503946146607,0.028569707701740554,-0.010282470090693545,0.09788949022754714,-0.07117953476478608,-0.23450373094439567,0
-0.14767712457689094,0.007973659772556721,0.008045796426160455,0.0930868156407425,-1.3713273283068785,-0.43608337825956167,0.17102625587514358,0.04402019188199123,0.06105625732427683,0.09048988536204858,0.16897905249630862,-0.11620910716581145,0
0.0676249846172331,-0.025469639106832705,0.03963031317911936,-0.1608557472854897,-0.6295371954540014,-1.5594592903947804,-0.17747562612332102,-0.0037982388940003137,0.05526171793105637,-0.08934631686690031,-0.0478820797734283,-0.10851147836924246,0
0.22367283575026925,0.10951512004512232,0.04421913157368333,0.14533957514959855,1.2879040695254982,-0.578347895555495,0.11294303759732982,0.16600028887323537,0.03125354538938112,-0.0848003045302719,-0.07275279163032367,-0.20667739505370333,1
-0.01879761791074841,0.17723696017568724,0.06092968326549879,0.1178711560793751,-0.6253066716974767,-0.23753452860204716,0.15827403088199887,0.005785591499951032,0.01545620760131565,-0.015598855208641987,-0.015977107152325074,-0.1556901463869373,0
-0.14917762363541712,-0.017199125030964935,0.011699610992497202,0.17745678708646678,0.7667086809280537,-0.09692552758775985,-0.23022330063371277,0.19708406986154384,0.04911332970725481,0.23366917007284058,0.14873167657082634,0.023837610452083657,0
-0.10577541964797224,0.04574826134740197,0.06013796862705924,-0.18881643529411854,-0.003078815533007484,-1.1750308441885071,-0.2038141785482724,0.12812700661747134,-0.022594075699627396,-0.03452027998944926,0.04257409895606959,-0.038973639746742006,0
0.16144623622386267,0.15379273122837414,0.01212967353903082,-0.06720237411624613,-0.8007043980106695,0.22914995852964792,-0.1998258647809083,0.0642815534896028,0.05232955903154185,-0.049521177123688837,-0.05981725710713879,0.16902830501016125,0
0.22583621719809405,0.09931219590395976,0.05388457500122551,0.18477104716859688,0.22747815454387954,1.5670297527139831,0.0008397790822157192,-0.002242619930390183,0.05770686911989123,0.12335117204076976,0.0407522869399532,0.01893198325743678,0
0.1556081045821492,0.0063589388327465884,0.06171881456449975,-0.17935771232058853,-0.8852852309171905,-1.560495251790173,0.2340639452636667,0.16901481535000717,0.03840196911331141,0.01260612865207325,0.21785706758802492,-0.11264849398018509,0
0.004332760907114819,0.0719732226223225,0.041340261817158164,-0.03577619495056525,0.32710462106083615,1.3487771359169403,-0.13739829698459827,0.05343101948784133,-0.03297085040047552,0.2311175464594797,-0.05970217758691987,0.11220780379841483,0
-0.1743648297230484,0.1483564580198668,0.057370548008882555,0.1793936848294871,-0.4415534310945466,1.0314039337875405,-0.17968978245598233,0.08264966774303298,-0.004797506851449473,0.22327892366884913,0.3069514270850293,-0.11576499665689488,0
0.07255528860009414,0.022910124049994637,0.05354987630967997,0.04956821111984977,1.0151613527214238,0.12786884141414046,-0.12505600691536792,0.14833891972874763,0.03956280921620489,-0.07666640747457235,0.10111476697043262,-0.22249148414165182,1
0.03003608595316426,0.15680306092941357,0.002665452538655518,-0.15413907005256403,-1.2202900061139696,-0.8022641606649951,-0.10717965625684897,0.10634886727643267,0.004137020887728569,0.20287194910723974,0.10441349075275536,0.015447337582373266,0
-0.08450957220514696,0.0028699340464335074,0.03476616018746799,0.09463636398150505,0.8271593204090626,-0.6021774389154968,0.04038661715079517,0.10563382427420295,-0.037033553713752734,0.19519278488849265,0.03453429198970917,0.1285389901280809,0
0.004240076101175494,-0.022452643709389784,0.05909172364386757,-0.14347329749920884,-1.3998997834057807,-0.3249779212844508,0.06568681369774743,0.009151489053414924,0.007572561915288767,0.0457675628680885,0.21263308962584854,0.023570871884216082,0
-0.08305659338198812,0.12520005615026847,0.06201522440498135,0.084427496460103,0.462168865599603,-0.7316593819333331,-0.016967228660593747,0.15344911808228634,0.05461755598343343,0.21350677027480805,0.014077659995605576,0.07345707394962653,0
0.18653554772568293,-0.018941692952158494,-0.0044065420614960125,-0.16533744081527743,-1.0314688425220142,-0.9802691613241147,-0.15458043162252705,0.0771649944477091,0.05174323279444093,0.20841435248676835,0.25189590967296016,0.13315586545427072,0
0.033827064404805984,0.14442315348919996,0.029849537857490598,0.15043740681920542,-0.6818514489228659,-0.017675866320620237,-0.017957590366802,0.011949512111578367,-0.006655823836326832,-0.15055410907286962,-0.06999166116180004,-0.07204152640067035,1
-0.28827630671553944,0.15502395171615863,0.05098624093155024,0.14671247916063873,0.14060994675680516,-1.4572178525941983,-0.09945108522606941,0.16348170340353385,-0.03244468935551084,0.13024010321895638,0.011571515988943348,-0.09871981413286265,0
-0.3110046739351125,0.05721224097732648,0.003622025112741109,0.1534679482417879,0.08507028505296566,-1.0220953020443913,-0.2589329706952504,0.20001074226800483,0.03346465607982335,0.10310444823561041,0.14551054795080037,0.12555248014106724,0
-0.23004163626343643,0.13365000208463118,0.06525759828371187,-0.19466728946614856,-0.10064583435786378,-0.7686783606508829,-0.2152861811047368,0.012132578265585614,0.0033018684567561324,-0.13821782784038678,0.2301609374483765,-0.036915172420676046,0
0.05426613329180524,0.056045504595891374,0.029422510951182392,-0.0017872029056780203,1.4888255144849631,-1.4075138295761245,0.10432032740030106,0.15798939971389633,0.030883047942288924,-0.10405733568504039,-0.03581922004086784,0.004819978464985553,1
0.10450407350280572,0.1277752697383504,0.05496749239736447,-0.20847998402224638,1.413276892415219,-0.1924032852654176,0.30458058378692854,0.13964473065700908,0.006667974588647443,0.11926662391741985,0.18986054772102412,-0.10559165078001789,1
-0.006703550556238946,-0.009711018244731223,-5.762194957792052e-05,0.09993923396975124,0.8638145868576899,0.8039927124417716,0.015209306781035603,0.15159737416389807,0.045918627892722025,0.16292113893745433,0.10460782561803361,0.16611504133004118,0
-0.08028581122485387,0.13372111407972448,0.03642395444984285,-0.11055988615983003,-1.3768055220286108,0.4818875850746902,-0.11462405239429543,0.038619004894345374,-0.027618419009860118,0.2735270745495272,0.20230916560766615,-0.17696033355937513,0
0.12583915537391605,0.0871258040814582,0.05757803775722589,0.03714610696303594,-1.2263046195156264,0.029114316086186198,0.1775434817907094,0.13693780757386592,0.0477284753984558,-0.2086769545461737,0.2763060541106855,-0.06127835583941932,0
0.08515329835221008,0.0067814793679431135,0.06184380979993498,0.20531051615485463,1.3355388966288488,-0.0834076507295547,0.0827194783243066,0.009681233944200576,-0.010565953070186374,0.14679857848655734,0.038369197414354766,-0.23173468927294413,1
0.1885782998740852,0.08397603125191186,0.06083996336992306,0.045067158803234475,1.344417541012264,-1.4715891298160537,-0.24888407379043231,0.01993852539761687,0.031692550302969455,0.25215619715084503,0.08830657644082981,0.17226174847992082,1
0.12050067368202183,0.05862708570670197,0.03093658951839307,-0.15521957104607118,0.4049838750685879,-0.21781972912032788,-0.019099214016007254,0.0003239497498806754,0.07340627801423714,-0.03598149901923953,0.13198412676723198,-0.08899633403366264,0
-0.2340445952982324,0.0263931577402777,0.0627037487840203,0.05266463288979084,0.8593870117275466,-0.24779573882080497,-0.26509829966653886,0.156042765007938,-0.040355372221367425,0.21558626741138362,0.3413731676062729,0.1042588665936603,1
-0.3015127923517718,0.06869123876756589,0.06722559123091398,0.02046051630273335,-1.1338417299814125,0.2308506435507307,-0.22078456339682181,0.06870600162591084,-0.04437540340478672,0.10337170468954834,0.08684531132097945,-0.1692078773370711,0
-0.30278101552533776,0.16514157177286165,0.042483372911511844,0.06355347197553302,0.7252092966662078,0.8173915687151869,-0.028344779404523346,0.10341850811210074,-0.015873828749814058,0.06230586403116642,0.002387210201982376,0.14705573941658023,1
-0.02044858906291691,-0.0025342561243263464,0.05004863104954359,-0.17175843006205394,1.1924825441654618,-1.1243840017450681,0.17703065540087348,0.12347562788004665,0.011792628816247923,0.005506764591377444,-0.08637122267111141,0.008810219037852063,1
0.01823745713178415,-0.05821547452337107,0.004411183607259769,-0.2046829538377802,-0.010553467572147035,0.5741046303286683,-0.02587554376105325,0.06343848207604144,0.007540072724799243,-0.11729305350722871,0.14765706821011418,0.10204836706624665,0
-0.14570230207417983,0.016646900297489733,0.04125812819444011,-0.11112266900060805,1.4726340455259461,1.2333382732143827,-0.04386085359939035,0.15382991055887815,0.05979516123723315,-0.016325523056491653,0.11303927501715946,0.16424853604061107,1
-0.02416581343353419,0.18241713417822653,0.06123306965452742,-0.09823844242502301,-0.736824276143715,-0.843378079475867,0.19919600016945777,0.018609927585935285,0.037822899161167406,0.0517791415861287,0.2858300702282096,0.07448628413895353,0
-0.2761840290986573,0.022944908138530826,0.039194397698764274,0.1297908626427568,-1.1554198880421336,0.6337402145729849,0.20048677463340636,0.052474120160557705,-0.04084708216557757,0.21571716976366648,0.14904324867799496,0.09956926606756189,0
-0.08784217357180388,0.08387931518755617,0.02203178922059176,-0.03679610656852353,-0.6505070991444444,0.8071054459676514,-0.1052371419797376,0.017253180909191396,-0.0029756838657198983,-0.0018133959917480957,0.17169024227667135,0.04486234821295487,1
0.07484403560053932,0.04371399202633454,0.035724927273692295,-0.15062099524678957,0.6213209935045836,0.09594523456039017,-0.0009351907868143661,0.1855032891615926,-0.02814536923449351,0.1494143397407425,0.23191630965297944,0.04430582110735398,0
0.0674830257208826,-0.054066873247245406,0.05935518096517739,0.001296785986184379,-0.09482779175751355,0.32923588320884445,-0.1584419828016197,0.17836199872579236,-0.007880165679912399,-0.02079028681569975,-0.005097946463007014,0.022815252147160625,0
0.11213656855616339,0.16493275062306126,0.04300500844447466,-0.09341984646969458,0.45704856319780496,0.557586981816786,0.0904851998410583,0.19504644456481254,-0.03786102370095491,-0.02352612152252967,0.2132976481115469,-0.0022826196363510687,0
0.061078667707950285,0.053343543711530786,0.01621517544097123,-0.005861068500287087,-1.0253826456444344,-0.6927363130786995,-0.16814258960275727,0.06866218297144527,0.07375849965539202,0.04763990362443368,0.016834235990000335,0.15508232912044956,0
-0.1726961495997961,0.12349809769525047,0.0019129390720353055,0.1502729572644369,0.6575028766213655,1.5216518565074069,0.2915194798228835,0.09067486343350076,-0.014417559156891878,-0.21591502046019181,-0.08843643162859981,-0.13294840717089068,0
-0.010532165169707508,0.05862582362845857,0.07567817935661739,0.1130736568366133,0.856772306457388,0.05179030711707333,-0.008914754701502603,0.08715628706658529,-0.0006976453714928887,-0.11162553116755981,0.2907017254974803,0.04387138974414251,1
-0.12594482175256985,0.04921979611584952,0.01243871007994311,0.027994899396295764,1.0665353183529949,-0.047103946297150756,0.03838122454493348,0.04633999084201612,0.04718861468215957,0.23286794843350253,0.2819109989166219,-0.03697799819089667,0
-0.10828545222704392,0.1018038842506146,0.0661424509180778,0.20377081261760754,0.9442701303879513,0.9299474523838784,-0.09781596174356752,-0.03940497255257121,-0.015805178774214612,-0.20903647905484465,0.14120083782871215,-0.09001427247647353,1
0.07632704443123595,0.09039891808752751,0.007210047692948239,0.07491176449663256,-0.10995471010254443,0.3828461487622028,0.29416650475070516,-0.05539704027524987,-0.004553806120414429,0.10009482202340445,0.07767253008110686,-0.08650655315499459,0
0.10182650694745082,0.08719290498369953,0.03903809865029208,0.1647421647152601,0.07245867921412974,1.4719710568967044,-0.12909892738321074,-0.05279962877132658,0.07629203620141332,0.1479840322706206,0.007229150652633035,-0.07726138920036812,0
-0.18309788188084053,0.10734029137174353,0.023789229578597627,0.17892336885198956,0.15726579268351326,0.2653031083931934,0.27194850483750266,0.1714006591837337,-0.010716522772329824,0.023463340351629725,0.3121946194412107,0.039560474956144454,0
0.05281096950545855,0.10142121853919445,0.0755964099814976,0.008690341953690561,0.7670510082271231,0.7117373891101988,0.15446991919229203,0.06760087470881057,-0.008167580967786033,0.11439410204131292,0.11415548596848762,0.16682982374904054,1
-0.11075366355449767,0.11528988590696182,0.04237013606284912,-0.17715041923920233,0.3491595264046974,-0.20905858745611705,0.18975144097264973,0.13169680385028532,-0.041500123264010765,0.0317128652176302,0.34775437397268566,-0.12857037985800435,0
0.20598398264048817,-0.022692914519899993,-0.0074334813858084325,0.014332895798333245,0.8649309493627875,0.42484433748727457,0.12264867890053205,0.11909958388082142,0.03750421354884623,0.12065975729537556,0.2497915373715442,0.0392351393460475,0
0.16581374130765847,0.07646604719937866,0.023811127354535704,-0.012584802658986066,0.334818408624479,0.7051764924584984,-0.02697615449381849,0.039268191657049534,-0.03380880712480593,0.1958781485044425,0.254063613390516,-0.10552838151549951,0
0.2294046129500817,0.17177853529936918,0.06976117127686914,-0.19752312413555398,0.14390366840678892,-0.7297019069407644,0.1485811057340321,0.10532876179456949,0.03815097188891663,0.16445058944656296,0.3417676156674505,-0.012328145971253285,0
0.20583436084968937,0.13900152542751865,0.022652098249921118,0.1340316118531718,-0.8395337975212841,-0.012545023693560031,0.30701038225446364,0.050824130243561375,0.010525892629427477,0.2556573367729892,0.07377331145887939,-0.14933528262642626,0
-0.26811142782571323,0.0678171044173381,0.01009969953434501,-0.18254406073748813,-0.3850017675554098,-1.3803202088617141,0.06792205581736277,-0.034861501125582575,0.016230096917176334,0.0972809152576656,0.11398820899725029,-0.1055531726875473,0
-0.13437895092540117,-0.032853878602460355,0.0024722915172199853,-0.0003891522825871796,-1.0617436173897068,-0.5890064222203236,-0.1720834036021433,0.14966573311351736,0.00914299876779004,0.057958274354751066,0.1747942826557325,-0.07989636055271254,0
-0.1415630957480209,0.033668380412048574,0.04053145032185618,-0.058354929326821986,0.493038182091907,0.47797722637924633,0.15650653475854837,-0.045009084227829135,0.06698892622900762,-0.1316446035314135,-0.04688880060878586,-0.17710318072578446,0
0.222464749073996,-0.005590665408281396,0.06342955869129713,0.061898373274329954,-0.6416765192796003,-0.9980723409767673,-0.21369843597925062,0.12538353359198207,0.0021738768088476745,0.049223804245619035,-0.06789008287348114,0.08542814905451451,0
0.08435598662471022,0.06944459872606779,0.03703403702150743,-0.06746351709676324,0.8953351697496228,0.36883835284652977,0.13005402101393088,-0.05064055795242485,-0.04772806210994811,-0.2008539308866865,0.0014095995868313171,-0.0041883685991473685,0
0.07798162044868384,0.04299714333511383,0.029073303477959934,0.033890796485236546,-0.11804470525157673,-0.9096602159951555,0.2066886725714051,0.15522975960939914,0.05918359990772169,0.22032905325882238,0.1621659463148613,0.006688618401891888,0
0.10440696101248431,-0.011020071178299597,0.024698544193099466,0.17587557506603047,-0.8849172976178367,-0.9811549783098454,-0.032712316777312705,-0.02001564037731269,-0.0027095446396058487,0.054180564232603784,0.13924034527652437,-0.0389154726717304,1
-0.30223259773981315,0.04893321566126238,-0.00540296878575062,-0.038788991470168066,1.2963447959649288,-0.31372315984990884,0.26324049619676126,0.10419150341138705,-0.020303514469525802,-0.020687355452218392,-0.04726476303587977,-0.24294220528674776,1
0.21261411420011173,0.1049842220928687,0.06276252324949981,0.05307772351721335,0.6639879033423293,-0.8740566687817115,-0.23383079515291688,-0.012431674471378995,0.0023018047578850856,-0.046984017796080746,0.14857687286671475,-0.13645736186341959,0
0.14469485347777933,-0.05767590681127897,0.06384010102364492,-0.04364649617578173,-0.47198763880016026,0.8284911867319964,-0.008863760297753431,0.1291045113476465,0.06353183939057182,-0.19920087505633133,0.028234164660255107,-0.20076603105675203,0
-0.2565307233870915,0.1708719301861751,0.06511647898401171,-0.05575596039048189,-0.5060853629809821,1.2058559307449734,-0.13966614837879457,-0.0587907751843437,0.05663822563644934,0.14236304555195692,-0.018322436881757387,-0.03927403292690043,0
-0.22072254230148747,0.0873049507265474,0.050769386125197394,-0.09297511168837055,-0.21729051826174395,1.3646832825167163,0.1414265634446365,0.10665059072211852,0.009275169551087953,-0.07098543535018115,0.0018011008221226754,0.0723635430277173,0
0.055486267142386136,0.00894046677657856,0.07978414512374536,0.13262323491111772,1.5544769036939632,0.09632851654791619,0.04746155293888782,-0.035460715783387775,0.0744277420484733,0.10034894820455406,-0.06130566117903341,-0.05938031389422965,1
-0.18542439429034788,0.05998019976502535,0.014398063701827241,0.1416940823107647,0.34839254978092704,0.9570393070053693,-0.1528979368957346,0.039375412893807984,0.054273330119744154,-0.030730590501050398,0.08165357070774656,0.17694312808028134,0
0.12943860402447271,0.15020753461037967,0.028922035275658602,0.03775153524820776,-0.8930647590945524,-0.7652594401886772,-0.19357216915331438,0.1601498550002257,0.0016361126158938588,0.07246406076175907,0.30002690358182493,0.08435637856635725,0
-0.19903694472581426,0.09117783968571119,0.03698170275852031,-0.09996325484390396,-0.2580168881164244,-0.3561360362524175,0.18397565124131965,0.18648294235253113,-0.00287485612718813,-0.01814220253541579,-0.017066813019511753,0.1763235547268885,0
0.17459701836861846,0.1737862220192764,0.036946838185851455,-0.12125704164919393,0.49393964154977676,0.585513155876263,-0.06611346993825176,-0.040753287904010185,-0.03862834867675708,-0.028273525322888043,0.3316083882354989,0.062379979691202514,0
0.12352756257307856,-0.00242453246689113,0.05866573340000224,-0.03817248691587857,0.5592716653218346,-0.3936164952966912,-0.19151430037157924,0.16320837664580065,0.05869154432464101,-0.07358955940246598,0.1880269559323094,-0.09410712498479598,0
-0.22428347734931756,0.09870459162436937,0.06098824840699758,0.11756681253991641,1.1540434035587592,-1.0276125040424304,-0.2536642228867434,-0.03868938053577964,-0.03762590983068854,-0.18784921871905158,0.06094894538675796,-0.0967554838662,1
0.08756764837960113,0.020862504405049026,0.004715585064262822,0.1903428912974105,-1.0492954678121844,-0.43001765637427547,-0.05747926014760546,-0.01808652874477061,0.07376469909223134,-0.039596854905923407,-0.046711883112517734,0.06404400456710563,0
0.09551081615796098,-0.0007816388002566052,0.021157235020532142,-0.03449473728832114,-1.3041359746561756,0.9107469210454127,0.1965588135532641,0.13627681288726093,0.03995880089287347,0.12453785234995521,0.1468907709527743,-0.09969925336451665,0
0.10057450289540315,-0.031152467025857788,0.004776851095871792,-0.15656275055920282,-0.5435957501173108,-0.6517022366774508,-0.006892017570345299,0.06339570313967272,0.057076017254140854,-0.15585100268649543,0.08355224963318483,0.07855839343096899,0
0.06460464377635394,0.04650724764318245,0.012338223304459526,0.1901592451460945,-0.8468573821764283,0.7878596111770813,0.18280365984740649,0.16527898894422688,-0.04576132634176736,0.020646396319566135,0.026987737522921315,-0.13319508518350956,1
-0.15796362267531552,0.035341575700819056,0.029260898481959233,0.05809455977169298,1.0287928165644062,0.277579540568774,-0.058735810433946295,0.11900019620685873,-0.04788633294997271,0.1543853291914121,0.06332436427813809,-0.0015557162134806068,1
0.12408037764853214,0.06494617689588349,0.05073136648431141,0.1789564053257785,-0.2342540794567971,0.6320433182289815,0.26907685881289267,0.15890625019626609,0.030342666918447947,-0.10245041808476518,0.05947039204265203,0.12115353523338057,0
0.08779774048350686,0.010087485101369462,0.003975499216819825,0.12012337785493732,-0.8771331584638178,-0.4595188670458159,-0.03217311244021198,0.02975946131177372,-0.01102276287286632,0.022873609015943014,0.05590530327822732,-0.22067232792858082,1
-0.13370549470199283,-0.006177376970483449,0.06600778324527752,-0.11034561164795169,0.7393939278425881,-1.192769146537536,-0.18110927231326152,0.07795269868472254,0.059565975067987234,0.07358362286858797,0.12884671122594288,0.11284382449288727,0
0.2306206465195017,0.14050378802159572,0.029052486456807625,0.04864750001591045,-0.5890477614652431,-1.3196930807862457,-0.015483376222844958,0.15674772123975106,-0.009789215603635854,0.22515519355421046,0.36140996694022015,-0.11893170913494963,0
-0.24234603768549284,0.1736816180801941,0.007500507011584539,0.11618912842766321,-1.266930446225234,-0.7903877982640839,-0.1168902752028381,0.016064288461853274,0.06871470377512559,-0.12924084464665164,-0.012208827981455811,0.04872517723439557,0
0.23352619036707017,0.03533443447911423,0.06217070851317051,-0.1968200832333089,-0.19198850144474022,0.8073955892683735,0.2515710987754708,0.10602736384366182,0.07150979246447382,-0.022786329682055823,0.24312890472394438,0.06348656187920382,0
-0.15867060082849296,0.16476653073913372,0.0627199076657232,0.15630216234080507,-0.784346533227443,0.0901976977723058,-0.08515306424260369,0.19248083897385668,-0.04487011775145371,0.09100295148940316,-0.04026001420380995,0.0605111207154897,0
-0.10412951505735515,0.15260059613640067,0.07121248356768561,-0.05433355815999924,0.19039859338439613,1.1882220526378384,-0.020550803059026207,0.028228292904315958,-0.02122879279853365,-0.1848633698761472,0.14482457614290994,-0.017323268166301642,0
-0.058049536539292845,0.17207931333421347,-0.0067898881550331434,0.14951851267423383,1.4393980245187976,-0.9301603224607932,0.03638531420095964,-0.012197552435451613,0.06155671300613276,0.15322758849798498,0.2889476682354877,-0.14984883832798296,1
0.005254273623586714,0.04183286666765895,0.05005216420365101,0.10821787601343774,1.1390176484044134,-0.6760009972132752,-0.24225509184336064,-0.02096867803682219,-0.01743970449015333,-0.18024386115087837,0.07096413315234804,0.0415343939620047,1
0.14217891370245755,0.024744903583219263,-0.0004213196974942159,0.11107756333389018,0.7199435326955028,1.1810779886674065,0.004993611673837051,0.19392546216007114,-0.000635008447295124,0.25983627662652087,0.024125637998300087,-0.20657960232866013,0
-0.22258975813781623,0.12900421333972228,0.04078478811161601,0.03606214711973335,-1.5360373364800728,-0.8558385042670498,-0.1997540491762414,0.12746204867546385,-0.021540052030566973,0.07232196483267825,0.2987965325637527,-0.044746956820059774,0
-0.1324687216814719,0.08071092499115642,0.0034947599629279458,-0.07992030052164914,-0.46659006923814217,-0.5184086915665556,-0.24477268473107905,0.09219432617410911,0.0029941387479365186,-0.02241277976701786,0.36386948246366885,-0.20386191947891982,0
-0.22431246667177485,0.1539700172033359,0.003795356950115125,0.1779765348672802,-0.2729858555843121,-0.26680036574287014,-0.10632761504671262,0.03252180033450788,0.05687243796313672,-0.1876935395646528,0.25958384172016474,0.10802712367737499,0
0.09221208977196388,-0.046223311792255556,0.05940354975709407,0.09577077795261502,0.6175237039690316,0.05203767581805918,-0.19096893319843888,0.19152391078432193,-0.03893010181799411,-0.0981105812363844,0.2238084764565485,-0.19277331462907898,0
-0.20664926852115983,-0.05677993635840068,0.06701526872952215,-0.1940378523719625,0.058892034386467174,1.3273774838980186,0.028468515522175275,0.03666913387857183,-0.009905581420205922,0.2585930702451017,0.2672635704040643,0.1493685629494606,0
0.10823420127898586,0.14245844765669233,0.07951865476655255,-0.018166088890237242,0.41296259451369965,0.9826527781289476,-0.20505047087252126,0.06713548918732598,0.009682937555455351,0.001206840353166705,0.15388522804860882,-0.018049699071254144,0
0.18663050064445258,0.02476842468052845,0.020683153140920042,0.08677964418689776,0.4671012994704491,-0.9656461804921146,-0.08845195927860289,-0.06084180700946631,0.07185574438455006,-0.19428240512224035,0.21913510354191246,-0.1123698751648666,0
-0.06980071269032567,0.14465680493447952,0.03006677862701426,-0.14890846730914437,0.6360657165872101,-0.22625227718736496,-0.1084509260382096,0.07974845453496754,0.007626595575231307,0.0915193726455262,0.08268576743391498,-0.08242277663233888,0
-0.11275178700732846,0.156651902689642,-0.006462410607251208,0.18728492534859575,0.3589998890608448,-0.26314100237368443,0.15273578284978556,0.04013815225563522,0.0303194313604547,0.2321382588524105,0.29505905882403705,-0.02807063198159332,0
0.09834146221929935,0.03610191960991324,0.06243544970830418,-0.13799671614803335,0.843916323183411,0.028443483378628454,-0.14283563992731446,0.13016203327293419,-0.03505416151037222,-0.212011082806539,0.21716620630033173,-0.03441578544076265,1
0.23335312580919948,0.0007899661665289187,0.0031592207774422867,-0.2001722967787885,-1.3371733709866196,1.2136818877630178,0.18153753163895098,-0.04349763832372339,0.06889878379376997,0.05213528733353376,0.22660894071031445,-0.19552799399068369,0
-0.2614093598280098,0.026661557116486934,0.039224892384145754,0.03334802370441098,-0.5612914593612823,-0.7102077594904547,0.30066079037830995,0.009566499969855993,-0.030410912855590916,-0.037869116433911665,0.04728961617535643,-0.06885434257184689,0
0.04502912347704957,0.08743505915963548,0.055374995602073526,-0.14370302846964642,-0.4167043316344219,-1.2926098255465392,-0.14178550021633055,0.020937666256800228,0.009899419335098483,0.13919147538812418,-0.01680238042617252,0.14051313873579924,0
-0.1283143524481842,0.1798909907831218,0.017883789866091952,0.09682302952447747,1.1734035574740995,0.7358456285655752,0.00019759383000084174,0.1676593197772608,0.04773650484861064,0.074550106276532,0.022673162945059555,-0.13936008249067255,1
0.25595802017865216,0.16593794882220694,0.00453602652024925,-0.12367379598817146,-1.0899807200779479,1.1214253075170049,-0.09947496620422383,0.1589583692588764,-0.035833240640828296,0.2214653471777601,0.35250149425507,-0.12983299183408836,0
-0.05104252693458056,0.06945142088278,0.010644545033698233,0.09932707779147021,-0.8377723870912127,0.7430829332989213,0.25120444428678623,0.017375226457251827,-0.028086534566417926,0.27095139193276463,-0.04452278827542738,-0.22654996598489424,1
-0.1764846264520153,0.018276566533168753,0.03135831022515698,0.07970929257345016,0.05918867045333065,0.0627086569558466,-0.26413573806371454,0.03924516803805089,0.07197055146454931,0.16823808463680082,0.24690676817326213,-0.11991233184474334,0
-0.032719418991002336,0.14623805046027863,0.07188926549976528,0.09043541927202547,0.2649938276598902,-1.1836442071172906,-0.19840375839109675,-0.06245515254540106,-0.0023400135670871014,-0.20462352900427797,0.10720751887372756,0.007722878075432926,0
0.02906291109167969,0.07577792438403788,0.012504364251214609,0.00954219077577581,1.2512386162407967,0.9164363293096589,0.23876303170997082,0.03832119728317157,0.031131285753624657,0.022853151164751673,0.22306848735429252,0.13832461498476162,1
-0.05983806581713447,0.12501322466916598,0.07210574212343196,0.12383259674471403,-0.003653095394653416,-1.0545260648561798,0.2436653439858787,0.13031737592817258,0.07364045314026224,-0.07110197243505884,0.26845597451328584,0.09657205678884329,0
0.17903663141965992,0.10908765945446225,0.004526001921769081,0.07792216422144732,-0.7020888366560695,0.47961330919213707,-0.1467290072289591,0.1715115042944309,-0.02990073490799473,-0.006739591013030732,0.1929959069087568,0.17073963630959932,1
0.07214042327830789,0.01477172930080689,-0.0025246259042627584,-0.07563410173942386,1.0954429485263957,0.13775114022995916,-0.0494867367963443,-0.03650023492776928,0.06245717625099742,-0.20726802380943843,-0.09016329807810218,-0.04576090670139832,0
-0.2730454843801406,-0.016356644037314592,0.08143546595226926,0.14700744952881428,-0.5572705104249731,1.2621370161070777,-0.23981865312075332,0.1585040259198601,0.01186684016378476,-0.16744169657523944,0.04586406263874393,-0.03390673458799906,0
-0.3048967407031525,0.0019919354995128202,0.02247043256852346,-0.013876628089772886,1.1480905974279108,1.4827347190764206,-0.15308545221706715,0.09539641563286325,-0.017569472303056617,-0.016404928572415878,0.19337586979888244,0.0334354121822964,1
-0.295201748956324,0.07085128188713152,0.06612189507752976,-0.12267674896259334,-0.374724443857372,-0.075201130548467,0.2245465538817365,0.05348809063718803,0.07182743260830798,0.10749644988345161,0.16493748004277975,-0.12539904848433503,0
0.029433175022089586,-0.027527778810021268,0.029763909297266546,-0.0897008821901897,-1.2816367363968828,-1.5582487749839986,0.2701042704129112,-0.003803221037066644,0.06433130693943935,0.2035189326993241,0.30247556956740174,0.06998173396919194,0
-0.15917907712476811,0.15436232633425365,0.04640880923906053,0.10314667975833935,0.9007557889427658,-0.48519381103583203,-0.10722439328796454,0.07268751028224102,0.004944955684249269,0.22418812612293434,-0.08559049930958246,-0.21768523147740101,1
-0.12608721527142241,-0.018639245578240766,0.028901856659989632,0.093415773169582,-0.8526750211784911,-1.1258236982038867,-0.11352133638057937,0.14074246378085709,-0.013395858797801204,0.13296122914354522,0.17503683173611534,0.11981967784669884,0
-0.29362937958530394,0.17918067111121944,0.07952548761235488,-0.20047598845111983,0.2832125243528667,-1.0002665124919217,-0.12035927287805487,0.196030734200788,-0.025758256407769187,-0.08545545067747448,-0.0877814030751715,0.00017934125323509909,1
0.1810283636896215,0.09200651714738362,0.051135990227818964,-0.18190388935937712,-0.5192818679154645,0.48676372503197274,0.006742819498468722,0.09216116440989194,0.07582654443029117,0.15500818458341617,0.22092333530527813,-0.06442982457729901,0
-0.29299050290364487,0.07173076653359411,0.05197811351101968,0.08774960025415873,-0.1372329893853148,0.5322964061256672,-0.1395399965888827,-0.03870933839172122,0.04125304566141978,0.2654594310243644,0.14832556726251306,0.04067037056055889,0
0.08454585254648062,-0.02017162212566178,0.009383457023235148,-0.12193518318137024,-0.3004599569730704,-0.15127803002183615,0.04579481240700245,0.0372032488402186,0.035737047160568414,-0.10682216392865863,0.3475859544137638,-0.10828270776323792,0
0.2183878826877545,0.08403720406595944,0.029602004816785873,0.10030324769377497,-0.9421144438324975,-0.7441465697092394,0.14034472376065665,0.09070109049627728,0.023849598933695274,0.15002777897370076,0.20701324837757473,-0.09302565494525475,0
-0.13005736714074134,0.0016019993583565387,0.044192899018423396,-0.08316538577889082,-1.198720966579575,-0.22986531524345,-0.14642869079022008,-0.018934719668109,0.05979610155309403,0.13215644121642448,0.2584911874316289,-0.09994349521592052,0
0.041428138691883665,0.16759606216141593,0.017637227786236567,-0.1807871235532343,-0.5978155891171124,0.6873211476581733,-0.10451535486993885,0.06736780704105022,0.019907295185785268,0.260114411257903,0.046196661370503544,-0.02544644941547,0
0.23685739244514087,-0.0104506757694455,0.04625778645444219,-0.1830510449643271,0.6285519674218201,-1.001754671873472,-0.07636716634289911,-0.007945985345160243,0.05337886350572921,0.013701856063852935,0.09349174766193014,0.049007514179909284,0
0.23059046657391952,0.013959316650298398,-0.0019717057599404255,-0.16353165256378666,0.2491482172754833,-0.23713552730597431,0.007699746416510278,-0.02349185804807575,0.01888232360534714,0.11543210210874097,0.06024863765787561,-0.21660951507904655,0
-0.12807669281830283,0.10873345443339855,0.08080737945867575,-0.12958133470013017,0.38217781857495536,0.21128088356749286,0.1164519597720095,0.1658525037882193,0.022811305180335306,-0.18573023241682685,0.029886467547074996,0.09717474292881723,0
0.004403488734239069,0.020666281171188378,0.04493352905288954,-0.09640464061792019,1.3670773009015862,-1.3555648417558177,-0.03589186378014017,0.009917401367715642,0.004000019159303481,0.24057465245242995,-0.008942376969490767,-0.1718708346522545,1
-0.10982190600579697,-0.04477766415641256,-0.0012298150500583502,-0.2052991291483414,-1.565066900430682,-0.4850922824781485,-0.1537845450082313,0.03736516849158629,0.04160241309281955,-0.20043615828563727,0.003973264712707536,0.18123346064444135,0
0.029683384970666915,0.10128018428427807,0.03882657468239896,0.19838208503281274,0.8568085386320983,-0.9785326875339049,0.204997061629915,-0.06144941918104887,0.023331607162329127,-0.21552541003850242,0.06756218394148747,0.030958662024019312,1
0.0012109636413383251,0.07688997952607848,0.006254760431930741,-0.08534463956531584,0.8284210581009159,-0.2844817249247569,0.07712294426840766,0.07419337709033905,-0.004273681973908927,-0.05011702684784,0.2734718660284341,-0.08616344572109255,0
-0.26694239521209256,0.17486683269107967,0.0038051278332491938,0.12717617503299095,1.3603696934778193,1.5637028484511097,0.030749636804342173,-0.05465732304821015,0.04521808306723585,-0.08693059764708855,0.15570208542147362,0.09256716883078231,1
0.02632880098120316,0.05149323092927033,0.02248757043920703,-0.19087239838440762,0.6139998447072241,-0.6727736104949955,0.09811019774582125,0.05395067962461754,-0.0006258340249561747,-0.19307700901386943,-0.014332027363053598,-0.06719335530560058,0
-0.174103122624876,-0.04867473566276469,0.04154763157978954,-0.013740351253465288,0.07896375081383655,1.328563747216392,0.07958020737944071,-0.06215840582349983,0.048747739526826206,0.02322462400116848,0.14457540480773057,0.13492490537098267,0
-0.2501006112996109,0.08652293901278119,0.01758841739655444,-0.1944208513647521,-1.0172824460743364,-1.3873224390768029,-0.26663579560420764,0.06781523956268498,-0.008438972933149713,-0.0008224412227929301,-0.08617864649783734,-0.0775454936266117,0
-0.042913780319232375,0.054028756947090265,0.057067260156117586,0.20911721681545675,1.4188298848211922,1.5554869754339504,0.22847311232479073,0.10291836027485005,0.07687150520567326,0.1377573013008316,0.23934418967303117,-0.21941179813726353,1
-0.15485773918618606,0.0827239550990502,0.03940270053764784,0.11243840888368761,0.592010132597325,-1.5594424212334705,-0.019490104641837952,0.16668307983243014,0.058419448584629274,0.18924973017514482,0.19189719355770501,0.18005970482909434,0
-0.10744788665457669,-0.03117022503649492,0.004004048795007847,-0.025755401314750903,-0.5828322233839147,-0.3205267838889272,0.08644353191208459,0.032137886609244146,0.04277534265371073,-0.14024021199577721,0.14608380683348543,-0.17191431429508036,1
-0.043953428628137614,0.045373775401975874,0.04686407481648344,0.005465418233562641,-0.49420340315162625,-0.7667912472131838,-0.09725166563220802,-0.03049021837315736,-0.039693649836495426,-0.11798542801398157,0.009934649227594794,0.13453663313318198,1
0.21776497581197646,-0.0033552397268309317,0.060863342654079985,0.1433714357126203,-0.2980700814189161,0.3350726247161735,0.3048531942128927,0.19337833907432314,0.04621015276655699,-0.03181416551921548,0.012172403615053534,0.17991882626097117,0
-0.15433012621567774,0.047295583540155325,0.015950736795938333,-0.00021046111055342265,0.7584334169539695,0.6242674442839575,0.02491790143289102,0.04839503793304567,-0.001839572891206176,0.0714518117278212,0.26476442723696225,0.14058226497447374,0
0.1699685846916551,0.04903268082674721,0.06769739256545132,0.013527155197196328,-1.1305617524294305,0.4253295139896265,-0.03611519609703834,0.06599284564021934,0.039953699093873085,-0.0634380330678812,0.2496994497402275,-0.0983133062729431,0
0.023102507343090495,0.14455690780927105,-0.0059258992835800215,-0.10833864382042667,-0.989187019573691,0.41285821040667625,-0.1484725820868722,0.13554669311393314,-0.04463214023535809,0.08646250355099197,-0.07593306080620593,-0.20205877689285068,1
-0.08884082412670347,0.1755317226228615,0.04153251344335068,-0.07795027850842495,0.8048561693390275,-1.1674812027697896,0.09109421361252751,0.008308190352074613,-0.022879302264772524,0.02953691744592621,0.20307099941986384,0.10313093774160437,1
0.027293360338096873,0.10918660918186715,0.03591458140484173,0.029635219366185184,0.05739924145417752,-0.5267552298674967,0.2732566793851615,0.028784235843611297,0.028802607674300845,0.062108669206290906,0.29832445954499515,-0.20306901999406066,0
0.19446990112281842,-0.026122447694180886,0.0050910237688642866,0.15457021350572053,0.05378386749125963,-0.837223070990041,0.0008947010792768606,0.18451239202794667,0.05130702182069774,-0.05000862707727449,0.2800934344080708,-0.15420420868549856,0
0.04035839957615195,0.12359642939825843,0.05581708662542964,0.06766615708643481,1.1210218744149005,-0.4324633864784906,0.26994162277378075,-0.024241029748756783,-0.0027829037019580435,0.17227963162525858,0.04920131399686642,-0.05961405452547855,1
