theta1,theta2,theta3,theta4,theta5,theta6,theta7,theta8,theta9,theta10,theta11,theta12,d_min
-0.015573863668578158,0.026649411629085823,-0.0012175923399528402,0.2089842269679032,-0.0909196762737736,-0.02962904834827837,-0.13092310142161512,0.17755139825178073,-1.167723193398786,-0.1557881550079192,0.3449599992647107,-0.2295612416130025,1
0.19988461276915342,-0.04478045338857454,0.02748349432311027,-0.18711015198873762,0.23536450433898887,0.17142775333242466,0.07105331770996431,-0.00492867337504465,0.8103955038680739,-0.4567884600722134,0.05592839318326395,-0.24326861889382198,1
0.06369637805217337,0.08993942626902338,0.0740826563202179,-0.008354489449245966,-0.02364535271775789,0.04852902513622773,-0.15478674408006018,0.10287700144600662,-0.546908375446203,-0.4067565230505117,0.05391957918722293,0.12544161717187013,1
-0.022763723582110595,0.07006247675364863,0.057565051908185685,0.034358739812383965,-0.13256408514157997,0.13774106311522216,0.2667506765251493,-0.04844468265380804,1.0432957763809314,0.9569600825399578,0.18462406532147457,-0.0859368863877713,1
-0.0034226656973973535,0.11184311771824032,0.03777582378655148,-0.15067687877849634,-0.12470334613385702,0.026364109889884357,0.26677888198933986,0.08495913272380778,-0.12900446480961247,0.21584735529208632,0.08601377496598536,-0.030780006117325565,0
-0.24592476292014895,0.12014126361952651,0.0555577919976034,0.125819245354712,-0.03137204101151439,0.025508269598577965,-0.1700432571762408,0.19250829337235073,-1.4732319994566703,-0.19870739781038216,0.23066837900612097,-0.18384609623437187,1
-0.1031916845641519,-0.048995200426489686,0.04250963640358288,0.21066088391438142,0.01007430198458667,0.1944957175548367,-0.1944253344937365,0.041242822701769724,0.5159445166279968,-0.2939452550781785,0.05629909034449335,0.043034646562921,1
0.19557652399128728,0.12732222063729073,0.04903558383033106,-0.14544026388621129,-0.13120901048621253,0.07998185118954318,0.022120862055319157,0.00041065449369401263,-0.16906929469754362,-0.37359335005704497,0.13484734889991584,-0.08256466285685318,0
-0.09058989218043711,-0.031307145319740375,0.0705666720535341,0.04757415779341939,-0.10227022756352028,0.021793045325980143,-0.026253780742939548,0.09628762577609373,0.8752778384525952,0.6810351939592463,0.2273084486854735,-0.20753382674668922,1
-0.13783957118369053,-0.05527532014325384,0.033250575597007406,-0.028402541009954624,0.1305974401721035,-0.056532427278237186,0.09808640630544596,0.018565545075388032,0.8117513236825598,0.6891136816859416,-0.05885046980126205,-0.10324414782636707,1
-0.08827726566456603,0.11486657558345995,0.010057500045660212,0.19057005652371067,0.2348866591779074,0.14230117513595178,-0.09398971753577581,0.11301150148737443,-1.245314681351188,0.2752039566380158,0.14420027299835225,-0.17569963488682627,1
-0.12493611044654976,0.13557234999065826,0.07098767439785901,0.0097639121743896,0.03003726964690656,0.12150384346933482,0.21079986784589383,0.13971335788034306,-0.04189284116817649,-0.02918003772680433,0.300158508743577,-0.18644903406859772,0
-0.09010516654556067,-0.04570825382717917,0.02909496826802278,0.11653504678311916,-0.08210943152780677,0.05779357444012875,-0.2463197910127324,0.17483007244432539,-1.129617860544362,0.16967349071261517,0.2309103347080257,-0.20728898079493516,1
0.17208594889408824,0.1147477442987895,0.0028605894394966944,0.20463730806277924,-0.15119007189223455,0.08421868099032079,-0.16806722869666818,0.12765836303357928,0.17223675388925774,-0.40530402867194226,0.12149362643415254,0.18041512133126864,1
-0.15413410974300074,0.08972023424467676,0.039058223525544805,0.14605822978118932,-0.04586200239251814,0.061776764230090736,0.2828374797613049,0.025411979803981077,-0.20379523159046098,1.5460592711353283,0.06036850368671065,-0.08673975673132686,0
-0.1383004215328632,0.1377134025616232,0.07645050421601889,0.05685112324517971,0.08677455515397497,0.011460550459446259,-0.2602729779050649,-0.01653885269377818,0.7749193796359417,-0.745873980002205,0.20727234883574425,-0.19316200696924543,1
-0.2636300993800076,0.03370151138854233,0.014579415529495834,-0.1482789986010325,-0.10226005697280625,-0.02935534215754905,0.043294439450990985,0.13792815666429337,0.8710511920772974,1.4815349778314377,0.19546970413504333,0.14278785756726453,1
-0.014615264764307967,0.09479443748502753,0.029344069619895417,-0.07154151347226981,-0.028790705001453254,-0.06226738297976682,0.19366840197877488,-0.04789180560132706,-0.9427044537874191,0.954951012212305,0.13571881421803816,-0.22197462363329326,1
-0.0669988660473364,0.02411402054213975,0.0814585972879327,0.08228589180513063,0.1254639869124048,0.04984373715038248,0.14319595003937702,0.1285344954998721,-0.6705588475903473,1.333898468039765,-0.08561377547932562,-0.030492122441204944,1
0.18963352556623098,0.08899581085707314,0.03738818446387858,0.18150346930049316,-0.09193124052002695,-0.08475398794384509,0.263549059527433,0.17618704823683443,-0.10242177111638462,0.8941572306518688,0.3515118785445209,0.08081474562477159,0
0.07381441102732206,-0.005196726708384523,0.03855789840224061,0.13779644739054253,0.18045218160088533,0.06375527840246425,0.03515714771880302,0.12195366740421956,-0.39506210370144634,-0.23273024878717896,-0.0525133292464964,-0.1976481342178521,1
0.12336516077895993,-0.05349296445847213,-0.0032834725644835788,0.17248967251285502,0.11859040759373418,-0.10622738287453151,-0.08685109462958845,0.13930922076106486,-1.1110160132349274,1.0194455580329118,0.11807049252901444,-0.16450738261339853,1
0.10106007715525267,-0.03440752180838656,0.038027774501366685,-0.1380929359189627,-0.14168796426068933,-0.0638150546395212,0.23577767177369835,-0.015954452106773084,-1.4023807315506693,0.28619158258844957,0.24450573543130594,-0.05852508609101098,1
0.22854588716359986,0.1023386799908313,0.040219629040578034,0.06764456709856481,-0.1441057852462187,0.18249237546337765,0.2861987604553362,0.010486162663099985,0.22367052647230623,-0.2629359832919762,0.15858185298418215,0.08318554174280846,1
0.22635845228568258,0.023137197756980102,0.05494052935268187,0.09292286306482433,-0.072560612825609,0.08437769733823122,0.11193819384208348,0.13950956257437053,1.505851937041901,0.9483612640590839,0.0008876655686380353,-0.18935964711847242,0
-0.22416423204843405,0.05116078886853695,0.07174224239922046,-0.020246518734651497,0.10452997441015122,0.007340924984907779,-0.08243973741803132,0.15806150059297264,-0.7333051830473434,-1.1311271896045754,0.3261085328509237,-0.03541233003824934,1
-0.20475216176454408,0.058219129291598753,0.05323287184787297,-0.05474669624563466,0.17392983006670204,0.05512641543001834,0.0032995705057621283,0.16453367309276706,1.3073327813498785,-0.05994125513775339,-0.044153917224156417,-0.09465936661475521,0
-0.08499318802258576,-0.01549901202557348,0.04534410036834312,-0.14913229070585513,-0.07155468129493285,0.06365212970174447,-0.11177939825175279,0.10661281172807363,0.6116661244900843,1.1326578745433074,-0.051613915190781276,-0.03935853992736635,1
-0.2594629758838576,0.0660182132293749,0.057910985626393505,0.05229858808979476,0.017351678315267904,0.18102758302744504,-0.20859631610745147,0.17016334099594735,0.8874396885367772,0.9266605944068897,-0.02169870752946089,-0.18466048912751554,1
0.2160239375285276,-0.002567294508155238,0.07134080851964218,0.0028232804169373293,0.02268302124268376,0.08147329808085105,-0.14300908629233658,0.05074006179205061,0.8287194446206863,0.9396284098478891,0.32949996868587755,0.18050233742466482,1
-0.2829768156492336,0.06995101648877453,0.00756898647756366,0.05288385794210543,0.231632781359072,0.1660866429152545,0.2679157147787069,-0.006117208393759718,-0.5223774388493321,1.2508709587152225,0.3193763920644227,-0.16929019590850314,1
-0.2244367870692772,-0.05653851564492668,0.0084887074718508,-0.12971969743259715,-0.12943249140568394,0.15719736657819994,0.18405837572795908,0.004759109672558368,0.16639822489410583,1.3694795586727715,0.26276896002247574,-0.11185778477660774,1
0.011150760135742788,0.033464968711060125,0.009008832943271886,0.03763078395534364,0.13713102737232652,0.12222755227198429,-0.06123605295853701,0.0746286649362336,0.2771301199033529,0.5843425864311091,-0.058695006033631925,-0.08867852036317009,1
-0.18456215677724522,0.031768298447522256,0.000480205985508686,0.040325819609925984,0.10582059298660385,0.13404341381145457,0.10910242692095767,0.04228124028107218,1.5606888256099796,1.19068807632632,0.14954026801393455,-0.162453199627489,0
0.059519758769029096,0.0846511577669033,0.05401656744132158,0.12027321044405631,0.2021423239327484,0.18200316624554913,0.09732862247068447,0.1928920188230119,-1.1209113119767662,0.8690513337735661,0.1997661455070403,-0.174815307661434,1
-0.14342074005977412,0.012974329407874421,0.0358374317725534,-0.20534664780333883,-0.06676188695931068,-0.09862896953132368,0.10912305257472582,0.1726188268979936,-1.3902917079187624,0.9450265004348635,0.02731086972729231,0.11903977644913999,1
-0.24784115673851156,0.1778388383939496,0.056877592842153615,0.003093600197881935,-0.1218472512331993,-0.10196171579331494,0.04774197536891711,0.04690054113453253,1.102551653252476,-1.0826312037349748,0.10577961660035637,-0.1541090041728338,1
-0.037167333010522774,-0.019793487695464018,0.05253487642750376,0.046126266052717135,0.1605833099288807,0.029619224151524265,-0.10618412817461861,0.1586327085188638,0.6580758152159489,-1.02637856223334,0.14972453286379084,0.12900360649937337,1
-0.18208871374597713,0.03835714275462078,0.0642686528728068,-0.1537322064088132,0.15980663862308075,4.8883697268575776e-05,-0.19484315739093477,-0.04160336666186709,0.24497405763568247,0.6272964660096678,0.040057476665249586,-0.20186777978152834,1
-0.1709310646596435,-0.00761429763480205,0.058531890944254414,-0.11881288014210623,-0.07455992821222225,-0.0976689038917779,0.0780355505226491,0.11965202280591275,-0.22638390904056105,0.3485008976950128,0.34982647339162287,-0.04663847716618014,1
0.1806485449563654,0.09787692980224366,-0.0003907146303744474,0.13251735109108514,0.07123951092118788,0.0918496016445712,-0.16316234103667449,0.053151480524982544,0.22751791000344324,0.20652376735623168,-0.09148111662914261,-0.14038761147933732,1
-0.03308294269620038,0.14057508080687844,0.05038082870558061,0.1785855510900054,0.020240347278748128,0.011708135119950752,-0.13352683308428476,-0.004871051996100967,0.7432558618341718,1.2133050643124423,0.01934886452571745,0.13332306807614624,1
0.018187256855620892,-0.048152034560894716,0.05591666049363386,0.0042551665550416284,0.1781804130680263,0.10066823341934447,-0.2649258736375191,-0.008129688070323472,-1.3955167409124034,-0.6888800905403205,0.1411490197826681,0.07301841754174393,1
-0.018555882272123125,0.020254655104314193,0.0013798597250220396,-0.12428356491571751,-0.001447798633871733,0.060712095712636666,0.2758984468296257,0.0008558215330535385,-1.1942281745842318,-0.4241532062142872,0.23454976914148973,-0.24761263988208349,1
0.06350360467151439,-0.0197390692204258,0.008341293860270032,0.026332925698676346,-0.011490748191201938,0.036262092423656606,-0.08867730171236346,0.1895895966223294,0.07877727131720014,-1.055820904628951,0.298785928791385,0.03674937107230086,1
-0.1275975358639581,0.07508097876301315,-0.0004970300980226966,0.020743769917788146,0.010669760785519844,0.12369993153312006,0.2233701453452388,-0.009748658254035016,0.8017367425754978,-0.20793385420705812,0.15249579400554136,-0.08842623057466015,1
0.047809762053748095,0.06368329798425022,0.07701704063698613,-0.036873827970797524,-0.12745150297636124,-0.015405327964990057,0.08326563945525689,0.005167279157063859,-1.3058778494913905,-0.8048841942650595,0.2493469739389959,0.15694787829602402,1
-0.1117655009964848,-0.011877482146482196,0.030162801378317904,-0.06120317515089291,0.2318237037955676,0.0339934218594557,0.12575248545605172,0.17909741161916362,-0.05472232303589708,0.8434906309024506,0.18596549177284988,-0.0775044058814596,0
-0.07047942478366773,0.17907777285707366,0.01726436104821212,-0.011702130180307524,-0.09682096497382707,-0.053046472351941924,0.08187076080962258,0.13605604375656832,1.3104402918122628,0.4108132347452911,-0.06430079807913716,-0.04771637761410094,0
-0.023487700658013033,0.1282416626036182,0.05010829305181844,0.15837648633916096,0.14985946091754526,0.0041008128827265955,0.09850726369607804,0.13506994910490183,0.6375250822945226,0.4200370874374857,0.20463838122359096,-0.08151715863721878,1
0.11048870065492156,0.16267475271805362,0.07543703695390105,-0.14353289773241884,-0.07931127555931307,0.12278346430891918,0.09780587702111215,0.17680198111897064,0.7297783994004934,-0.18812148348406255,0.22085424249306967,-0.1674162058666986,1
-0.2401912994683814,0.11169330205939668,0.006356036498851669,0.12585519815642,0.06043450126971753,0.03795878854074444,-0.10799007603359692,0.19762249704630372,0.8708574204416208,-0.032342810694915514,0.25965800015044976,0.0018312445439334635,1
0.2262879628804923,0.082726828364589,0.039189573513613365,-0.09423160990025486,-0.04857525497183847,0.11727855767056525,-0.073695626570069,0.13015801458995907,-1.453911916588313,-0.39971464829685477,-0.04707362056316519,0.0377798019289603,1
-0.30728967995429834,0.13222525307257882,0.03969876382756529,-0.002910362017618101,0.06532250566624428,0.050021165496612785,-0.0800580743957133,0.011905880827878329,0.3827590083982717,1.1245134565219448,-0.029692321606441516,-0.11109250014218441,1
-0.2024429067093237,0.04455594431877516,0.0040892700111578445,0.11167924536771823,-0.1191485800234245,0.09542987454472593,-0.11251650577683706,0.06232706347654282,1.1095022673923467,-0.6313169354866367,0.3416947733969841,-0.15596533402084897,1
0.23400580362158524,0.019740427736364266,0.04262213521891464,0.08665058635463768,-0.08122258720200723,0.028165528876203993,-0.2282332326273001,0.12178706471939627,-0.6394231409849422,-0.2890622734477739,0.03363878868222464,0.1497469597995867,1
-0.23184756428901532,0.08836531548106397,0.01991741737372746,-0.13309369279675393,-0.12292142420010825,0.09249537511676864,-0.13251388229291003,0.088934851870584,-1.359096659818012,-0.9357858216572259,-0.07557340700822528,-0.19034222917691015,1
-0.24430558698093296,0.053361828448534196,0.059584764113677566,-0.08462104075390622,-0.10237292483577454,0.0879574213029537,-0.09314002833245955,0.089557824729111,-0.8317950529947292,-0.548423826177634,0.14260067558512043,0.0988761875071214,1
0.08403853902489,0.1235707042750086,0.062119923137027536,0.018304392906632994,0.05210793916957834,0.11178927579307796,0.1363843539762532,0.11464857020998437,-0.6806046295946419,0.1930766984611676,0.016374363570269654,-0.18471921335795288,1
-0.11475665072410196,0.0023358648530146728,0.052187080741052785,-0.1122795171192546,0.09978312613018459,0.04904933275218079,-0.1792432911853986,0.005794278778460768,0.19521610393597677,-1.2500523460323292,0.09040857063731089,-0.1511359381257042,1
-0.14348638946417847,-0.036329444172035985,-0.005749322124079671,0.20144139773233288,-0.12194250164586051,-0.0694148321096576,0.2367208230667659,0.11291593280204265,-0.14092997482706626,0.05051569594733296,0.3356225211442929,-0.20926600061289036,1
-0.1729521953308725,0.15008155867734482,0.06285271446704992,0.21037281923086226,-0.03583858054091406,0.18073102234037652,-0.06853081951361045,0.12655716887597135,-1.5647853779011265,-1.21809903506409,0.002410671862833627,0.0004997167496841315,1
0.17129162698206035,-0.04026814610577266,0.06923097031213772,-0.0648891227123273,0.0007083867229277785,-0.003835741024855538,0.26017635293025765,-0.02794708851779386,-0.8086038414910353,-0.06322892226965537,0.33270307320049236,0.09500800303214185,1
-0.17862641104929403,0.013042071354509563,0.02661037361804836,-0.03855356722159828,0.16346196310998284,0.06470194108012542,-0.019750508209598006,0.12770781287879374,1.3151048276863444,-1.5409242850816725,-0.042430266600313814,-0.11057325624831588,0
0.03307264727885839,-0.026652001783877097,0.041921758817838134,-0.095965185039573,0.11519227496999601,-0.09889078584167288,0.004028232526457565,-0.04871256917038616,0.3740339313806984,-1.058985453630433,0.12277605221563162,0.08154194856266805,1
-0.25526306932154796,0.11961060584164074,0.04501466681537615,0.00337709357289806,0.0772152411254009,-0.005044973095211028,0.14373162687452445,0.14363190588848607,0.9395304598382819,0.31630450522869746,0.20720824793978904,-0.18804538355443967,1
-0.02856435730944623,-0.05886099912035888,0.009545574319005122,0.057119663171920465,0.18603462661024567,-0.09255611009496661,0.05585881667540121,0.10584774841277475,0.7491424134761815,-0.5741390426518667,-0.04446627173149554,-0.18863405845019432,1
0.0519416017010495,-0.006973089874080934,0.07626149461423626,0.17927196904964088,0.21544643441696382,-0.01814546949530077,0.14755851133509973,0.11278601232201085,1.5482855872617904,0.26576593918127966,0.0029260483117421465,-0.09103679404239137,0
0.2339487324076202,0.14650070198503218,0.018611319783643887,0.01412581439227048,-0.08399474966169165,-0.022879520502548933,-0.2298682445944792,0.10738974800736029,1.0558098552857678,-1.512975892108897,0.3066422762139996,-0.18283428347124253,1
0.11347890536059374,-0.026684572003894617,0.025902068162148014,0.007998201213425205,-0.14052521705859838,-0.05969074657702548,-0.1105448250607651,-0.028807003544224045,0.8114458247601279,1.517929618617824,0.13742900042089723,0.1815148539815607,1
0.01229139687210884,0.04074549467872546,0.07639651495749596,-0.1158813106297956,-0.08904833583752482,0.05580375884990532,-0.020125405305463362,0.14821183966837118,-1.1009651490040067,1.449265836758842,0.2331453794570889,0.1707920490232281,1
-0.2291381013073281,0.00048730008100435207,0.07663722241277883,0.05665242011823335,-0.14504653994380473,-0.08391822707387284,0.1872093086711159,0.08752283579874612,0.7589895290319675,0.7257669666897775,0.01861072549161412,-0.18267243065291058,1
0.039345709106341054,0.15547100467131586,0.016052992709778363,0.07807081062606025,-0.09978533587494703,-0.05507067412095605,0.25440458178544,-0.031339507164505245,1.5047653498408582,-0.38576570368316254,0.07407930162485366,-0.07977715212780903,0
0.14607066543203007,-0.01566626126054492,0.05101973436691869,-0.07739895818612835,-0.11883145148920235,0.10221248209260045,-0.08301818589648757,0.16662070918534383,-0.9522295524430177,-0.38557321374736775,0.055732656722625784,-0.1495025324211089,1
0.19938570365857805,0.050843679367161373,0.05623308541892846,0.139735966074851,-0.050178286632090244,-0.07118108266271449,0.0942267897895449,0.09353001882609516,-0.6967240594235281,-0.9354433608331992,0.26954742289519884,-0.1000957571294821,1
-0.17375144007949556,0.11712048844112877,0.06332786567692786,0.19347701116921584,-0.10168288166064596,0.16376309227087,0.17543300704446563,0.1230685116915618,-0.7773500476742959,-0.6444097983359358,0.14034325664460634,-0.1280779182170499,1
-0.146502076505642,0.1663644184695482,0.005857280668916255,0.18499807100416304,0.03933860340912826,0.14820985133845027,-0.10332480644856379,0.10509298028986719,-1.265489429464795,1.0858024474987273,-0.009623224420902396,-0.16344654090193217,1
0.23160297351934617,-0.03563576381682113,0.04959914257267718,-0.1843372947254972,-0.1296301867903712,0.07465146965259903,0.051699355085640275,0.08899085393749673,-0.29875541170068387,0.8164470112762696,0.3617568257621838,-0.13242851720282178,1
-0.12721737896312207,0.019198562361842017,0.06127540041497331,-0.062819817705141,0.10779864245241078,0.028508296077026957,0.08437184775321477,0.15668124259593938,-0.15744179817544368,-0.7998868247071217,0.030432836191751536,-0.027836333320005874,0
-0.1622245817906523,0.14600581200243115,0.027277670094133417,-0.1553611415422818,-0.06511061511014395,0.05556492981397418,0.26295958846405076,0.01694389523637045,0.8709063598489537,0.05545717684346907,0.350593789569548,0.1156057218361729,1
-0.226898215338105,0.09001869483047728,0.06387198445206936,0.11472920621737898,0.033415724393953516,0.11573725465753668,0.07035146380325985,-0.009265164176381055,0.1708679734053915,-0.9177678244761669,-0.06324049518893099,-0.0804937407560575,1
0.1627182714725035,0.14618217614572193,-0.004938942726895523,-0.18054473575674726,0.10507894011071728,0.04501523812696831,-0.18103313239370972,0.1504709804053336,1.5342162413514704,0.9994867077301299,0.25088448421154,0.012333177309567178,0
-0.08648781895698526,0.10925777420875585,0.07472464430429246,-0.19548990754056478,0.08837760322030763,-0.04095919766153634,0.006989033649120735,0.04957934857001553,0.9220151053278653,-0.9044625212070964,0.2751635040753931,-0.08724205520080397,1
0.19617085693603525,0.026901396364498273,0.0682169118787969,0.020227995848917962,-0.00744733121002733,0.10725694314422085,0.18791215793274263,0.06510375428872553,0.4153680329148599,-0.3362079904694675,0.1758017725750824,-0.06722353609968706,1
0.1218664984084678,0.037877078190177285,0.0331013680936864,0.045952583694129634,0.23056637731018836,-0.027988566742433968,-0.1332173506383018,-0.015758881614730304,0.559215351162661,1.0864637425068338,0.08600198052275976,-0.16365540682931878,1
0.19843217698860777,0.04846258744486176,0.047148399933947455,-0.16236936388916903,-0.11736520064387734,-0.08696557468854002,-0.05483509943156678,0.06251126457016953,0.748923637836014,-0.3041397590660828,-0.08867819907958267,-0.09962643043446565,1
-0.244392018585063,-0.028224994664726548,-0.007623840405427988,0.08444836590574356,0.2085691358911066,0.08209387200292026,-0.21180654765841903,0.1991571914961289,-1.281987647754719,0.5259183586808198,-0.042256642767115826,0.06138494740307748,1
0.23877554319993882,0.1302022845968824,0.04864754421427746,0.04828344128944129,0.2270308380044943,-0.08520698776529395,-0.18091872170731427,0.15715617208377602,-0.7060210696106202,-1.1346248818270628,0.037068632986397454,-0.14651356345878078,1
-0.2979974782635445,0.07844643385308567,0.028401423241574856,0.023239552222540844,-0.03956011352731406,0.17968603924008109,0.07484424111187349,0.19163625897574202,-0.5636577523310293,1.4950431467719623,0.2653937592337621,0.10783467237803368,1
-0.27907829968587267,0.09284852595871448,0.05199052076368271,-0.14833255082966074,0.05862512701253922,-0.033323156048464087,-0.25797583925600415,0.16670188452500875,0.13988198240980632,-0.0319518358696671,0.23872546313583892,0.1802826169198739,1
-0.06152875433355798,0.04465671127937766,0.01755171740868265,0.054335109684728045,0.03233378200490028,0.11480065150806598,-0.061107369937813905,-0.02793375743553319,-0.06089203884115757,-0.13674010922518698,0.06882109123732344,0.04814881348599098,1
-0.030294834025264006,0.12588357726249427,0.027392841504366532,0.016496420714218973,-0.13722110955684627,-0.05415511307395214,0.18508179484110182,0.038363516409640794,-1.5464279170080004,-0.5145518988177666,0.09650605190084721,0.06015391875405568,1
-0.10424611235710476,0.12203776892644194,0.06988292793305513,-0.06572780499672343,0.1567449170110518,-0.06880675709010284,-0.027083022146868557,-0.036734500275725473,0.375759171545365,1.3593084567776155,-0.04368077458643686,0.11147046295658158,1
-0.0008823555085682444,0.17129755101388802,0.04081994632106799,0.055841808749747035,-0.08707556794869638,0.05739513114095027,-0.044439691526633934,0.18376382355428217,-0.240224460705887,0.16386067567629614,0.19177715023391706,0.02542218911119154,1
0.009935151791023,-0.02921280228857491,0.051354656401669405,0.12786585783246818,-0.02344065312913232,0.049454724199932826,-0.20015520941254877,0.18356639442745928,-0.12180409847001816,-0.23620045607946838,0.04482582354291398,0.10714270817762567,0
0.08916554240925195,-0.057792698871516994,0.00863523785933698,0.10717940676989907,-0.00023861202464661724,-0.09951589761025981,0.2905333102172626,-0.022542579286844402,-0.027451618331110206,1.2341174013439915,0.2453848412044327,0.08577150092762253,0
-0.08489446443541554,0.10090744455331202,0.07451514838033234,0.13451296640349752,0.0041411217516220955,0.02716253937955959,0.2459339091762569,-0.05344352056325718,-1.460607580121065,0.47808888430278595,0.2865721731572579,-0.1858163352523894,1
-0.1491073557268447,0.09374977463821607,0.008697099739926467,-0.08180053186578093,0.02473293472025498,-0.037926332239369975,0.30703075945830594,-0.019313107629224967,-0.761600847722755,0.7923127913213557,-0.03254624917651746,-0.2009426283655436,1
-0.025767078943755406,0.026621700281544813,0.013269978564310819,0.19544262953538577,0.023334288488090077,0.17582711592422223,-0.17255693136242367,-0.014019270636678093,-1.0194119540346853,1.0145579356136654,-0.0070467736625018235,-0.21130969531845187,1
-0.26900116795233303,0.12398246691369372,0.01758872753071913,0.20367763035100717,-0.08761508944727404,0.0006136738166082067,-0.050456973724735066,0.06972117507541128,-0.8766945274039472,0.49007198035849897,-0.08698949492405214,-0.074290400974283,1
0.1621777559238755,-0.0594533401972256,0.04042397157808311,-0.1002492518996146,0.0032982220200017676,0.020704085034329384,-0.04070454448451383,0.17332287466192917,-0.753020182223007,-0.25541988583152286,0.24048410320069374,-0.09961266371537841,1
-0.02962897739109077,0.03547431395562696,0.06720543217191874,-0.13063494636782283,0.21059942066798726,0.0695496326953556,0.08666049552288141,0.07412351246916343,-1.5666481598285737,-0.9034497840400671,0.20772370240583593,-0.15927493396321957,1
0.0213533227482669,0.0268912053500725,0.049812337209874574,0.021651892571882242,-0.08897739658019706,0.11662269020973859,-0.002924620499320796,0.08328329574152268,-0.9561723599125072,0.5637148089161277,0.25062027165802725,-0.1624961822244214,1
-0.24942855640256362,0.10352143464389638,0.013395529475059651,-0.16149205368382707,-0.10815489347629878,-0.012090860214844262,0.3066679856600688,-0.020948769780565805,-0.4478593822035499,-0.7385054632102399,0.34856238352499547,-0.15287357688513598,1
0.19230253991166107,-0.025658872000368385,0.06111807807537831,-0.20444114398987684,0.0008639744462230758,-0.03206134384470402,0.14006615452040133,-0.05828693807475819,0.7984125569049823,1.0041998148673958,-0.07020041684850628,0.1383343468713637,1
-0.1055583702798594,-0.019240100545931282,0.012440223000772781,-0.06667080710527021,-0.0815763135275272,0.048242751482488105,0.0989184800403008,0.052077911765092744,-0.00427182280837024,-0.019869680510172127,0.04598545217169964,0.018711268914663126,0
0.19945508009876106,-0.005537048487900473,0.04825689104028476,0.19080627841040865,0.04962700404956186,0.19049627830533578,-0.08800739451435444,0.08668179850524727,-0.4437674346023588,-0.2867781550685218,0.36409576917280667,-0.14798783819981903,1
0.2454490400196872,0.09958782575564185,0.07404841438417406,0.1989359959510521,0.06468396590086259,0.1974496152487491,0.1767246404948476,0.07597797856680055,0.17081293341245796,-0.5629531833806012,-0.08649777674019181,-0.1407009500601502,1
-0.06323963286768738,-0.0039442319524749525,0.03864386561465731,0.06819971501294442,0.09950759642010576,0.16513594575333307,0.2919240089744779,0.17299099029114257,1.0261202292405576,1.3423652592226556,0.3394904832683709,-0.17638731134372104,1
-0.22588895099487974,0.01786349351790799,0.04405307165007387,0.07814617147181213,-0.15484713875338907,0.1298280741885265,-0.1661773050583345,0.015865920649920068,0.19677756343226993,-1.4866881471729265,0.2558462369241585,-0.23471804491386766,1
-0.20002368098165463,-0.05406420380466617,0.06264024156108679,0.2059195039180371,0.10099346485957339,0.07251315880065429,0.2582000894048241,0.0048840484136739165,-0.7211267850541115,-1.0657526984833554,0.027405711395518534,-0.05607172196598895,1
-0.05100466451502644,0.018171057995805012,0.03612754755102725,-0.049234453665497224,-0.11535130068237405,0.1568876136568486,0.13848320618826948,-0.05160943946010081,-1.2525266389622631,0.9764235130333547,-0.0633297914715369,-0.22682869549083923,1
-0.22262788742568473,0.14705316731912188,0.06717446939992734,0.12112787006709397,0.08324185155357511,0.11319374656455544,0.1600234725177782,0.17262551467783532,-0.6769929974394961,-0.6160786181927755,0.275817384090654,-0.010217127339745058,1
-0.19055247646647916,-0.038905614920523475,0.030018113898545407,-0.1711809370754921,-0.09308503087200512,-0.1002399549897104,-0.09370385151577992,0.19396077538327364,-0.12017660084064063,0.06986780710464857,0.0927832722657789,-0.12129635848213877,0
0.07380422296499695,0.09506483201717567,-0.00555015046546418,0.006217017773681749,-0.1457786626132704,0.09912141321378665,0.2742606323470619,0.17743147332183987,0.4762421293158814,1.1662245323674119,0.27078493738950216,0.12394608721172196,1
-0.16383855106901304,0.05032912842355504,0.012080630263823968,-0.19966362297845813,0.10078185342744728,0.024108182971432107,-0.1238595965346872,0.16146434579693214,1.2653859416952693,-1.4283396984728656,0.2709182757791873,0.12605587662291629,0
0.13085493436486717,-0.03369651135012383,-0.0021280757112380746,0.1769010567141674,-0.10539967447431414,0.011833491197726365,0.08559125853325517,-0.006501014164912118,-0.1726495877584644,-1.371812083989845,0.07334171466335848,0.04214828378452817,1
-0.26968635567060445,0.05956798500117684,0.007790606090482915,0.04654728922426882,-0.11410270625396794,-0.04722365954445271,0.19788952008616195,-0.00034816297424096476,1.0743656183229777,1.392220583012458,0.015837373127537482,-0.12224754406967273,1
0.1925774739869392,0.03725444680849119,0.014101589058184531,0.01691926242046418,-0.007440927054295693,0.1335422099787509,0.30589140146149807,0.07670776643936139,-0.43457904714183937,-0.3406685171108854,0.3531450329643038,-0.04204542137139797,0
-0.21064787615755298,0.17661513594474168,0.07921960798851589,-0.02574139741522266,-0.022268850253896827,0.10005921118996916,0.2123829369055108,0.069292629077816,-0.8832687298838665,0.049472823544481015,0.05767294796858746,-0.2011400392499109,1
0.13388840246916012,-0.0339316095844167,0.02813581711154869,0.1430245254177529,-0.00013116775627600163,-0.017593564702545708,0.2814655536519539,-0.02907105379027184,0.3956072080351136,-0.936136829946041,0.09738842982346199,0.022610650060155946,1
-0.1004869123038212,0.07073723855232714,0.010491296986611838,0.0306139744743108,-0.10684008019508115,0.1353416747970601,0.07046916044879309,0.06490314019382293,0.850227890909262,0.12709681341617074,0.16593627974695813,-0.13683382590814966,1
0.07593441184806182,-0.04080029797753616,0.010916936336098419,0.10185174533454322,-0.10182682598482515,-0.03260629243348004,0.1092948665349947,0.1301926435656828,-1.2330391807058858,-0.007386214572710603,0.11227697768313427,0.005655334504066467,1
-0.052449420763993726,0.09813518302321944,0.06061470172879237,0.19147085572206718,-0.021597948762675928,-0.05775636737596956,-0.11461586527810871,-0.0233539643180537,0.4320921979192167,-1.4103829294817818,0.06702091536552512,-0.187728729376459,1
-0.012953984022230192,0.18215202260785965,0.00905472579335995,0.11889938112826176,0.16584362365713518,0.014918279050533209,0.09117232115463253,0.05179850307561021,1.1185590719213476,0.4115454906177267,-0.048003569647620786,0.05538130528926516,1
0.1628984088363959,0.01538606458525689,0.04340574875432661,-0.111801531989303,-0.10965015717667018,0.09492850586483872,-0.18986216535923475,0.1442435850916555,-0.8933452547081205,0.7699400663323741,0.07681821181776038,-0.09189314223715941,1
0.1177993873467984,0.06480746355538221,0.010216681732821399,0.1495623035977684,-0.02544889376565848,-0.07615980453553176,-0.026667633577812377,0.08923824220762411,-0.6552255158264176,0.09228885164254264,0.15581098748062724,-0.15510934013349864,1
-0.16265247731571328,-0.034935131631696204,0.05879237674597963,-0.16515439480452596,0.07972092562770905,0.07459004692134208,0.18724577869027714,-0.04279851900360288,0.15775263259192895,0.643788537085966,0.16989610048446518,-0.05319316898872006,1
0.11613786801928061,0.16036948107405338,0.01584949865270527,0.17115045058028233,-0.11707921168623389,0.19073584632764756,-0.1720636318416435,0.007867412228056064,-0.10209854619428449,-0.3389315296155082,0.3581218008076133,-0.1231963500944104,1
-0.12597128439472316,0.00846248577009412,0.00602610552780471,0.12294470143792952,-0.1360715723737022,0.18771306896291073,0.26934395363116836,-0.031214144980513482,1.3502105106938125,-0.006493982242892882,0.29799267323970097,0.058943284501449256,0
-0.29986809207455734,-0.04284367812909466,0.06406747746824518,-0.05080156556453219,0.10451076606039378,0.11797949189323159,-0.02308807741702157,-0.02461863670372897,-0.07159001149161681,-0.01785236470130025,0.05972291943417549,-0.22526381275632826,0
0.23743508965893584,0.10632237117400187,0.04107932549314049,0.1405574131810412,0.0026616945594151176,0.19300325220415715,0.22896845937559157,0.011650928998498108,1.2242828822071197,-0.5829474601420989,0.20969076950993515,0.02592577183145195,0
-0.013026840035870402,0.17579280206167935,0.034851805530588836,0.12137133458613752,0.10041862733791196,0.05056306630330448,-0.2431302891599814,0.11132667192458881,1.4107816622490683,-0.304958029286043,0.27208654427950646,-0.04914061776475795,0
-0.12681219640400548,0.14122829920391602,0.02314668528229751,0.05294157701801605,0.08451195819319043,-0.09140370389828376,-0.0227120942682687,-0.003623945204801457,-0.8312949403748747,-0.7027088787463827,-0.08632536829776878,0.16955597640255426,1
-0.0859438634907311,0.01329184135434451,0.07550499376615047,-0.004203975537941246,0.08309091948935862,0.1047611356327175,0.23697971061010248,-0.028225354522359906,-1.5564798644034892,0.2234655168550268,-0.0874794946884275,0.05592082827071804,0
0.03777362432176523,0.0751088334318894,0.0633238650482404,0.20961874492243482,-0.14154821314963953,0.07995388144217494,0.1474587980148157,0.01836593149163082,-0.9561431019747159,-0.2824468090869181,-0.016393929637095878,0.11960786427583209,1
0.22813894290890852,-0.03525808625969153,0.0602231482423598,-0.11904490794271873,-0.1574482663535924,-0.02801061868954198,0.22742665250850702,-0.025199813389104576,0.7993596540049428,-1.2629456880213088,0.0941128196226961,-0.18787535750056117,1
-0.18081704904762977,0.13407634707199168,0.04856272675658736,0.11173553698990446,-0.12140279370233434,0.03223508492600999,0.19396284215420645,0.0077501078266795365,-0.7701529806311523,-1.1459803783834188,0.06077105395137411,-0.17176480171217962,1
0.2344599573732858,0.05818905294804662,0.04718318219010259,-0.15874337493744942,0.0813925204643137,0.06189217083034415,0.27201498932792256,0.04649498812424964,1.3106221502956863,1.1021309569637963,0.17295869912441214,0.15121445021971353,0
0.04580787017513732,0.11374822435830803,0.07151050592581067,0.1812745617043791,-0.07765717011231929,-0.04777088013300124,0.05118305136841367,0.2007085639887409,0.7170973924437243,-0.1845605697710475,0.15391703634778467,-0.22450315104366458,1
-0.2111010960281301,-0.023222107895502983,-0.005498152301164301,0.095368499315863,-0.031259914351011664,-0.05609944119328107,0.02904947027976773,0.02299474836755379,0.2595032568476481,-0.3293802300996227,-0.08971825846461315,0.04726770535753538,1
-0.24925690020788624,-0.006114898251933766,0.009248668754640949,-0.06985769621109816,-0.09669007296053263,-0.0016725783007341677,-0.12666883932441508,-0.04634569469227463,1.312080389404805,1.5203417319367192,-0.048007220105145104,-0.02538760821644212,0
-0.24203773184294305,0.12883647425641825,-0.0024414479806284355,-0.013519576670433159,0.21353450975642602,-0.059017993131961675,-0.15092319538914067,0.09624638390231677,1.5071326152550968,1.2042836863704418,0.20480426867594292,-0.18620666655199403,0
0.055172867408624815,0.002051034809556783,0.0476563883631468,-0.17245950173640448,0.04771638452980417,-0.03509061731826514,0.1271565760595859,0.13517129267495395,-0.013800054448410704,-1.3966407359369415,0.11832438023388783,0.03954298938814149,0
-0.30218397172909617,0.16099230583824745,0.04787936278374695,-0.031820443373419605,0.011827183332203117,0.12371882650113275,0.21501464608212312,0.15109874503155424,1.2111142364952594,-0.8919961580458248,0.34044450724489844,0.02369021408260802,0
-0.0008959589599738527,0.08625863638445183,0.04916183064120122,0.09150489253732269,0.05888646551110696,0.159520141621376,0.23020801686606251,0.05441217491660291,-0.07493980177611137,-0.1584687628721444,0.1920552241181291,-0.024580399237636663,0
0.19811062004904018,-0.03684029077216574,0.018065938834755057,0.1560646084659706,0.2117874751306575,0.02241861562938574,-0.15597411989271628,0.04861375924182772,-0.5270080302111619,-1.0389170188178332,0.03380380404728664,-0.11637917984380847,1
0.06331297644348449,0.09197757928440639,0.052089011918149616,-0.050446408617829064,-0.026912220901790157,-0.0002734228237132319,0.2831576068997427,0.04198077430224109,0.4110637044061367,1.200029720832897,0.30877583125109415,-0.09177370350046571,1
-0.06371369145325237,0.1458167860914637,0.006582694255294966,0.0412924240967954,-0.0017929574599413745,0.19320939853025348,0.15012557573330848,-0.05974125051213244,-0.7964539608006679,1.074100276564833,0.16474454381853387,-0.14970034901714202,1
-0.22709973227689936,0.0935867644135901,0.031915633821374426,0.15430197560190723,-0.05624046324257291,0.08696696902526885,-0.12343920824732693,0.10572665655339303,0.21613814890676175,-0.6599208825125966,-0.012644378256578298,0.01137840209641311,1
-0.13106736862253782,0.12845629081527515,0.002372692434204267,0.025193822101343244,0.074916987244695,-0.10076950584713472,-0.24666715773280637,0.018974342081102782,-0.28562968537640865,-1.2977259413603548,-0.05006248414127346,0.05372901372344924,1
0.08461102824406513,0.10359322073502836,0.03883559463459452,0.198776708659047,0.03853434053896379,0.14821528229745407,-0.11552095393165379,0.15067693753891132,1.3438277096406883,-0.025708494363462675,0.04738117367429512,0.1160142064798832,0
-0.258109950854252,0.10559898965975828,0.023035474346008993,0.06850660270483216,0.0030925447577325738,-0.10475688110300634,-0.1336088447567199,-0.05132455456471964,-0.15518990429323187,-1.0020228887886362,0.2456258088666597,0.09107947930722482,0
0.15028232353723414,0.031109016696753478,0.03791650458359261,0.0050029117593034245,-0.11529224292453377,0.07495450621685401,0.14942835717598058,0.0990236337923375,-1.0444739011172772,0.3976471435700921,0.25632198933984274,-0.16189143823186725,1
0.19022262620777802,0.00016769848046339908,0.03664221068057383,-0.003952802070399858,-0.05367643358388749,0.002829277512424136,-0.1600539233005711,0.08821727309988456,-0.8668106100349712,-0.6691578214107518,0.14057722373845713,0.12286284172429718,1
-0.053184923152993224,0.14300692686953687,0.03250135983189799,-0.023831701304181108,-0.09786098040469018,-0.06938692577049815,0.08650927529900249,0.1562365169400697,0.08962102887930201,1.0451083516371484,0.07242100183590927,-0.06732023824248318,1
0.20033377774018885,0.15885077769253783,0.03962664308275031,-0.09294034676530387,-0.09204170694963805,-0.02466530310392563,0.1844228590852729,0.02329788621483593,0.017278852781190235,0.4291446789372011,0.12707279766205945,-0.09918312167248697,0
-0.02386476536703236,0.07934635865107195,0.08194854730055272,0.17048227398059768,0.11537163408823858,-0.06061209004380479,0.2645464391874408,0.17349103646435846,0.16950073506493868,-1.5035701241308586,-0.013548468190833662,0.0760481677407675,1
-0.08988813104883195,0.024440877142101664,0.02745183223016037,0.026401800411537613,-0.028075325682761415,0.10295210994786311,0.10748193973058823,0.0720242848726022,0.3346182925136496,-0.1736795920462586,0.09655093924022812,-0.05678102431300705,1
-0.051158018062817,0.029425183202278535,0.053222744642278955,-0.20405664621197073,0.18569686951699693,-0.07626283288932927,0.3112568904331796,0.10354924761683693,0.5023568069045383,0.7059248218551815,0.05982434933122943,0.162571171523462,1
0.12060917181666464,0.06401544157140741,0.030992797052923463,0.21105433863883233,0.10409596372985358,0.04926499153693417,-0.03712119979499218,0.023295785404205543,-1.5121052989718915,-0.190979468533365,0.2959667502032772,-0.011434187034117055,1
0.02129092848355657,0.056790230904027114,0.06121655896122509,-0.03450603351586326,0.17715819679552935,-0.0077454442674206175,0.13347629545384782,0.17359279539027517,-0.8679263924492128,-0.14163157855951414,0.23116252670433024,-0.16239465535589637,1
-0.27938709541264356,0.1332918578573917,0.06533801850211367,-0.2002463791325537,0.21510564075145489,0.02851203908492561,0.2565825410455108,0.1458818295830834,0.8258805918789889,1.4764329378693082,0.35344502677252754,0.021469414900779693,1
-0.18238967520572252,0.03540234791907558,0.06024116221381533,-0.14358288202566988,0.20799849639050544,-0.044890879858917834,0.2396216041639011,0.06537694800579483,0.7528778834177119,-1.3344456549161572,0.10132569982057782,0.05087239907290425,1
-0.1827001493162347,0.13558281871107578,0.06642009592684776,-0.08512777263283798,-0.15055257566086083,0.024029366767903848,-0.16908292695822127,0.15391420359351154,-0.11328402161444284,1.389664776987021,0.35244613591061585,0.14331549217211936,0
0.0312050425973443,0.005648256300717025,0.06526985136974202,0.08665288188983555,0.22673401858278913,0.007570591110397082,-0.23347797261430273,0.2014674562469074,1.5301616266654314,-1.097121378056969,0.2399749095910383,-0.2522518399346592,0
0.007224159499188865,0.028891732678923518,0.026593821124751695,-0.10657168762826552,-0.051303161660759614,0.03118702780132937,-0.12384329701418609,0.060806596371045615,1.076178382052322,-0.1683369946687523,0.21782514136370346,-0.14714752099041378,1
-0.2902720233941983,0.14335323642161688,0.07117709988313226,0.20387647350752952,0.21982318737291923,0.08583644446438243,0.25021413399151715,0.05593280720429676,-1.1310669659246142,-0.18501687100172748,0.27225265165736984,-0.07145466496284344,1
-0.09605798629353249,0.011522999349310822,0.025298081771475894,0.136951143221749,0.11760197215436463,-0.03128528897699716,0.14442377233995707,0.037789706067955564,-0.13644140579867603,-0.3326140011110128,0.1467753773137296,0.06533327165080216,1
0.1066467910969181,0.12398592477422377,0.027475149329864414,0.08196048326736571,-0.06560780208883794,0.03813003430679476,0.07007375815295164,0.11899165372483964,1.3891493475387608,-1.500075903223056,0.29464233834588777,-0.1170339195221742,0
0.0038399440041242405,0.14223698258960593,0.05763237526663449,0.15483012983573957,0.16248743347413785,-0.023211034416055557,0.30733352895804966,0.18523485345291976,-1.1092262477279713,-0.5140624924580843,0.04711845618336469,0.11165628319991372,1
0.23269632562734527,0.14310720557027015,0.027993139453835938,-0.18603993195403434,0.04479232873917166,0.007305345153159629,-0.19630859142229917,-0.03454215117656855,1.3986080374614385,-0.7353584423162938,0.2528395282681695,-0.08629124061696167,0
-0.062111146764010416,0.08627383875320993,0.07915162717209043,0.10985022910510728,0.0955166155051494,0.119398158092132,0.1489147033986566,0.11998776883521178,-0.6924096469896047,1.1161926411321483,0.1193005550453691,-0.08051765692330753,1
-0.15743143687825753,0.02703414971292918,0.030879492551680262,0.03498718220293154,0.0377821481395087,-0.07458199448325879,-0.07068161934501957,0.03694301225018254,0.5489120425544309,-0.7426871554855425,-0.08790345790141196,-0.215817377276297,1
-0.027658706241055375,-0.01358097685025441,0.03688102957438766,0.032799906544239504,0.2094219168871796,0.09247626807579537,-0.2495299239350232,0.03814272961150304,-1.4476047545328141,-0.016955296720217783,0.3310485142424633,-0.02212760694431576,1
-0.2597215275737689,-0.0006266783420949829,0.07426322111201245,0.2091904252732592,0.18154310126489276,-0.009688065949819344,0.17758671624202144,-0.003769672469221781,-0.49756985668690423,-1.0586304290979143,0.3511177487748438,-0.06124782973786727,1
-0.028325263659263522,-0.00586491593297464,0.028581509133510704,-0.18329967936107774,0.17978934462107649,-0.10039413730842625,0.1282078310437132,0.009714521182582037,-0.709934630577018,-1.466976601577132,0.09123961675487488,-0.014388634261764066,1
0.05488391697059497,0.16956737810088687,0.022132391424539377,0.03730300285888402,0.19686621596343673,-0.018975466559988913,0.23329701371208622,0.19067058562093067,1.5411426638305235,1.345572189680013,0.23837025509213045,-0.04301127288982409,0
0.029852034593371435,0.1778961091255694,0.014769914113065184,0.12510190875927013,0.040299187553792803,-0.05355620468293834,0.10505717095687289,0.14700627289693086,-0.6014367853570645,1.3478206461793107,0.07561393702304417,0.14546392086761983,1
0.0591440954541228,0.13616106805921654,0.01675531994438109,-0.021343513429794375,0.19999181013730083,-0.09198649318527574,-0.0336258980021919,0.1438045279453888,-1.2626465001253406,-0.7035991359918465,0.24626248313381865,0.15997902103329237,1
-0.02693527879541746,0.09258556871060342,0.06894266070748373,0.08669328267242404,-0.1197070405429187,0.004442069812340604,0.0524072827746509,0.1370349081902331,-0.540683757020884,0.00788783491235856,0.29113525176200444,-0.13706870776428104,1
0.04066060064297444,0.07621956621583525,0.012608462029683604,-0.0028486903555275667,0.05705891108040373,0.1418221557604978,-0.0006228657924380321,-0.04113625759397601,0.8940271454732434,1.4682421016320626,0.1694477448147661,-0.11366212913930732,1
0.21554506308458404,-0.021582335436505964,0.021649015314523467,-0.025145485562767522,0.13204278911703832,0.14743730122844845,-0.23359811235634037,0.14690285927299293,0.6940673416535181,-1.3852155927761642,0.31984160880069773,0.08611972708697113,1
-0.20364623743320015,0.016962644473305574,0.07698922390184397,0.042932131449929245,0.05317627718297768,0.17183040855964365,0.23859334236135277,0.12983684400390258,-0.5549451230935716,0.27517382041055516,0.25455622007920714,0.16805812492167094,1
-0.2846577814012263,-0.005164002290469413,0.06406305440918215,0.009905013595130768,-0.12581881316515225,-0.02577022249849581,-0.07989462821882498,0.02236496734358702,-1.21197973920951,1.3490450694540643,0.2442189057088754,-0.24664164668691943,1
-0.06751826517698323,0.017924714300055017,0.06932582423026494,0.19329955129763332,0.007483606845153146,0.1893257440973688,-0.25918723463504334,0.023596318787082016,-1.4483208190007315,0.4827136838915307,0.32921615188274,-0.1573941983394227,1
0.14366668272117133,-0.010363599472336366,0.00986503969803651,-0.021503712606253333,0.21397562467658082,0.07108420840686241,0.10013488843506191,-0.05995902983912208,-0.6378329555067191,-1.379619469525268,0.282926642299797,-0.14938514557310345,1
-0.12412062228911544,0.08909282951832104,0.04499278747132093,-0.03639259054268354,-0.15840709748866663,0.029641585633077616,0.16025585493662658,-0.00032903823259945036,-0.38035461706741436,0.2748112066253394,0.32329769810508974,0.16126269170449942,1
-0.31134040266670476,0.052030438461875536,0.029543966193085528,0.14595835565106846,0.05395254541108682,0.07898837141204665,-0.15026477138311167,-0.04215464821493348,0.194708808598405,-1.1725896927307646,0.2887226717784185,0.11537215372041648,1
0.04922898411788745,0.07165200800493896,0.07496324097463092,0.12878694737569402,0.18922681814821618,0.19627501253534102,-0.033901422275589066,0.12704410311949993,0.1764375319450584,-0.8909143672356885,0.1992778190906786,-0.0660866541822765,1
-0.05425385968396368,-0.015617002491094219,0.05959282543582038,0.085108020889261,0.050614684070839466,-0.05970432777979323,0.05488159111827573,-0.036054652228530965,-0.9426439177334637,-0.6521417536298262,0.31206688447940734,-0.07154321361678903,1
0.03054845939195855,0.15360877594239083,0.03062794729004187,0.163637452187044,-0.10608687657736857,0.003785193532914094,-0.21266034459409358,0.08579219722848189,1.409463597448254,0.8054195698637547,0.19449309276293975,-0.1313929827853527,0
0.2213592778698224,0.05537196820322185,0.016212028840532515,0.2076010161629291,0.007397733758344349,0.005815594775464228,-0.24726023141610898,-0.015386646306850708,-0.36209389584338814,-1.0025825452922184,0.3447094976425438,-0.2160137441116512,1
0.04057184228649141,0.11589825002891974,0.04837333867778165,0.01406072455441551,0.06882850109426569,0.10283892808495981,0.23226280439987151,0.026405916626539738,-0.7450290672574228,1.5261333932605983,0.05201570659557847,-0.17467877341201196,1
0.24147192552438917,-0.012062423595713044,0.01310024606248665,0.05160373257581796,-0.12948074057172365,-0.09712604975177631,-0.2304411727256864,-0.02993840206417931,1.156262422488305,-0.4095451560397809,0.06469639068183822,-0.0663296456616349,0
0.03157022474522042,0.014105737924436562,0.031243461573021793,-0.04663045120193818,-0.0247638860764281,0.010969272514525577,-0.26106380905872345,0.1718184307337359,-1.2907637468221125,-1.4954045697244345,-0.08891474485768187,0.07451595261337757,1
0.015995616302934168,-0.03655899839278114,0.07667498839247266,0.11819855163094989,-0.10258926824473326,0.18657438517552455,-0.19444077494156475,0.057696919561864776,1.0384103676622247,-1.4075057988038018,0.35061720844471295,-0.0033489828642990216,1
-0.16408162897080197,0.12964191058044439,0.07144329900771826,0.17796854705274656,0.20924260935769046,0.1687409175133559,0.1023923983279032,0.028024738729912707,-0.610790877154526,-0.7823219202029165,-0.014419659914881838,-0.0635871985300625,1
-0.15003339269948548,0.09050093964378811,0.07417266374227802,-0.002361169776323113,0.059158000424661406,0.021567098107704102,0.14212778286773747,-0.03590780078982392,-1.421633935990637,0.8234692336730263,0.15282845340833418,-0.075116706924855,1
-0.12116386603498061,-0.04688039836409161,0.05376469001881955,-0.03176863370031113,0.01616418959518781,0.16503845613776774,0.15948314751725257,-0.0045059674430136115,-0.7610812922871234,-0.9749973896321424,-0.0028774291911052713,0.0585144654547014,1
-0.24053774431434005,0.008758247490040352,0.07351508735816188,0.10217597114950144,0.20784694537062703,0.16149629234402435,-0.08654076446433592,0.1046849090811893,-0.5344739082082823,1.3563053193821888,0.06765921104356917,-0.2519786474749706,0
-0.2588665172341281,0.12832953940475023,-0.0004049433576251548,0.04346029698793302,0.1794697160098711,0.11856508090358797,-0.02815097846671319,-0.007372071516427679,-1.1811308386978157,-0.9483404562509117,0.09368355987085575,0.15778613072361392,1
-0.18941155097235618,0.04824548578561842,0.0018325268780684627,-0.15714822440954024,-0.0023123356780603843,0.10592328025088785,-0.07130668878723445,0.119815550754125,0.2705935671508519,-0.5574651796532182,-0.0711074601292287,0.08446719018799759,1
-0.22834710896603627,0.11060645512511216,0.025715687303584835,0.08927299508443376,-0.0754602739477861,0.08924596453075795,-0.19483714352307685,-0.017647343214153156,-0.058481252598393096,0.22472912335109707,0.22999253061232966,0.04588717521506919,0
0.04383611671535259,0.11846995821318362,0.06406004439631811,0.17535573128492382,-0.12823469381041333,0.06684211200852871,0.16598384282238482,-0.005167481766797842,0.33345678670772627,-1.2522528283945364,0.16994002428795468,-0.09305701430979371,1
0.06934017933522202,0.08916272381048959,0.05163583448281406,-0.10327523363719715,0.14367914584068842,0.09505570995500101,-0.19186407091184665,-0.009601549511578385,0.28687859462036847,-0.506822868318044,0.05755925119831498,-0.24389359458263257,1
-0.23151147793884286,-0.05166395297034407,0.028546685653601283,0.12704917134591265,0.018210005959319653,0.1484279234788235,-0.2399842989332206,0.06167468755936985,0.016181659856470798,-0.8326018873660145,0.29808691879771276,-0.13327637747794974,0
-0.02544886276904823,0.10539703641879511,0.007266666401713683,0.13493469117685558,-0.0368040437496525,-0.0790485217691069,0.1757817961318573,0.12389301332473857,-1.4100355605305102,1.3291704474097388,0.03571016156204515,0.02681036068008552,1
0.26037549749774497,-0.00010631218882717342,0.034906413701980915,0.17482438062840172,-0.11930208373983957,0.17565595378658622,0.015104277087119367,0.17361127603721657,-0.6995978397389051,-1.4025592333093104,0.2616110123041236,-0.22330953181509852,1
0.04735496909645864,0.1655845221310738,0.07878752266887377,0.1994089149787508,0.09556422642313456,0.0856756253353313,0.0523344939166801,0.09812075919728369,-1.112086575689965,-0.8581662329878084,-0.05093611005611491,0.01725110088119708,1
-0.13250811341458846,0.01393059236670309,0.00953230596254983,0.12870486527674546,0.2216509540011945,0.08398901650904866,0.2798249860249534,0.17119001746114573,1.0333350116747348,0.4122377803411075,0.0051281572587833085,-0.21064587676007962,1
0.021605150246737648,0.009356591082634938,0.07486412088992142,0.04937236742004092,-0.01774607789209498,0.19285830104139856,0.28432587904146556,0.14335409738299754,0.0225769746520168,-0.19785363470204143,0.1827885191912435,0.1307638749690211,0
-0.2755651972007604,0.07547705872127261,0.03759783543832548,-0.1939928044641922,-0.12568673469875608,-0.10085039935876808,-0.09728812818252558,-0.04838280771002537,0.45134506143221764,1.4130055596030127,0.18889842618366326,0.040934873310543574,1
-0.29467917459891496,0.14502066586491805,0.0052417597882596974,-0.08199730307813627,0.04447999789503851,0.17618782960433965,0.310351161886,0.14442382218509492,0.3263862480328876,-0.32635511098555003,0.21256284146317506,-0.18964462614864996,1
-0.15833315674322285,0.1803733923718198,0.08092064329074757,-0.07340656468877893,-0.06468264884871353,-0.03749657169276653,0.013198920114280421,-0.003362736552748005,0.6177163281620979,1.1271540240373723,-0.04417181390994052,-0.13192628457544453,1
0.13321312239569666,0.01925702943805757,0.034719366325132714,0.06764081078342282,0.15205939507086957,-0.013826966784535336,0.15567472075406286,0.013111268818190039,-0.15357689507573435,-0.30655542683934267,0.3318045086044424,0.1752247522127902,0
0.13130859551051643,0.16352038447309009,0.004362212889506672,0.06672849838546213,-0.08157914814253346,-0.023021520330453724,0.03517416659838907,0.13366868282807234,-0.2788220240664778,0.5256262286302238,0.16397424249048614,0.15094101948231053,1
0.19656800158348303,0.1473426030481752,0.01280849165381116,0.014724610941717564,0.13135344316609182,0.19025369272134762,-0.2607572327996242,0.023965228427273402,-0.022489307784023804,0.8568905734778534,0.28191337558468166,-0.23292038652268024,0
-0.1065694851291483,0.1138763480722434,0.028900867153508297,-0.14903864802656036,0.08171610843523355,0.051913030682715244,0.30090873939997187,0.13539775623043349,0.22360942084527258,-0.24336543649700215,0.25640699476009376,-0.012271585240537175,1
0.0959651221354812,0.05440156649440661,0.011253071607555128,-0.1906054651364727,0.1717538722492783,0.14104989768573778,-0.1734021541146059,0.10807048790298077,-0.11177889336401736,-0.9128691286240741,0.05339221468065283,0.13116724222281684,0
0.05577145376868137,0.11595510138709739,0.051182055776058014,0.09497804246137953,-0.10267998127621686,0.17393070826654106,-0.10203773002852207,0.15867392307743428,0.5167802879157664,1.087517073348504,0.18180376733081283,-0.20505357985137632,1
-0.06252238515990638,0.08950493209533414,-0.0005988997030134478,-0.16282066811438595,0.23319200744124413,-0.00616238835493535,-0.06503200953385743,0.003978430178887438,1.0697859754760086,-0.32482445031741936,0.2695810950786625,-0.029321541721725825,1
-0.30390930219951234,0.05808892323646196,-0.0030217493439854493,0.1395762456907652,-0.11511426696592333,-0.041329316961395954,-0.0012157590230790216,-0.010920720955859997,-0.3182552625202766,-0.08829456297140337,0.34363490102632316,-0.2140589793701499,1
0.018078972636222157,0.11599946331404487,0.0035561183197539946,0.05911838749398318,0.1820273290906908,0.13273628902839907,0.2738914879268015,0.12800953434078066,-0.6741203400984688,0.7510010908499087,0.011419163359463483,0.0016947788809109632,1
0.12645271616582932,0.15300026638304176,0.0751933275874455,-0.17401753833484568,0.12732438141017927,-0.045249205115311567,0.18354986896323794,0.12274850876993623,1.0037268093404121,-1.4690508993842377,0.11943639781209894,-0.01566127439653961,1
0.24447488174349735,0.10046308039368576,0.04541129070654208,-0.20285391581092369,-0.08124387812769279,-0.09940855179081348,-0.0745379568186342,0.028564619703462593,-1.034970661241918,0.44840382000744605,-0.009601868298768648,0.009514317800678351,1
0.21325359471625743,-0.014430624320687209,0.05181528249403393,-0.19066782881919847,0.05016238686736921,0.11869870173260041,-0.24779254284736482,0.025697450390892454,0.03858759409352985,0.9653847619278861,0.238717021282974,0.014124399988238223,1
-0.2188560728324523,0.12119041332776595,0.040282445246298995,-0.16258233130350297,0.21572970514977502,0.04256360281328722,0.16384414500442762,-0.00496683239730452,0.17283277506499983,-0.5209452806677466,0.21630768104550696,-0.1331574807479941,1
0.11533889764017774,0.06352275037344164,0.023621257681965272,0.12271117964228284,0.08406379827344485,0.04723289687525828,0.18006918578454534,0.08153459066088042,-0.4378255521638297,0.8878706328961614,0.07210474741990694,-0.05004436709710669,1
0.2364035012888896,0.15858473530913283,0.009327532107284,-0.09398075946992897,-0.015841899238829338,0.1608909674074515,0.2694028806652238,0.14962762378786804,1.1608086885198714,0.6230656613775574,-0.07651598633246821,-0.06838902450544146,0
-0.09613291094935178,0.07089149264212585,0.04287578820579581,-0.11465251616123323,-0.07912952402676676,0.13762052925912033,-0.2233880444701662,0.06790542289809101,1.0711170025435692,1.5417407789601743,0.03514759530340508,0.056063467661939426,1
-0.0511648494044421,0.013447343016692162,0.06745766221238807,-0.17367110557720652,0.14327901575276902,-0.031763135724447236,0.2639621129338924,-0.06106263796584352,-1.202785688099886,-1.245566226795336,0.17220943170215053,0.10244938991199742,0
-0.24841163815267792,0.041734632184177,0.07039835233456208,0.1657645868390879,0.03717617374596022,0.06269880082851492,0.17474387435931305,0.14361724405324977,0.7530696352809041,1.5337248794322604,0.09779682036398399,0.03046509118784746,1
-0.03555368098413064,-0.03076420890121394,0.06657948277660838,0.04444986867869111,-0.1371462483477155,0.09897041420087907,-0.10360647294658462,-0.044217033985630844,-1.1962641690559908,-0.8014377632338144,0.144790277422892,-0.25009220663767234,1
0.01816541232495189,-0.057891451775727534,0.07608922231651595,-0.09693938613239965,0.18470648096241848,-0.10381848566887049,-0.21121925451153303,0.05683182786380733,-0.6828419799597274,0.3037207403562565,0.14653116639027133,-0.09772197992214729,1
-0.2871945222694442,0.08269953564473456,0.026476748723700757,0.1743877399554109,0.029937397503377372,0.12599190352282202,0.2235482712398849,-0.03654537818366784,0.9813013083786093,0.7421518650416499,0.10238007118499595,-0.0063843025882218685,1
0.1880870695381162,-0.002837970973172753,0.07319921362364876,-0.042100048595160616,0.07466182763726473,-0.007441998413892648,0.03766111023143376,-0.049500123560085145,0.9009951664500686,-0.21038560436678444,0.06148922078913305,0.01567223842068033,1
-0.2910059402581434,-0.018654730481937623,0.010998915979898286,-0.023726311212753703,-0.062391999678215654,-0.0655176342938084,0.07844889295968349,0.13416705026447884,0.9892407455014147,-0.5625721467489742,0.29882671796730925,0.013943158825697799,1
0.03983946389693649,-0.007648205102049714,0.013961055824668406,-0.009243861473135745,-0.0659603748785835,0.10238992951790532,-0.08887087628792908,-0.022361912075366155,-0.2673647026478414,-1.181089393253992,0.10936770252355552,-0.2512282945847047,1
-0.0016308494519770012,0.013169885754323665,0.04213466501422902,0.18550241528523198,0.1839309505083468,0.0683310383396647,-0.025469687410858394,0.12213317160176601,-0.707849435532717,-0.3098981068999036,-0.04616807944634244,0.08113787776498854,1
-0.30674121865964715,0.12677676732176127,-0.0003221876570865369,-0.1648690328730499,0.1493543118764919,0.10283042113900201,0.05779840309568529,0.15445207736195601,-1.229912499466559,-1.1716635314002093,0.36363460475284565,-0.0967988939912871,1
-0.21437022098428662,0.14659201033881067,0.029702723638958265,0.15974659979402467,-0.13589480922667163,-0.07363535690518233,-0.24418534461192193,0.09665520061029195,-0.36439130568166034,1.3541040514255125,-0.0501027157110772,-0.08987806111743832,0
-0.1131023488133896,0.09725863547142163,0.0511854245667097,-0.16638788075574099,0.006231007244331427,0.08849058660360062,-0.11763946020530025,0.04511031353407133,0.10483653280944116,0.5448330642372652,-0.07743892170149898,-0.1555860736924014,1
0.13243165409011792,0.0010380821416191219,0.06621903584459882,-0.012559161721056533,0.027111556924218905,0.12753830460382254,-0.045602768059648635,0.0005280421067415525,-1.3816287794020066,0.281940549307397,0.12316154437935892,0.10000649528148225,1
-0.050216003405185894,0.04155305794561795,0.019104161687608322,-0.12563389498150815,0.1686456778290525,-0.07846767417758879,0.25476216239196603,-0.05541710915849953,-0.5602259169899233,-1.3003173023660213,0.2646360763934981,-0.16042945883100906,1
0.011878324819442343,0.1637595587752109,0.05092275439957247,-0.13455707235742204,0.15528102322362053,0.027163623217563604,-0.25987179093640184,0.0661810764739551,1.4371573011684287,1.1784246786636643,0.25496012598469864,0.05475833048540191,0
-0.05065333462165683,0.01925533532718636,0.05794023922046053,-0.05398329857103831,-0.09277502540066666,-0.009631210514686822,0.24012205668846587,0.01240305667767734,0.9334032837347943,1.4751522423372594,-0.06632942312346668,0.1728721872971855,1
-0.004840579140041379,0.11825165848741917,0.06215661477915428,-0.0610014001525285,0.15616310459910843,0.1857942997673383,0.16192270931761965,0.1256686778907456,-1.1675082902059952,1.352066010553479,-0.05095160267707125,0.07399246125904535,1
-0.10510168274113799,0.07837886746004855,0.07305230132483972,0.04582632604925069,-0.1499822013928131,0.11292264070893737,0.2703333220220976,0.10723253159296653,-1.3616521961603756,-0.8123385616948752,0.3019550683291321,-0.10267026923466765,1
-0.040757506603155524,0.14709314387966957,0.07463546374865807,-0.14786430931978295,-0.08824404635192046,-0.0017099550560720767,0.1784428362834513,0.16883582618778248,0.48705761907376144,-0.9103264311941046,0.04723338336448854,0.12074698089151897,1
-0.11338408999381552,-0.03445602272576215,0.01939622432746524,0.13108759520665308,0.035250258540254265,-0.055173148709264014,-0.08651011015442561,0.18961980212988352,-1.3203525318899576,0.7876260869904923,-0.02160622452841253,-0.1198956370008781,1
0.15457680261738943,0.1320292524469598,0.031512327072339766,0.16784319301390538,-0.009571760552899905,0.15615665990714594,-0.24922608909155702,0.029284372746989792,-0.33519457798190655,0.7609245362413917,0.25404456673421333,0.039225627905409566,0
0.1550464781797204,0.11287108542905636,0.01505144488401381,-0.012842789205720434,0.10145183248349021,0.07180041806456461,0.24490304058642476,0.06276459550914995,-0.772781983923709,-0.8474760962599547,0.2949944177765991,-0.24875381784968112,1
0.1858076979874292,-0.045959372952533044,0.027531418520841937,0.12832704392637728,0.0012581731240013105,0.14334997270555278,-0.20943482699009736,0.07273284616071587,0.7834770294701692,1.4927695768143356,-0.04876595208026281,-0.10506581922794897,1
0.06547009475943527,0.17922528256639744,0.06899428912381728,0.147907912599754,0.04463385134696271,0.06463048676626248,0.2295514488793582,0.16741966988391443,0.3684698937666542,-1.093775954432544,0.3103328426698734,-0.20299168068829238,1
-0.14488537911346916,0.17829550978849598,0.04143522620432148,-0.13534172394700017,0.039041265518071466,0.08948801338350404,0.21197644811785815,0.15222865373415856,0.7273088284509328,-0.16184105647578595,-0.08214092509038867,0.13430784831830983,1
-0.21299447674930194,0.0927280496522648,0.043781820721651474,0.054496690260295744,0.06293710292285662,0.11078231460230395,0.09496920188203989,-0.03865480696331132,-0.873069930456209,-1.2123312198682707,0.05703274414884496,0.0786301239366533,1
-0.13039641435723026,0.14237933406483907,0.0052910977648148085,0.11531352876204404,-0.08747878196079661,0.053561873264929144,-0.08194125154942794,0.10599567294098314,1.099823889326976,1.4587849819300172,0.1705115128597724,0.1644136318435403,1
0.09554111117519004,0.08846984472055208,0.06725849955673266,-0.1170714057535912,0.09038196364649936,0.011582643095383843,0.16309741821413754,-0.05606224217098231,0.44256941047320164,0.552699534680648,0.11891124770729755,-0.14889752855084515,1
-0.0463872788374875,0.1475099761283235,0.010748941796513641,-0.05472151171751971,0.23194666770688893,0.17094810310183062,-0.24783505839232575,0.07770135659514232,-1.0691917546709118,0.5442508852421388,0.11018769704519693,-0.07029096111050676,1
-0.1561820915453821,0.07907197119568485,0.005133551774783829,0.1278107812843275,0.03435192748334126,0.06529055814189116,0.21926089635472162,-0.013574317962827952,0.5931366050849423,1.3939939752085533,0.2676153398901986,-0.22705137213675877,1
0.14338186150981574,0.06249087330387666,0.04297775215356106,0.028648829624169814,-0.13787380641229216,-0.03131835153212954,0.16975877689825186,0.04648211541090248,-0.6175198333778964,-1.0267048869820479,-0.07039828680632917,-0.05668207369857778,1
-0.10551435818550262,-0.033568728032633374,0.07830359029666425,0.19650812809164303,-0.03679687693764207,0.18128934046439393,-0.2471373032909252,0.1968425426527833,-0.4588838725247315,-1.1813077802921876,0.18237319862396628,0.09516831661108505,1
-0.12959261457550816,0.026678126810418396,0.0490806755117949,-0.14775754538161745,-0.11331200375624141,-0.03130783306943313,0.16163202936935867,0.034406037844385465,0.3165273518589973,0.5986318095501824,-0.0028583325146038785,0.0307690945941429,1
-0.25058498601698503,0.10319526975597682,0.028352600410488562,0.07383348720754962,-0.008989592140201397,0.15058102555565628,-0.235337374058842,0.1736791076472514,1.1523975866897167,-0.4249101682105796,0.16540402956658584,-0.15482893865859404,0
-0.04933925746556883,0.13595518343830504,0.06384315916904906,0.043867368231516934,0.2270125460535422,0.033957680468400336,-0.24469726913968287,0.15414533097303734,-1.120041644747178,-0.6646796970751283,-0.05955318414091894,-0.1097268153604061,1
-0.1256575044436871,0.014258511168890028,0.045831697877947816,0.10776743528192534,0.21113561783518564,-0.0788219336679884,-0.18044063982954187,0.0934375368247608,0.8211343281544761,1.3274007608910254,0.1937971125060614,0.08743494001394242,1
-0.18793069764725462,0.1032305543618886,0.05061499273972753,0.15345472409037986,-0.035902443972951184,0.12130772838478113,0.16784972870488035,0.0007168295515855017,0.9126372527255542,0.2832696814421214,0.03383822071045961,-0.05575881191733861,1
-0.06277678981549675,0.12893790796874652,-0.007970245996729389,0.001864246682349413,-0.08713223751687497,0.08981069969769714,0.12638091198796314,0.06997865163394087,-1.133524053471487,0.9665984764777253,0.051607602502091315,0.07200333285627808,1
-0.23718719503205904,0.1284491521347197,0.051445267040809,0.16396345504752785,-0.057122836253167664,0.046900594759065134,-0.24492818916831177,0.17875855094618517,1.425899996279824,-0.6755248720061852,0.24320097784827338,-0.12870537536875049,0
0.0336405597902546,0.1356159977049509,0.00016614562147443217,0.19539095035058923,0.19297257870914308,0.1862624359161516,0.2004712412732177,0.015291120574510875,1.191389503982608,-0.08611917575179451,0.2530132837529787,-0.18563057111328818,0
0.18448466001203756,-0.000897966302941533,0.006533141512116354,-0.1799660472644551,0.12150727293770686,-0.05070986996964165,-0.15306571026049598,-0.017660285263177283,-1.3209449365702526,0.6158053629048601,0.13078163851471888,-0.1389200538636205,1
-0.21501097073382244,-0.05489683793406951,0.025110036362713913,-0.16341273258312616,-0.1494159057341357,-0.07609789486054142,-0.08310075079374099,0.13601584911311776,0.44481367284062734,0.6591688273677072,0.19196522500028984,0.13162211663391815,1
-0.20721174150342855,0.133994925845069,0.0705008203678521,0.20285961742953418,0.15998077331925614,-0.06975623409585432,0.28081443133295947,0.15297310148147586,-0.9711167260066653,0.4356150664977758,0.3362755288245189,-0.1847337356001219,1
0.13301817507885333,0.03922617739392378,0.057691912303378196,-0.17111088531255497,0.1269281502203617,0.04864927661102167,0.25374943081011747,-0.012715025288488314,0.8047638561488346,-0.009484180155198585,-0.05563994241028916,0.1743784936068905,1
-0.2422780215254104,-0.010570991575084801,0.06549026458955398,-0.10562703509483257,-0.07210751027327077,0.09757981560834589,-0.03664583878353245,0.15839043928132296,0.3128033444704088,-1.3452874698054713,0.18163130743472533,0.1248582238128384,1
-0.10367367526946411,0.11991464601397442,0.029726578110669494,0.019639145693332055,0.13034926071941083,-0.08904824583003931,-0.004119473726272027,-0.03735560708722241,-1.5308578281090504,-0.20712816652516786,0.057824139350604736,-0.21932599728710045,0
0.2183165691239382,0.01723847008351144,0.016972493260755946,-0.16724128752830408,0.06845434843856674,-0.02647324718189699,0.22044672383983316,0.11800920156568365,-1.4877273396503297,-0.8080035051212154,0.014378685461437418,-0.24585890139053548,1
0.042535794414093775,-0.00958107807655869,0.07365815399060407,0.03245130118366818,-0.07729682452901511,0.19117646715451547,0.048847352605549954,-0.01877733807276552,0.009405095166069577,0.5397270193036448,0.10226810873027309,-0.06728177445931952,0
-0.048235821501571796,0.008736224535666984,0.006657698856613475,0.03479622942601521,0.19388841014897573,0.11692647267801648,-0.2118150255713387,0.04346258827641018,0.19028235170847152,-0.060887273732646685,0.21427574010805778,-0.12613310775669945,1
0.16941788959397164,0.05679698362691568,0.052730606014295106,0.1637058107583474,0.11020293008812904,0.16622248717851457,0.20030731749682285,0.08741435390954233,-1.1459404733055074,-0.18512849781926466,0.30836889073937856,-0.22908173721241953,1
0.22728493700956048,0.02017552601373543,0.05905995739515438,-0.07042313037055528,0.21728551638256838,-0.09638586842880324,-0.06295576713123421,0.16684730778205858,-0.669624150925256,1.1501059285261535,0.3190689723044013,0.10922999889251489,1
-0.25207875348782177,0.08183967730560798,0.012252320114993179,-0.11899246582707772,0.08351797156910948,-0.069726349762712,0.004465648915984111,0.005113504181815012,1.4887042035990283,-1.4810005604058087,0.0067372523944563695,0.15099459515312658,0
0.1592865407966491,0.00512794731461165,0.07923493417143475,-0.09675601825802457,-0.04425728848340679,0.010228042153138994,-0.17209061233114883,0.11913284477591646,1.1868913663170917,0.9812743948175207,0.0185089847942137,-0.1784038182722947,0
-0.10703490481249459,-0.023907091720083415,0.07788195491442965,0.0933538823638328,0.155088579333921,0.12068289946224167,-0.1269265589664844,-0.025339229428665982,0.37689904411464537,0.9005102757506773,0.05946230129245114,-0.2483870673041344,1
0.06587886832566947,-0.010762930600880495,0.04125897448167776,-0.20364981966835977,0.041335094657203725,0.012560237461564538,0.24219042846574135,0.12833427756319388,1.3322698445461711,1.0098652502158074,0.26994498571180764,0.03641342630289901,0
0.22032099279997813,0.1361840173684762,0.011844014578699186,-0.0486451508692253,-0.021581120087521832,0.04651279643326167,0.28462641191476235,0.10024807496379409,-0.7409341748545718,-0.9801241586749817,0.228390491942859,-0.13665392825007427,0
0.20725140388327074,0.024354297931670335,0.03884140014770328,-0.007353098291421667,0.20553948920842402,-0.02647022590110315,-0.07454124443402715,0.11203141142860548,-1.5668836628810252,-1.4598149950023824,0.004349996426742345,0.16038947968033918,1
0.13312929829208608,0.024806661409777248,0.024441909923419432,-0.011449024939490293,0.10663571183019482,0.0636366081110265,0.18181339653439232,-0.04820945950264398,0.7891566559846888,0.9200852762089917,0.3109468977560889,-0.23371183035847723,1
-0.23942374545923978,-0.015605703094982465,0.012221046409681791,-0.04009894023564009,0.09938414365539044,0.16478176058723065,0.03614650726530927,0.07827192958966542,1.0258848475508662,1.2844202021666116,-0.04106102581133009,-0.12139886695882046,1
-0.25712084431903787,-0.007323618931724757,0.045232838250320345,-0.15669161044519325,-0.12027668469281896,0.1444367736217277,-0.19901404744614906,0.09825297013560505,-0.9148536557741651,-0.0051039223515558785,0.23171580421316323,-0.22666602681766895,1
0.20091584594591633,0.04133093345448949,0.019047441879033167,0.07447229443804199,0.12412357608780494,-0.015003948426367139,-0.0639181281670082,-0.021194638327763,-0.26995339210438263,0.22139874024915684,0.09880244584082548,0.18137196021381907,1
-0.21155550686438765,0.13444117058096855,0.07624358599454176,0.08092853442018888,-0.11682914748269405,-0.007899011827007488,-0.2179062160235853,0.09658569884210089,1.5321282367850133,1.4797605330842465,-0.017094493436054264,-0.13553899454825577,0
0.014677295694216386,0.07910676115395135,0.012835798912359316,0.10741341982727903,-0.12526697842945583,0.08254984629811488,-0.021053296260188814,-0.028904130083262654,0.018728274384083754,-0.21249857097100078,0.10949115473113497,0.0950347935958642,0
-0.020592624602814247,0.010112875372275454,0.07855847268810612,0.18914586083945167,-0.12225467040453204,0.18109552962983583,0.18144429173448368,-0.034333038217098974,-0.8531483354446885,0.28943560692879156,0.17748928669874603,0.15392253851023213,1
-0.10153588064038632,0.06440778672697987,0.01263053422558173,0.018739908931982324,0.15761550057689067,-0.04184661339908401,0.05292597650926889,0.031244564874028227,-1.2106416984306516,1.1051702117889952,0.2277135035532113,-0.08799013731345923,1
0.031012775992002306,0.09911334843994563,0.05378810037721439,0.033244199668246904,0.1830430409743125,-0.03161493286819474,-0.23519228435361433,0.19197906377259813,0.6627577714898283,0.01234950831093573,0.1881926303548213,0.14762964693702169,1
0.011322679671807834,0.1405094706341111,0.05746353825140699,0.012046183573456049,-0.016276153994200043,-0.10664033792485911,-0.12224533179473351,0.18914000738399275,-0.6058569838777227,-0.17039943705043892,0.14077596165845513,-0.118170717517116,1
0.25576950062504417,-0.04805781151143172,0.04482232785363299,-0.014837570521498672,-0.1298140338274756,-0.0422011095689962,0.13441237145926804,-0.03388761999844469,1.3035345877596114,0.9442387369612144,-0.0454599996110696,-0.12762263044495575,0
-0.23406291692317874,0.13480704223871753,0.04036222917918465,-0.20874389619301117,0.0548163823599051,0.039769792260292425,0.10479145831537967,-0.05331890811301943,1.1600953669569238,1.2021411608838803,0.22302993709687047,0.03778485952555505,0
-0.15313178174314457,-0.0068639820367288815,0.053998006817158814,-0.19847856214247248,0.060311101470032186,0.021861450890217543,-0.1290873052695931,0.0750481306439496,-0.9452759255973675,-0.8610557091397096,-0.023477431592147407,-0.07584199343485015,1
-0.019956037132153992,-0.05177864639226823,0.047422986929854735,0.10724878460976534,0.21838297037526838,-0.045547532144580405,-0.14668160762989058,0.01807281919928265,0.3824877471828505,-0.6986150849771924,0.046340481071012435,0.07028878100475228,1
-0.29096004373882395,0.0741985590844415,0.03284635652093239,0.054212936421211,0.12931982690605626,-0.008372754546186925,0.10093628608118871,0.07611393275866138,0.3104152821151074,-0.26475409528021254,0.25320673640087077,0.14889880872715477,1
0.10049399148798083,0.000137306905512051,0.03106079394733759,-0.04639509499734476,-0.14592820908605242,0.01772778920236831,-0.06744208423734491,-0.06149505483155772,-1.4073319368907975,0.8034560747932658,0.13732872013474154,0.08923508844767825,1
0.03399684217877319,-0.0182448327222162,0.048103467005570666,0.11032701562023645,0.17827652875545702,-0.010305171884206626,-0.24786223394730247,0.0982251673883813,-1.072215708564901,-0.26045394613609574,0.21907514748286644,0.08422988775023799,1
0.2422534653218032,0.08290366733534038,0.07408291485859685,0.061414401352269,-0.08816013255905873,0.13632147388028015,0.1340978140905229,0.19606084090800815,-0.3768050412263806,0.23807983992089965,0.28377131579088544,-0.2251592065888677,1
0.05047060296236322,0.07094909491249249,0.007296805947881584,-0.14013651570979024,0.16063329128656878,-0.10280085857020745,0.16486339959502644,0.1312042142805034,0.7468715494716813,-1.0330490626384878,-0.07859948730468276,0.09668295082995226,1
-0.24064284179139117,0.008902841673914058,0.07793933428610274,-0.08233120482460829,-0.05910444082628079,0.18942029348474998,-0.21775199741704873,-0.02004176979254215,-1.28031100746293,0.1335883830892326,0.3124933880200413,0.0765850196598567,1
0.2472118345562309,-0.05539753666602327,0.048221098090524286,-0.16075592074993067,0.20028687251903404,0.1778088304106184,-0.09207017395505981,0.15633567975380835,-1.3789942160457251,-1.089264819977396,0.18384475933161576,0.17259545881240396,1
-0.1360201007227433,-0.05922361786825522,0.08066427017980328,-0.03493247711984504,0.010489111648026739,0.10987429621991984,0.0823923488256823,0.017320733448813172,0.7230344935593462,0.9476577042994963,0.12929934325154402,0.040361820185551234,1
0.18085975128552179,-0.055184071243758494,0.0700032159930118,0.10787442697388688,0.21472034296800013,-0.036254159721457596,-0.08084247686613444,0.11238007378957801,0.6582052610417646,0.8067272226131068,0.09885415744933013,-0.01767646066118983,1
-0.21491904757181857,0.10956209062351868,0.06800416354426753,0.1276815544057961,-0.02319638953596817,0.1863372301645564,-0.19782872687353822,0.06808628319751567,-0.906851719108758,-0.9766643935501836,0.2547146664143116,0.012978379045812949,1
-0.26850855491584347,-0.01568675867198375,0.04029679489884837,0.08367349651272232,0.043443038989790156,0.0009373792215457699,-0.23789714323691583,0.14527533340244342,-0.1546839742505779,0.7891201340538687,0.12271180788890354,-0.13697412421681254,0
-0.15421600991854817,-0.044031710894986274,0.05622030852819378,-0.09500842571428192,-0.0419143684927768,0.19556094374572275,-0.04414443685702585,0.0725094006061742,-1.3865788481984973,0.910693475174696,-0.08886519149642103,0.11981630166580298,1
-0.04133678878509295,0.11587538815366732,0.07901752806482516,-0.20874330298718438,0.10712664807238104,-0.07132040915357288,-0.0023737116988667983,0.1613792357045019,0.6419990244249292,-1.3242667158735897,0.17382467153621028,-0.08050242833943905,1
-0.30156069353557047,0.08345806051166813,0.03690537002477785,-0.11891690916213987,0.03404994413401663,-0.1036110549059358,0.3111202293046925,0.02528733770891818,-0.47412673175588504,0.6221741732136896,0.23410442822705407,0.13448334968150638,1
0.2272212001678932,-0.013414751035392428,0.027417129726882854,0.08040545136386196,-0.1422851659783871,0.1111960407088661,-0.26467297006055757,0.17917684796326427,-1.5210766018664716,-0.9211823461955052,0.10441113861590551,0.17780832548248493,1
0.10973354675330016,0.1371680877909433,0.06691582980150029,-0.20069279597034578,-0.13846090115962328,-0.04700001693667337,0.11182027127103883,0.1024562573145538,0.20118551142499275,-1.3765915087294724,-0.04900112920482076,0.08576889779982966,1
-0.036906382049679,0.04253325365534437,-0.005711593483799465,0.0977304962149736,0.14534348775525507,-0.01021251499149485,0.031781464693685146,0.09782691868086343,0.7000127558926328,0.14124643027648198,0.10679874854311211,0.12991450265146653,1
0.09940904609767032,-0.03258194686843677,0.0645747203191311,-0.067262770172823,0.2102653514792529,0.07654969355898941,-0.2515345956478149,0.13165254406532426,0.5827596098550389,-1.4445823552284867,0.34171958945599046,0.050284941750654844,1
-0.007080063401130932,0.0871707537865932,0.03090905437807669,-0.17460636047183048,0.20760307453065163,-0.00709208279609197,-0.08638540954432941,-0.011941217759445365,-0.8281198073460427,-0.6804196649533676,0.06810481231276325,-0.13930012015065618,1
0.14923251054850023,0.04345311181968059,0.07984669842615016,0.17104100328187294,0.14054374605000547,-0.08008053134991876,0.1389776190298902,0.19852387286369835,-0.09430866244948799,-1.481390668963189,0.09492704261290952,0.17053385639570934,0
0.06216786004216296,-0.03599245147544128,0.0354665943388308,-0.18891784518731608,-0.0037060515231530367,0.17173028118908779,-0.13307297044684177,0.18882295165863475,-1.2198229799296305,-1.193579519376046,0.34964857397424387,0.032381737355915485,1
0.20294411510084415,0.1819295177257882,0.050249392107890825,0.12075474706009526,-0.14744710545175424,0.0228412112482321,-0.10061673196921886,0.15540405106882454,1.4897480024100849,-1.446537137275531,0.334057243823825,-0.21384369906588316,0
0.23440049872213303,-0.03495361750067503,0.02347781259408661,0.056502270692351364,-0.024925143827168317,0.1006994729366916,0.18140737872648982,0.15654650582591645,-0.5932595577715877,-0.31379101284786937,-0.06763779722542597,-0.03874873002162124,1
-0.2338588439811296,0.01811384895782954,0.06828237976900582,0.1910967702174084,0.16533570837235811,-0.10731470676885314,0.061342054119810696,-0.018463210332171076,0.14763095656788727,1.0044392825138606,0.3392572993734189,0.023489503337409734,1
-0.1592171614003207,0.09709368682974895,0.07840085383672563,-0.18493124118277643,0.16292546728786,-0.0413465402102733,-0.1788624271741715,0.17515186076078249,-0.885990903485498,1.1518840759795703,-0.05168668061974977,0.016632025537433648,1
0.04341329972253738,0.15068466607549486,0.06666352954852552,0.07970680898361038,-0.009457479927771822,-0.05674938316526353,0.10051120630310256,0.06887950626768377,0.031922160954988676,-1.4568817925341233,0.05210870925262007,-0.2516199964357042,0
0.20448508867686238,0.08107739500618294,0.058532346952627115,-0.14540195267542028,6.668555732808334e-05,0.08926747432698831,-0.12221092433486944,0.12296248641035878,-1.0116625828969956,1.1985989890827795,-0.08622730021412996,-0.12976039120514976,1
-0.17121652293322984,0.12670808633035235,0.04369932781011117,-0.13476653257558172,0.06480204353001442,-0.03873951866910719,-0.021167152359397923,0.17233337371913954,1.5357047160326898,1.4033169572512987,0.03706141146274783,-0.19828756585513302,0
0.11916246278693932,0.07884575023398846,0.04851654164350304,0.2022801189270388,-0.022215442929656798,0.13676055653344485,0.05609272966075579,-0.00032358294942940596,-0.21323606996040412,-1.1199054225956333,0.044431851892580115,0.05038185476393531,0
0.08920640858786377,0.05145600469492881,0.040674369619122824,0.05492679665138017,0.025402853070021214,0.1601349067300059,-0.22353985109444774,0.19655753531539308,-1.2957529806746,-0.18520152094059705,0.23206202374078821,-0.21554573582053702,1
-0.16236197774009045,-0.021990320792598585,0.0576706910902955,0.03479863395198435,-0.1345835417778719,0.03285433468530044,-0.14679301508114354,0.1933527989125748,-1.316663611777952,-0.5539794070370927,0.1286003688479231,-0.0007521971174705433,1
0.2359215262372703,0.02364025407279259,0.05995849846356137,-0.020777816151567957,0.10147424607870048,0.004033628049919247,-0.13601389180684653,-0.04042220567100374,0.12055555887200176,-0.9918028581515671,0.2686790916897226,-0.14585386760186883,1
-0.009217148417439813,0.11449711034711268,0.023979086842626823,-0.023939250220488872,0.12428509534143223,-0.03812613464577688,0.03721262149814042,-0.006979673730966696,-0.7830881343743923,-0.14829672034575214,0.2315855170848422,0.18116136617684303,1
-0.2089163226572082,0.12067219571433513,0.07804689224516774,0.06255028702074444,0.2211806684917248,0.19584796029457774,0.1965785025731006,0.2017053292391833,-0.06270266180167883,1.272285055372303,0.32769658821702263,0.10939272531834465,0
-0.24958869144709794,0.014246601951641152,0.015634789414667994,0.15161391256064605,-0.06777180354988438,-0.014761735087084074,0.03283845242331668,-0.04240457944213383,-0.18089667515103103,0.7959917692192156,-0.004535910429009693,-0.13458920026689689,0
0.14505316008543895,0.0949527001282306,0.03415721633166212,-0.06975874443481,0.19645537573962735,0.12816315898169525,0.1482312944829972,0.05540186081868885,0.14810209076447634,-0.16140288282619708,0.10200061231043347,0.16584184050729917,1
0.2010632037211076,0.12076595589846956,0.06161384549037388,-0.03085552848890591,0.04074152799075825,-0.04907978282263188,0.07718833019912902,0.035283226548808944,-1.1970398334798837,0.9079060051884287,-0.01625459932647136,0.10896487668719163,1
-0.1512932992219621,-0.05252055483402482,-0.004358777039964725,-0.028509319139840533,0.019803481256685324,-0.009817884540336635,0.1196716271613868,0.06580501094880675,0.46851634346723015,0.23231041359881432,-0.04495510164275284,-0.22514783983588785,1
-0.19326125653372647,0.11116998021682514,0.05516721265951201,0.15420424417806144,0.13934341171579567,0.05584381829675006,-0.08652185335396664,-0.06099589405995452,-1.3400076034338886,-1.010658788650948,0.022723496573733265,0.1720590464472228,1
-0.21280281695836373,-0.05159990233340632,0.07817610469939203,-0.08057864949268645,-0.004361502910032927,-0.082822799989317,-0.033577557436824335,0.19454871992607733,-0.6435739588408702,0.49850322610927544,0.04893447730266717,-0.09311216234900915,1
0.03786700455935588,0.002486619946452523,0.0057645357742993255,0.0843841548837922,0.18409807885575624,0.16750759900013673,0.2196162300083785,0.0777721473674618,0.8503442849537131,0.0009910292771369011,-0.08086466084556472,-0.07305199011549923,1
-0.19565969099826958,0.18332746301140931,0.0763759571078228,0.1291766364325962,-0.04297594347791876,0.18293226795591055,-0.2505663592534765,-0.012809878004719999,1.559026515252515,-1.0909440012928273,0.31216075197481996,-0.1216578479119004,0
-0.08857476735582362,0.051301779614342735,-0.0055836655067415236,0.1552949691105195,-0.026321732260552178,-0.04672135778258659,-0.030606613479916916,0.12535936421833788,0.009563827158908023,1.117748312546752,-0.012677568876007864,0.1585376179997139,1
0.003256905570134694,0.02960644843217225,0.010066130124749072,0.2107917980720292,0.12460273830729701,-0.04104522012552718,-0.21466793537822215,-0.009837023776012248,-0.20382446233463236,-0.26477047362758466,0.01338121197552572,-0.20168591957908424,1
-0.09607378763532112,0.05894349680363345,0.03330900484147828,0.14060083783799088,-0.05955723658358866,0.16310103535345816,0.2582328594085951,0.19126412206187457,0.07467663982140849,-0.6900774583769872,0.1934681919690901,-0.19118332002498134,1
-0.2636373398648776,-0.04154769695724784,0.0470082268071907,0.1302301876321788,-0.05762126355486849,0.1772678679498066,0.19096938143924214,-0.042050004663716084,1.556403173963741,-0.6435113164141281,0.32658088273778074,0.07099500913619428,0
0.08107115631316442,0.10681567872340664,0.017862899235154984,0.18470501665686662,0.20520132071986835,0.11807319979019576,0.0039742627948905485,-0.05007394873582144,1.3150256979645552,0.9634601641780292,0.1806451295309121,0.09508120855934638,0
0.23131693864796593,-0.01678049152722144,0.016986214161196042,-0.1870698188321935,0.23143663113046747,0.1307105432595417,0.010796243452642906,0.08966227488447015,-1.2011137862408907,1.2076754083218806,-0.006839888069313946,-0.1231966950485259,1
-0.17097745777572018,0.07632132770626088,0.01995325127047922,0.09821459802874499,0.06472772137353991,0.05485790026433415,0.2832255038864848,0.022721100886851045,-0.16074795495523664,-0.9341960159321253,0.24513554299736706,-0.03365592537368575,0
-0.19321632270874034,-0.0591335334126148,0.05616082670297412,0.07021050833637377,0.10331331722804671,0.025935837707210224,0.1026036645182245,0.08854360022391283,-0.9993691570705519,-1.5257428132497728,0.14356062868819972,0.10619866011768098,1
-0.06408966162374943,0.04673593362144525,0.08135554774159327,0.16818629410492503,-0.06419277737878828,0.17017811842765135,-0.18762806780592278,0.1631268263237592,0.7294798456069393,0.8572106622410816,0.357979976230305,-0.21028018698309503,1
0.1689759074401243,0.06102365983268104,0.0020455235476233864,0.19271689807282277,0.057321414019525285,0.16113256763768152,0.23564568067094327,-0.058662833520454344,0.6845383912556275,-0.7431049935701332,0.15282182906045577,-0.2212492887431118,1
-0.08962893054234877,0.13895748901552243,0.007693553769975974,0.08651806699273973,0.022126716844091177,-0.08594346008651815,-0.16481422185524153,-0.025240309038913826,-1.474289945348601,-0.1093720534723126,0.2844820835279519,0.09880963889105382,1
-0.26682634551327805,0.15687766880848575,0.07906330581098368,-0.1915644806129983,0.21610902550415378,-0.022260812357903156,0.11734570960905838,-0.01630664701581426,0.9202694186623666,0.8067800948596358,0.35543057303998704,0.17977220838371738,1
-0.2692380560454346,0.10078904217900964,0.01676086378026186,-0.15685335213161905,-0.10120402429462394,0.1781535536291236,0.1282799959372421,-0.0491893829925312,-1.5469268433382153,-0.4541556825144535,0.049714645144255,-0.047453798142226555,0
0.1040340905595229,0.10519081715859671,0.03401691166619335,0.006667974538502458,-0.14300432348970687,0.04520881144594899,-0.07052343665268337,0.0128425573166078,-1.3347458737452682,0.2822632264935889,0.10457407836212756,-0.06708276087270162,1
-0.22143779912764766,0.17482398774085792,0.012300538697581291,-0.03826122861047543,-0.08481080423152865,0.10698563762368674,-0.015015249151016485,0.04684750547596345,-1.5316434464457984,-1.175537356967804,0.14597390118163814,-0.04844529734942182,1
0.23787677437659077,0.17350811850286169,0.05596349934127655,0.11140544136475822,0.19582534719494743,0.18665593470275582,-0.21986937024111536,0.20119047017296235,1.3651374542837458,0.9038802493863518,0.09722291377413536,-0.10602878903187207,0
0.1485674880396874,0.09992943163112183,0.01019195946132646,0.047894153830790154,-0.1042243345894227,0.04406228246537572,0.07027679853868057,0.10555927220464476,1.067779006758771,1.3199378144656875,0.026656209365713737,0.011855722940762148,1
0.22168972105188606,0.13030556001028623,0.05968101306707209,-0.07033748646674687,-0.11588651630769467,0.164579210608308,0.02245538639077238,-0.03595485120679739,-1.1698802528320371,-1.1787238021902424,0.05461255563979303,-0.24852384305136205,1
0.04382061255621089,-0.049733612807937234,0.03126665419511232,0.13872604920429027,0.2353164603146784,0.005450726599694228,-0.2558481688603165,0.06780416280490131,0.4896927657915138,-1.4068691381997045,0.23352183860827314,-0.0764385784444021,1
0.12437059973892245,0.02362173707737253,0.03934557600713201,0.180158912995672,-0.08087078647532221,-0.012012192911152395,0.245190073616809,0.05960039080307998,0.7683683439210884,-1.1990691301237077,0.09986628753438107,-0.03450217190912544,1
-0.07966727308175747,0.008092026066274904,0.02548574325742777,0.06164750751772591,0.19273224557816993,0.09067518479564537,0.10657803303100605,0.15347096661752893,0.7020880601128583,-0.9569413036868349,-0.06842499406052399,-0.10025830810905928,1
0.260203859137952,0.020724294619078293,0.07003842271211949,-0.1736784728363408,0.02188243933634254,-0.00029654840496021184,-0.1507991980512506,0.035968014836889245,0.6912410053582045,0.2574759979318033,0.29420745727860215,0.1416213953391418,1
-0.03632373849610504,0.17966287379489138,-0.0014931907067531752,-0.09312031736650628,0.004859074890391696,0.07024425074171323,0.04855104529399257,0.087655648192979,0.9357446643376004,0.7743270271330822,0.2816527100464894,-0.009500299179562077,1
-0.03139185926876564,0.013440422168657332,0.01957786431759672,-0.0457138707607824,0.1421506893684389,0.03791785765485059,-0.17844228371507223,0.13839555139527976,0.7614163739146538,-1.0969503416606534,0.1503319470659237,0.03249871969490148,1
-0.03779370133539289,0.10634753655467524,0.03156846837922296,-0.15166264556365167,0.23050079324639428,0.11223896606191952,0.08484723492463381,0.06476792169911597,0.2895304500107365,-0.3791049151591033,0.05745121869267167,-0.19823630460746117,1
-0.24046048893095062,-0.054300922292033725,0.060605667442796884,-0.1138475591185229,0.16926751935945217,0.1683909216953539,-0.16991337694180686,0.12491001520941447,1.0322358730682566,-0.828049081236728,0.12977448956000248,-0.0875237421377727,1
-0.14378071380984755,0.16063526366798017,0.012505130877803226,0.13996872310665204,-0.08323413102755212,0.08875974612216153,-0.006367941751407036,-0.034871275598582885,0.1718193055442463,-1.5063874935442774,0.25871720673632015,0.06495697987039756,1
-0.19508905907451896,0.05650902469341193,0.0007738577785390555,0.09271959730294405,0.15394463054674273,0.16505894024707013,0.24527839051959155,0.02681516010718006,-0.24833726366226738,-0.26767173613139916,-0.02483288311658946,-0.22670355604724587,1
-0.13249288466773232,0.12571985423287232,0.055003595867696306,0.20732847446856822,-0.01777655474392026,-0.023363546408125782,-0.04854711348255744,0.14431688213425353,0.4644057491934428,-1.4428332909292254,0.14262704486875802,0.08856742422101482,1
0.1617906086279925,0.05714557492745373,0.05928699828241839,-0.05576899606013766,0.16092244083390767,0.14382428077643,0.06028932830345052,-0.004848488107686205,1.1443741992563863,-0.6901691573266078,0.19163537655777196,0.1760033958645022,0
-0.024332863677546,0.03197253537202567,0.03378282774262166,-0.19053344921764073,0.057278057028814916,0.09572588496730083,-0.2040964996770972,0.005054229599913154,-0.06619619947658406,-0.019123406495186845,0.35886876729107414,-0.14225407002342966,0
0.16992334598810527,-0.017574464432093165,0.0038513595153423924,0.09832399897696259,0.016403433806120193,0.13467884311519834,-0.10391691481050541,-0.00615844210163994,0.804804339438794,-0.5608018643526229,0.035812238367379595,-0.18014345812194155,1
-0.12916334945434937,0.12698633233530462,0.002930957685690884,0.04872183077197717,0.07138896782568735,0.056647623853485235,0.012841852119695685,0.11300990173597616,-1.3038073076951515,-0.27066859696377676,0.28040893347802276,-0.2257750921879598,1
-0.03619087485425204,0.06509974114130171,0.009908708949255121,-0.17203173130709926,-0.13045355538228603,-0.09615403942366908,0.0645659491890962,-0.021420960917121208,0.4834756806911644,-0.05815145759097273,0.042052516197042505,-0.18091468255692014,1
-0.07778633240397492,0.15526322532568676,0.028272449906777217,-0.16414203608489003,0.22970303392216573,0.04491663670279536,-0.06929346925443883,0.17376464389616345,-0.4536702814853264,-0.7068859793974406,0.04858942991718787,-0.042328309611056186,1
-0.18696546964701094,0.05700500367235874,0.012800409841321796,0.053090369068555965,0.14071707861239097,0.18821752764813016,0.22028311279687735,-0.03975625072133107,0.8470155254810392,0.7036967298870691,0.02614581403770956,-0.24629531154924933,1
0.12021907128836629,0.02765751630582368,-0.0020308209817701296,0.005165771209816206,0.22674999879987,0.09947996415708596,-0.17558678891617968,0.07346090809923556,0.1688129759928101,0.2382545918026724,0.19989211862232048,0.06161740615423561,1
0.09109052103018295,-0.022917587392388562,0.07435214912765638,-0.07370293229370611,-0.13962572957796385,-0.08212543203371439,-0.002598146089009601,-0.051960297527196185,0.5586172570931549,0.9124886756345847,-0.08542846257808215,0.10027072609957172,1
0.2500980228766048,-0.05210335432885376,0.05779742548160244,0.2124177682971452,0.1554555350118242,0.04664982362191453,0.24474404810668804,0.1246636706271411,0.7216314121403447,-0.9334536906731746,0.14262478804158962,-0.09008639904532995,1
-0.12375934597174798,-0.016156167248580704,0.06872293551994157,0.088098283738899,-0.028945221679114647,-0.03501066606177665,-0.19331815097729566,-0.032781172515355124,0.6277562129048555,-0.5594564071527104,0.34714818948014586,-0.1309676552610275,1
-0.29794991882273775,0.14887062075159893,0.025345651774685788,-0.06495449815256998,-0.11314969125220542,0.09395339138624223,-0.05978645743289118,0.15508917050791415,-1.1428738220063537,0.15485877834613526,0.19288746356602454,0.08688315015617254,1
0.08680411278018957,0.053193464689707703,0.054501827180702775,0.07059787180395949,-0.157455628867744,0.10561138545322174,-0.11573000354741664,0.08073984602775955,-0.9572504489130028,-0.7378330997703543,-0.08463053456086644,-0.18364658513668272,1
-0.30134142810625764,-0.027247376994005465,0.04274258206538778,-0.04072850341990272,0.22815118776408483,0.13918478718226443,-0.18252828043987662,0.04767766125191214,-0.9399067962034392,-1.5670920248633886,0.13487883985937474,0.039229429860269005,1
0.054881796961044504,0.027493600761550274,0.055988448411179836,-0.0875628896814804,0.170637321091478,0.1866752409190628,-0.0968703485980971,0.14496004505996624,-1.173601889181874,-1.1792306161861743,-0.05144961319726643,0.08989022531023683,1
-0.0790102528664923,-0.008812002467763667,0.04886977766413124,-0.02522859007366965,-0.12544110434109962,0.19256361579799197,-0.12585978062746556,0.0725802267132423,0.24885817510887298,-0.28725765577341633,0.24627151038845313,0.029827190249100577,1
-0.029520437374305653,0.06920819889610944,0.07866687076606317,0.17513360407298523,-0.11577727496996781,0.00497762674875718,0.03167063640098594,0.18073362605825619,-1.220313985450114,-1.1543101854613398,0.3133392560391586,-0.08783565477054842,1
-0.15718772170658146,0.08907817550116334,0.024284540523421636,0.05317694592946354,0.0020771337917054045,0.1352418675648271,0.2849722332612993,0.008944372263852682,1.1196460562484585,0.7177840375690023,-0.01911654846935383,0.09412588769077479,1
0.021658380135740396,-0.023022316676230205,0.07080632098957007,-0.02955612429240065,-0.09018902860590458,-0.04790561351043655,0.18724742444665587,0.1848957865185975,1.4993687901648436,-0.17469024931595034,-0.04547576846085914,0.03252327174441777,0
-0.10007772616879909,0.04431099328188268,0.022572474308527758,-0.01313800389269601,0.09466025871115435,0.05756539624687196,-0.1724170068402096,0.06737725901870018,0.3513491110140965,1.2597096564406443,-0.04097705291306774,-0.18567959222532748,1
-0.00858790894359529,0.007598900356705546,0.049086025100457856,-0.052362947274417815,-0.07272452920863429,0.0927248474438574,-0.039457991263041586,-0.02085565352943338,-1.3496972876164413,-0.5130539146042772,0.3265243147455913,-0.16831148268009527,1
0.18994924044221312,0.13926733152709891,0.0014030310330980858,0.014823245904856591,0.09867189360764456,0.04363745140563352,-0.041567924716508026,0.18704450961017352,0.5708511010123398,-1.41446028191001,0.29507379876974743,0.10337111686229472,1
0.10349276138888658,0.09789382014190215,0.07249824014921907,0.049373212663471444,-0.13030413938436258,0.07020215561023016,-0.20796649532951741,0.1884880001732865,1.1582996328502613,-1.2220741995975128,-0.0011608709457895938,-0.02789623906159419,0
-0.11626599727428685,0.1050334611314849,0.046850241393297465,0.001137334525958933,-0.06005382515123606,0.05286873965148792,-0.00021327151550681878,0.16256487151770704,0.005218184085616695,0.011794900588813828,0.054493737709846224,-0.23596155247309353,0
0.21804896868302776,0.18216869447999318,0.0035010682606392285,0.07989775291725287,0.008198445634221063,-0.06220541899580492,0.3103234561435724,0.18423807621183874,-1.5561811052228514,-0.1677351884467706,0.13320431743523017,0.13762609059996583,1
0.07453940151094884,0.046374496762486464,0.03888525567150698,-0.19362174676137694,0.08197925289529528,0.1547491110091287,-0.2658828106263007,-0.020233667010017393,1.4662140153136816,1.1555743045181195,0.06532706923649165,-0.24038484939049898,0
0.11379965076005144,-0.00032104284083898926,0.05049764000570975,0.026434006345096794,0.010451627396335234,0.07255901557936709,0.13487363991228518,0.08878410372648002,-0.9811512577632658,-0.06527034902428008,0.10492901663461768,-0.03869901060463149,1
-0.05342649910646552,0.047451957727615485,0.01106957812478699,0.09647845560638768,-0.1074759650774948,0.16969531440627944,0.09423758521044218,-0.0496019606261134,-0.2001859242288766,0.24811058474115844,0.3332377017254256,0.15518041698813584,1
0.17249832384790742,0.07883564440829027,0.07543264886944455,0.06476031432903373,0.18633848604852743,-0.05868726771225096,0.25595045349577183,0.11240967688210796,0.6736935885680582,-0.7076048321809624,0.2222742255533765,0.14313260820958712,1
-0.30954835800700115,0.0750570376720966,0.056668303317229454,-0.20413308061291963,0.1417741013508727,0.09121585756176323,-0.10843548897101313,0.1196428731352917,0.5723897165915568,0.7540590953054525,0.304208701654183,-0.0410899161899799,1
-0.02166784791709181,0.03844541354411718,0.023324937263237592,0.15906963409134972,-0.03941562870581551,0.015379422964015343,-0.09387173598392304,0.1111198206444344,-0.33019959692001466,-0.6234103625176267,0.024844447470085643,-0.20720554879670608,1
-0.22086590875036116,0.03962141300413606,0.062420206582914056,0.019023861941165843,-0.13901834563344356,0.0831741338689726,0.19291957593991338,0.04151080820179652,-0.11603302679689653,0.4089394542151834,-0.08061628714544478,0.10270016558013845,1
0.14859580993266647,0.15682620074264927,9.218481424702954e-05,-0.16438630177872818,0.1853977784332771,0.03746938819599521,-0.04036641498527782,0.08906155276304292,-0.18046337501988363,0.4249495231694145,0.3402360824118489,0.04177552887748448,1
-0.04628066342605419,0.17458461545562484,0.05448751835084284,-0.18586071683040187,0.10514997887226818,-0.08930190273114694,-0.08963773442765888,0.10027058084252272,-1.0998345860423406,0.30406923048840184,0.1907824777558766,-0.1280396282188958,1
-0.0070276062132310635,0.004117755973473525,0.05429795743605964,0.16870944378519054,-0.1258400133445043,0.1323589472395164,-0.17713312524320518,0.024572154810270544,-0.18178623509501568,-0.7262344331427177,-0.05716633636254401,0.08218251312063196,1
0.14249694132004015,0.18334317746103093,0.07683345297454527,-0.026199069022033505,-0.10730354034300098,-0.10424839555512096,0.040207493133661454,0.1650241814510845,0.6599241931659063,0.22659277188301963,0.1090037158606606,0.13664980487312967,1
-0.0536582921258954,0.11656301970836422,0.03396654332486068,-0.05227522904684781,0.014439732947054223,0.12689290233790365,0.16924272768043835,0.05163580865637718,0.7813167814706026,0.5272809519838038,-0.09091241814906216,-0.20322007458547905,1
-0.21830102795605605,0.10857847176560537,0.06623759913003499,0.10159689548192452,0.12620545925429055,0.19581124050213067,0.28976963063367367,0.008557784635340362,0.6803292632586204,-0.6697870400647833,0.317632069299977,-0.2079725390290784,1
-0.11763515969637475,0.06969945985338258,0.04767118010469032,0.04190036362513444,0.1512152952501778,0.06688611599891656,0.22519010260876432,-0.04015411271166886,1.1251959903705415,-1.4024779154361289,0.010311633371843959,0.17332990655580421,0
0.2263082876406976,0.14653095490234633,0.0747442078996977,-0.048393266574928984,-0.06992559311921594,-0.05171652981483268,0.2383394236055434,0.1560508428721302,-0.8229629558740014,1.5092104639477266,0.19736690145041474,-0.19057781684750283,1
-0.21819073411740136,0.055899334360108424,0.06168643564079941,-0.13668962077310554,0.20232755280914522,0.10108215144684496,-0.08669726553781426,0.17168593283934047,-0.8300340195132346,-1.5409897867458702,0.08455640237804418,-0.0811309308223892,1
-0.30551455670032013,0.07154010043420006,0.061050918415093205,0.19962158309967082,0.1931071921767183,-0.080975322031299,0.30014530483963464,-0.023005914191280355,-0.10957994462273879,-0.9160008174715719,0.32232852829933395,0.16115105262856638,0
0.1604794507533585,-0.00958306220699269,0.005951174777342656,-0.18501183527682027,0.07028168922161648,0.04111737587351866,-0.20423333692445392,0.060380121431400036,1.316906342514715,-1.2462676639321268,0.09769368664040165,-0.11388548454621869,0
0.06910181159758072,0.10718641293926048,0.016523171510145478,-0.20156019746286866,0.21427252891873338,0.12289235587494649,-0.15107622924401817,0.08704452811945593,-0.8850115604783612,0.5115929797603427,-0.003977000039701917,0.16416681756799556,1
-0.021341628537662805,-0.012863109402766158,0.06439052935973043,-0.01100961450926724,0.09262646586622753,-0.016757791137799044,-0.23397810451002665,-0.01891694180213529,-0.9282917216275218,0.7103581085331065,0.2881545454878639,-0.2431790414152555,1
0.12634060347076437,0.05864063497888805,0.052380073864446444,-0.058512282066976895,0.08568140405847482,-0.09664646652301018,-0.24110776154006244,0.1487011171255417,0.42392485580293204,0.3428838668680787,0.3253301413084506,-0.13689295576467492,1
0.021320053542714656,0.14487220867684603,0.059698861119113905,-0.19022873642043212,0.06196009670503683,0.05776633778704515,-0.06483072334895826,0.13672961096746586,1.2425948321525657,-0.9730992767101025,-0.025190594243559697,0.06748159121308939,0
-0.052085064248335255,0.13422665961077715,0.004777496212523647,-0.1930908097104556,0.11619015893113194,0.1959303461333014,-0.21261926352376392,0.1660214613336809,-1.0703702741359156,1.507968123366475,0.1414723035856822,-0.13109000641781637,1
0.0850051238404067,0.010618664034835593,0.035707624967485016,-0.12515307853787683,0.1677212191718811,0.17479617230066202,-0.033999858566830826,0.056163285073684927,-1.0405370878488769,-1.0638563572206365,0.27789078812659807,-0.005458993947369123,1
0.19246414543616347,0.01173879227102785,0.018859523095780525,-0.07220278722064247,-0.1535255238657628,-0.05568560556441584,0.3082887337934531,0.0032960566047602335,-0.14836225478950849,0.018003777758876405,0.0950404949739459,-0.01394896602300913,0
-0.2734207939802386,0.13305973551431025,0.06692638838820114,-0.11982851762855312,0.15597002420199574,0.0027430451270270967,-0.02255199473887226,0.18507350608780235,1.359856258242316,-0.27128613948033675,0.1314617386413573,-0.12774931395568173,0
-0.01708333742984469,0.10662226118189369,0.0003816481341848577,0.17891429865274305,0.12447988858029135,-0.07799748721823391,0.23557739672740907,0.13411704410671837,0.5946546245242652,0.4504714152423348,0.3014243644886424,0.16914071690984617,1
-0.15151768934734905,0.0989849623880315,0.07008145760394865,0.20779838056492034,-0.13211328601095398,0.04612053963627741,0.23828488521977387,-0.061697516329687584,0.03136523866725471,1.057179027589873,0.14899617190798337,0.0666264086085519,1
-0.27516688813783274,0.13183868350000766,0.017680203266572058,0.13849529959852652,0.005958303540674781,-0.09441991447364252,0.2905320871568896,0.14386551333579078,0.3850571766136923,-0.6065417427992819,0.17753801482542775,0.17749028214289825,1
-0.14630371190642338,0.17151264678641512,0.021967691460853093,0.0877107421370184,-0.008987659927963243,-0.08156678567660114,0.2744812221709376,-0.01918565990673729,-0.8807569660222028,-0.06985791819172538,0.030420437526007232,0.14858056074831388,1
0.06500704149864239,-0.013340300746587375,0.04573184644728957,-0.13368147306747752,0.18606651985171135,-0.09231197088989994,0.0392002597509265,-0.045748642157224836,-0.5301003108189042,1.0517254557302527,0.2881459797932351,-0.09063640153491012,1
-0.17685639745169765,-0.030017275402648,0.07129615797243022,-0.17565207491343568,0.08883277024913816,0.004524745218284498,0.3089786228707896,0.07201389281922585,-0.5502783543758618,0.2811260668454352,0.35145380135641757,0.0016661103269839384,1
0.14396230195303777,0.09513791393199872,0.030776960111704724,-0.1857106769457876,0.12403250431691976,0.1061070511450419,-0.1999384836934618,-0.0016962410427027938,-1.1801689594604703,-0.5281083566908071,0.22412501138186247,0.06018183234760266,1
-0.11006341053979324,0.003395743639498225,0.02584072044141796,-0.058093100136454856,0.0801988240215804,0.119403089665712,0.23138810492220607,-0.05460184634160167,0.49578019361482384,-0.3613749157887236,0.29160697926389434,-0.21957190383032635,1
0.0034183775280918205,0.07416422831532446,0.02161576350870195,0.20024812062095432,-0.11778050693947135,-0.06590366844746327,0.10547643693785363,0.07346187027258844,-1.1856362181263336,0.549271096545157,-0.01979991914677473,0.12542557032000062,1
0.013941272063766053,0.00014413197880301654,0.02769144271960187,0.1733526881388014,0.19097509964115317,-0.08643107050830545,0.11117334951857044,-0.022082937342927537,-1.0358093663668586,-1.5080825158039348,0.3174418525860357,-0.2165337738825729,1
0.18855709252439362,0.11797127874436517,0.0624051396803436,0.12479254907948711,0.040695117979073464,0.1813476160655345,-0.151507370666852,0.07099367989543134,-0.39214312934270956,-1.4511003937405775,-0.053755221744622377,-0.06365212282625007,1
0.13093834457863085,0.0165897667599179,0.013803364086029373,-0.09894994339907034,0.12238810251385973,-0.02002764594606432,-0.0343774370552527,0.08175663712072412,-0.9640602528489703,-0.8292983218683921,-0.006889699959225962,0.13209864957907136,1
0.17183236774939553,0.12204721275009056,0.03890448210630694,-0.18042658483662144,0.12156274130514044,0.05061103038591899,-0.08816435110622506,-0.05990473573981058,-1.1344581260813391,-0.6491212306974842,-0.040229370072310124,0.03293280004386118,1
0.15743690127553883,0.01801185889032371,-0.0005883421142626015,-0.15088382494243038,-0.01841972012970075,0.1406307211340098,0.09969827927318159,0.16696011252181267,-0.7594984911003879,0.9546660641262459,0.22590056761032995,-0.049348554950015194,1
-0.02967809201927285,0.019815364690865186,0.023068707236723506,0.07595185688450518,0.08565531161629975,-0.010350988014337148,-0.19885091238331987,0.09036986292277116,-0.4130098416047252,-1.413820276263845,-0.08987032141815461,-0.1295823416800767,1
0.13386482811810846,0.12139521931992919,-0.007087715321572085,-0.011126743252510785,0.01301697933146495,0.09147002529985335,-0.19514631548186273,0.10178620959703069,0.24284446965910877,0.6898077654645631,0.06258774711627474,-0.24023717383920934,1
-0.2798288030090553,0.16744458082655547,0.08054714747971707,-0.20755524848559223,0.1964535243312301,-0.05444490155699318,0.05748323136483113,0.11678600035384287,-0.6056077379012295,0.34053416115239976,0.19516311584890894,-0.1680826432527244,1
0.257583994372998,-0.009832617768358823,-0.007094233996951516,0.1892475530194882,0.009774517879705236,0.0140889455708893,-0.10790770543070849,-0.055701956131832396,0.16962123650203087,0.3559480023222752,0.14618140687392828,-0.05321320247301123,1
0.19148999776818826,0.16251315982826317,0.02076614557005161,0.19570280829856185,0.18230251386854607,0.17546831946275993,0.14141091579491816,-0.01010422718997598,-0.4805455203459561,0.43396915913919876,0.14011252481656222,0.13531454651312652,1
0.10057618576338384,-0.007730096039157856,0.02690498878394151,0.19919913866069106,-0.15235700683570927,0.11047578970513777,0.2991377341985302,-0.03499336912804322,-1.1138444524706486,-1.110335937297309,0.2939474545184346,-0.031927581915352055,0
-0.2785662481276298,-0.028517371837853443,0.026104413482306802,-0.07358907079947055,-0.07314262685728519,0.14877404075069256,-0.25193768618443074,0.15676820594026555,0.6124990443330318,0.5207806379584843,0.1941617665766655,-0.18764378718816932,1
0.013252263881661841,0.03189701899142608,0.012765781995642683,0.03665707279275204,-0.15963818759025686,-0.023191044198201408,0.11229755151670229,0.05779230675642327,0.5218009676411708,-0.9301277512272693,0.032015746057136904,-0.013394900557353484,1
-0.006120500187007327,-0.0275702954580185,0.04769357611796726,0.21234602891339516,0.07142888690864849,0.05344683510983281,0.0929563786835127,0.17007591710507575,0.45406076707980714,-1.3273846650035277,0.002116062284124115,-0.2021283093301771,1
0.13029365764052397,-0.04840168025792688,0.07393048976108796,-0.20125063158223047,0.07842804610277754,-0.023446253532203185,0.004919827675607558,0.054313852941978547,-1.4751117002207614,0.3056347847539309,0.10090235981194232,0.06553938991460839,1
0.21831912595483888,0.13391080416975876,0.05886436147797337,-0.003760123300058177,0.1962698793352286,0.04084047057759854,0.27106350520041944,0.14978152588058138,-0.8227224288336273,0.8763857396259123,0.24693194947679503,0.04618324826156228,1
0.03262443612031951,0.17832614356274895,0.04149215057024136,-0.06286870094330438,0.06355041460654073,-0.09884531679877726,0.06784914196793024,0.17609408904061594,-0.5897545720146598,-0.5473182974239852,0.2748340859419257,-0.20633638933852938,1
0.1730158028009266,0.12651044273831394,0.03655631613212844,-0.10627824950071975,-0.04605566470907836,0.07926580652804982,-0.12490911470662791,0.023500139228055647,-0.8587724727361088,0.9988745641702981,0.24474739264238166,0.16383138224309096,1
-0.3094287566252607,5.917503481868425e-05,0.05171411993492597,-0.02466489532624963,-0.11545200860388578,0.13080773628089754,-0.24024874348429037,0.0812761802369904,-0.3617448461134791,-0.03319011632858215,0.05266004461183785,-0.2422724388758109,0
0.19719594988471129,0.166867782493286,0.03573383152212095,-0.20121470342861275,0.06984704243908446,-0.011136117128693904,-0.16185505170622327,-0.01785700488757455,0.49622145460611455,-0.2294339603337041,0.03666703128162013,0.11177489160514525,1
-0.028624534757223485,0.04468031420431229,0.005209358645465683,0.1603346924596749,-0.13840634039427274,-0.034441956580578054,0.09228433744362047,0.12317759304085302,1.4460656566607726,-0.7205055659277937,0.06687480562084602,-0.12686603803193394,0
0.013124305667996161,0.025431743385067526,0.021759487252247994,-0.20279977069514724,0.2153118849205029,-0.08902784579865039,-0.11068641896025888,0.18111540051063357,-1.0103075501055665,0.45827537267901985,0.21036376200059698,-0.21027534499650907,1
0.15111276612383656,0.001428521641347158,0.07879571814985244,-0.11212870316235675,0.0874611275902678,0.058842156839443466,-0.1846544671863844,0.03343504727661632,0.05771523244968213,-1.266595958357521,0.3483564529522333,-0.12384660978338471,0
0.046754561296096786,0.09126448761869199,0.03471586670081267,0.06710748845792347,0.13425935531722905,0.08131823912354177,0.05669352322694293,0.09787591295078338,-1.4885916437944355,-1.569012722317567,-0.018577776331619625,0.011713816720137327,1
0.21910326405344843,-0.05323071556386455,0.0413679432825305,-0.10338353302395765,0.062273320480926236,0.12117517925176446,0.15827044887127995,0.12914659614921156,-0.8253714095799711,-0.5544635300030627,0.14126947477334095,-0.1385277967778963,1
0.21571693038776013,0.13122050709082514,0.0017325634405516172,-0.10711012313190958,0.02010409409792313,0.18622881502378086,-0.2040078026957859,0.08765448597390796,1.1771830815473934,-0.43169071113627,0.20483242713047184,-0.1477563645001913,0
0.13801221476034048,-0.03726851578691402,0.06625784805004832,-0.12033315209642781,0.07329443880260395,-0.0015634893494358981,0.08551531258982448,0.008179827073300075,-1.0172239755351775,-0.9647873229170593,0.07953649797410353,0.10740367968381398,1
-0.04715747314991331,0.06212654663895105,0.048409089531964974,-0.02638204169018879,0.1831507133537303,0.015524220362422361,0.27816494739264286,0.16935327394734326,1.4273430391806377,0.9751603157710831,0.21758865414954642,0.07644172617299322,0
-0.20613643077331967,-0.0007790205445503406,0.00524740214466504,0.11163539203194761,0.1227094628342224,-0.04984044817919613,0.043308925706743884,0.13955273099899482,1.4501014279968774,0.15583529886870728,0.0474990724617978,-0.1008236927212108,0
0.04575397661391861,-0.02626769178189161,0.009531255346276225,0.11998239513308939,0.05447988992019798,-0.058585674133136846,-0.04262754797913998,-0.026968744200984406,-0.4702771827768373,-1.017054072097249,-0.040318995190777474,-0.22649040452214464,1
0.1929617527139285,0.15674389719951184,-0.00779884127275332,0.06112301190259689,-0.12302362678676361,0.13962629064575882,0.24169857868670674,0.10051694063835281,1.3588226786634185,-0.7940454345212773,0.022435155054183392,-0.03508161214494157,0
-0.23604804651991576,0.10426332387962842,0.03465308915610335,-0.13486079438405568,0.07279362980994478,0.13510724530395055,0.07336930190866858,0.07752404365706858,1.5142048048361028,0.5549592965967578,0.1902314721905159,-0.07410000322854121,0
-0.20171685012458845,0.1791394732111941,0.028635182562747084,-0.06821090162050561,-0.09320205039009231,0.1968622620196232,0.22808750488013724,-0.04403002874560122,-0.032879570102300804,0.3570613845193862,0.23547642279486036,-0.04169689307734151,0
-0.24942985827987135,0.07620215101767208,0.0746606235701853,-0.06570325722051287,-0.13999643702461292,0.18082885819629474,-0.18540932801659554,0.06308385393619997,0.09940118539230003,-1.3586652180993513,-0.010482308703756452,-0.20327177863722085,1
-0.27262387000550337,0.06428631328100531,0.06842643758765059,-0.15635410108255002,0.11725308409040269,0.018360054154838268,-0.2471079911314035,0.07919281407892409,-0.6691533931665344,0.4763547376227588,0.06805485013957299,0.0377387866700879,1
0.21412957990208364,7.347986167823006e-05,0.07730892641507975,-0.12357050169754431,-0.1321226313720546,-0.04872785515656773,0.2042737162037473,0.11663139577303971,-1.5373499612581587,0.33816389957397375,0.09697809861504061,0.13616987453611668,1
0.23685979575655441,0.13335840924272213,0.042512481156114834,0.13914479661061818,-0.08922887135457591,0.16714492202342457,0.31116733535642116,0.1133482522443219,-0.7455224719571134,0.6638143610858578,0.34678351241335215,0.1269887175864295,1
0.11671298244754291,0.17171926664087422,0.03767841675521455,0.16534654441761293,-0.09565181882030456,-0.0517452488958671,0.029106942914292777,0.02539184436928406,-0.20534254786756434,-0.9962350799703373,-0.06713824271441264,0.06143047592123718,0
-0.2621413458197278,0.14696342929373846,0.01030043819311801,0.10074856179140596,0.07420500749611192,0.010123942544488493,-0.11261728143707411,-0.04733882791062898,-0.25581336010490885,-1.5216545034238107,-0.029444681259337593,0.06912027652234481,1
-0.19084720749686906,-0.00513662082573485,0.022884304368128897,-0.014357783364090465,0.04326022540207247,0.09521150770637321,0.07320870073038244,0.06483750019192563,-0.4343101204304485,0.1543014114207204,0.23280888593408594,-0.1142562156896691,1
0.1745938044401209,0.08329712224459174,0.049532111396592846,0.005146246645735958,0.20748928447310028,0.021097872640407134,-0.02031835123580142,0.1736043235171769,-0.24941644848283873,-1.5223030712985057,0.028229167859235127,-0.14581675859056611,1
0.14697514885915874,0.008580925676575854,-0.007512005982910017,-0.20171341694045636,0.22722264186568758,0.06326957415681375,0.015607382553681215,0.18017838887773302,-1.1809834868345566,1.2581405372534429,0.23823057940111858,-0.04474024593463266,1
0.13160045307370533,0.17577770103106716,0.010183079393146489,-0.20253827959355722,0.16508965136197012,0.015604268042524794,0.04766688679104303,-0.003707617553725194,-1.3890622993422423,0.36451393969528123,0.34402050195221084,-0.04554371579939481,1
0.24743553982218786,0.06495110411587193,0.04839503777077778,0.07504105785066312,0.03378229698493704,0.06416712730100874,-0.13822256348535886,0.03328588157892244,0.8270353500099101,-1.3679275554100658,0.22845520538991132,-0.12023480335997389,1
-0.15681893403559913,0.10944347320799894,0.011485017984906,0.19660275702513025,0.23208265805491224,0.032233902833485845,-0.03510989569455178,-0.04163299016379292,0.5677829404286727,1.2424103459870224,0.33473759287675353,0.1789268741346698,1
-0.24253434612751298,0.10688974668177148,0.03428125260091999,0.01882429406595948,-0.08901906478120879,0.1132020887039426,-0.17104420915586083,0.17156439848687277,0.5653910860504971,-1.357611798860378,0.32959478992722213,0.06887695550503709,1
-0.002505295270693042,0.0385972563293369,0.03393103067580504,-0.06550102754879386,0.21446779996274917,-0.030376628654614615,-0.030520226917598203,0.14325062437234073,-1.1213893977817078,-0.021322694795128827,0.019512903894612105,-0.23889937452421842,1
0.047918718237466684,0.06431723062229733,0.07669305353662287,-0.031064858737928108,-0.10643171151902903,-0.0069215555794663736,-0.039860840267312486,0.09166304901920574,-0.4661035249100125,0.7732979547034995,0.32331508691238514,-0.06798530179730389,1
0.061008048425214845,-0.0037381326095922915,0.06473125505334912,-0.09593940394877469,0.06942409514257505,-0.015920126107788757,-0.22847935040677525,0.02199477482415002,1.5559522022544978,1.5522545002136805,0.030061648546261213,0.1718837881492637,0
-0.030327585227208742,-0.005646529235513398,0.02750287542909365,-0.13239637880898597,0.1699308336426003,-0.07091512198346037,0.23820498789116284,-0.05039091242649457,-1.1541026098271983,-1.211460971237407,0.22153482741550118,-0.029396940463102622,1
0.22608187499551463,0.029706024613735546,-0.004332805651309341,0.11204426075474355,0.06930448179834836,0.1449018300196182,-0.020798788430515552,0.13266224609260946,0.027509170168224184,0.7124682063341308,-0.01220516814597597,0.10888954085534719,1
-0.19089127500341735,0.13113006765166596,0.07017276110787797,0.1606517959903635,0.028218961864886566,0.02329958715558786,0.21520055357512274,0.0906998505051842,-0.6272209389039932,-0.9360113338112906,0.11229479918973279,-0.09162905394128337,1
0.06889665875683015,-0.011635025527911805,0.02881117095197953,0.14885358299728058,0.05621860870083681,0.16583133580110726,-0.13288467612451835,0.05378960641594309,0.07971496915479892,0.9163457076313086,0.2211821360802277,-0.18777354616022626,1
-0.014808241425366075,-0.02569434106425718,0.04910108052837919,0.14103967040594628,-0.15219299870670075,0.031878760546563495,0.01773721618410279,0.12792188054760084,-0.3862394084325129,-0.5249299323305887,0.26731974444421996,-0.020762572916561306,1
0.11738260283227869,0.029177138587144782,0.07551528030067989,-0.17724321729811693,-0.12401911268903362,0.053705440219801864,0.00507053521764933,0.10629529265530582,-1.495590157347173,-0.7810324507816968,0.2507028487266322,-0.12546627554551745,1
0.10444467033667831,0.09658505145931953,-0.0004665172548089123,0.09068340353740717,0.18807495142940117,0.1416105632819666,-0.26236976878448687,0.08018219223307999,0.5433024680551373,-0.5271509924996285,0.04110128489111575,-0.1678133074783592,1
0.08015472291827913,0.12838839913938715,0.07483398009743523,0.1729432758704847,-0.025794515939369655,0.07670394579034812,-0.20872833783416997,-0.03755418255046441,0.3371903237686218,-1.0160968569571371,-0.021897327082148643,-0.04246230225209266,1
-0.06432866948126087,0.019617963987262302,0.04079546092522009,-0.20876040263944287,-0.009615140819643264,0.038714412320266844,0.197551083789902,0.12282088167900881,1.076273574435336,-1.303558479459736,-0.027163549499275214,-0.07786152326300763,1
0.23968843639797904,-0.007287862112303346,0.007835594853755033,0.18926982472743747,0.2159481060172488,-0.061986861554028765,0.17795366587516875,0.05110281039168031,1.0463894218361587,-1.48423367239627,0.3508757123636325,-0.17211834409614463,1
0.13070090668241052,-0.05811922484380271,0.04904774348692499,0.06597349111853384,0.13826935061146034,0.17495812696200008,0.16891219160471832,0.13106585531297782,0.09109328423100216,-0.7141346247787901,0.12246083920697676,-0.07072083269520177,1
-0.024859871699310088,0.03649699454447858,0.045872072508706146,-0.062139590012223106,-0.0651195933138488,0.1755781657303409,0.2696409152203004,0.06868795924178234,0.19308969446838553,-1.0383971144589248,0.08544119320118995,0.14683069013779376,1
0.05030840215908011,0.12626003071735548,0.02944606884699393,-0.03788395010737253,-0.12713102374830815,0.18739878600071286,-0.1355294714819814,0.06816483078081359,-0.8169948908861322,-0.3335580822027291,0.08703865477950223,0.08182333370123235,1
-0.009658031048276505,-0.027958274715677495,-0.00705772651624657,-0.1201294654718912,0.12664636412078872,0.14523093154660965,-0.0698934853676289,0.07918032288339102,-0.4133148006563645,0.47743223726328154,0.349430005661814,0.07541083540002108,1
-0.2617642109185097,0.04698762441195964,0.08190956639250489,-0.1129698623458278,0.10531828355453304,0.17880217724085562,0.180124931132204,0.09846631116901261,-1.5246747192738708,-1.08142995075547,0.08880119726865124,0.14001951460932038,1
-0.0654870803699415,0.12480507060983759,0.07511812023621728,0.02283908801202783,-0.03743357649220842,-0.09195868146211703,0.20099890300791057,0.10194346096993023,0.11129893612488595,1.555584453249731,0.32891481979009535,0.13387660793112832,1
0.03229690361173404,0.17840953999188258,0.0714034567973529,-0.1658650822068536,0.22829285551945372,0.05990432637495058,0.2651296154145939,0.13852201547521165,0.524677545004782,-0.42015879373735654,-0.07918914308671812,-0.13201253860418666,1
0.08065538430209013,0.15076721721210995,-0.007819933218122936,-0.12202119261369374,0.10634601147961881,-0.020987832381611726,-0.1854650979357106,-0.04086651168895572,0.253327879119015,0.9920235353056432,0.3007312623651868,-0.1154164415353077,1
-0.23432635350617514,0.1351855713682911,0.08169892153897823,-0.057588804312366876,0.18246697998152767,0.12510677897429445,0.26023736568686284,0.04968283137489031,0.8881036394165134,1.1217352100555613,0.25713953525673505,0.1234949629741881,1
-0.050593434012469574,-0.044989097591502644,-0.0019757926062227817,0.04311266306706124,0.20355749616435098,0.014382957213976894,0.10915851129238408,0.0807887509528579,1.5039854521622888,1.234911717214304,-0.0004630446697591606,0.04256967463908956,0
0.17340168015309937,0.16712226077202164,0.04553514792308663,-0.1355753411223693,0.06088463665827454,0.09559976588655134,-0.10974998638924974,0.19475502340116943,-1.1792504626151676,-1.5052083355778012,0.10271150722141029,-0.25231108285312315,1
-0.0011049531652687627,0.0935590660004352,0.0709092723196818,0.01857799852589115,-0.12284533152343065,0.1752177897936935,0.05979664853212663,0.009267505232432457,0.0900893321205607,-0.3508676976609031,-0.047001803342921616,-0.019514848752445663,0
0.04570055360142322,0.0649763852418706,0.07632383860728756,-0.09883509316287262,0.23190690307885126,-0.10160986427387864,-0.19887807784668693,-0.013434824346015915,-1.1487099513364647,0.2213165722858239,0.3038190235530611,0.10495135887108398,1
0.11446320439466395,-0.05769647927161778,0.07057716984998859,-0.042323817746339504,0.12953284357401895,0.1142386043373046,-0.16472914244691741,0.07375158230026341,-0.6631646501984512,-1.1414836833359565,0.2351321453196688,0.16475246068688348,1
-0.10588317835187178,0.03493230074374855,0.03306179234309893,0.13207380310924277,0.013795500980793352,0.04081987884774452,-0.1387954509308456,0.19881227744663485,-0.9674519855262207,-1.46619411028834,0.3473069256514228,0.046687909927910665,1
0.2374202987764485,-0.020148780450344773,0.012439579274613324,0.16426266221753094,0.0061112980692856755,0.005711485687176068,0.16920179813459313,0.10414236504153793,0.36506278987038865,0.33589124622671696,0.0950375666212715,-0.19752545295202734,1
-0.18107314487562448,0.0714495382789499,0.06296057293576487,-0.03279135036733319,-0.008346947736323163,0.09093153302402804,-0.1764622644833914,0.03814796688294382,-0.22096463856489268,1.4655736182102046,-0.04020313303214562,-0.05749117790296843,0
0.029236099866193188,0.14359528779112377,0.05775965361021239,0.18864663895927591,0.10904224270569285,-0.000990011622679296,-0.133349876128507,-0.047570707072885764,-0.35574515857177436,-1.1561100988848567,0.07714724664497485,0.05347436066213451,1
0.08421975576547813,0.018008957087439992,0.038145935499282066,-0.1183020038393465,0.039010024611861094,0.04809117582787445,-0.0930725085315024,0.006077620548292584,0.10927800738646165,-1.2037318277032558,0.16525427404804183,-0.2491575383568462,1
-0.20844288366368563,0.02737734656232481,0.07968258638552421,-0.13585836656746325,-0.040042493996116965,0.1945411018173951,0.011024636089944972,0.0216629284675057,-0.9755780321102129,-1.0779354472631906,0.3458856316443186,-0.21631462115080125,1
0.1407303766574038,0.008488424821851873,0.06521635978193449,0.14842588817842522,0.1760826853109626,0.1568784593703934,0.14824025008990083,-0.024877141361225368,-0.444449273341756,-0.6812779874833264,0.13464130629840745,-0.12073778311393327,1
0.1130004901203645,0.11649738263533496,0.0802223076640376,-0.04060157167169967,0.15094607111932895,0.11859520029856274,0.30490948995681866,0.1420319677724068,1.229547937702362,0.478473620583735,0.35078186950933243,0.05935068738949456,0
0.15338393416589852,0.1337455722112184,0.05877755748595638,0.10773881540412727,0.20784641771233442,0.17134288040169576,-0.047957112117195055,-0.054345553443471584,0.6492837285793296,-0.44216082947874225,0.2899337244277205,0.11664742676762713,1
-0.08078200214741948,0.01397593916266765,0.03796878221188302,0.14200989203168574,0.09186797010876252,-0.06486385969936292,-0.05779463197175297,0.08433686792723089,0.38582642253077615,0.3483799640028795,0.33433733605406923,-0.20879305870681242,1
-0.18402524432700626,0.03603423464183404,0.018881326689790073,-0.03733910866593407,-0.14398866533563548,-0.0873747379734031,0.2178464319186153,-0.03540723979949928,0.01858884215407408,-0.00526319225663574,0.04973477649875985,-0.20866938362951049,0
-0.3051440995153698,0.027052520121928422,0.06782132675240965,0.17896263416235114,-0.13572885082792854,-0.0980838013779903,-0.17556681209371106,0.1400949247183015,-0.37055592474445587,0.3098797249846015,0.3145875414710412,0.12855514689612846,0
0.07174626252116983,-0.01954512059866218,0.02657712653470454,-0.11009836185741745,0.10586219063788144,0.13041036025148553,-0.18521565866697204,0.1749109453007461,0.030612404220341283,-1.2138250543107616,-0.06794682874509456,-0.09549161988850174,1
-0.3042735765515551,0.11553296802177104,-0.0008184929388763444,-0.0669329647376328,0.14937086395685678,0.120964422187363,0.10317812644353369,0.12098502207138848,-0.24885192426051006,0.5297176454152834,0.06820635951142345,-0.24028413351591582,1
-0.05930739946675562,-0.04842682323992197,0.034542352788392613,-0.013755032064415917,-0.089356808611817,0.1317314296823207,0.14018270773685287,0.0854246206048937,0.36504789563183326,-0.38107896376189876,0.02817484992990689,-0.17265205593415478,1
-0.00044486774133156715,-0.00947319935744742,0.07086679616378093,-0.0812960204374997,0.03424134390153952,0.054018080197908824,-0.08939651778314459,0.13272530122268772,1.2086351823992734,-1.135415211089126,0.18528493581311106,-0.052107676817706394,0
-0.055239640800638035,0.11505787512296878,0.02620356062341762,-0.02509260469147956,-0.09531500022851945,0.09981303371640893,-0.22296661684307367,0.19938531550230118,0.2942767400005062,-1.488934638175983,0.017095177445989096,-0.12594849174731293,1
-0.12778321887348068,0.11549689032326069,0.00801665129045289,-0.09839725719497229,-0.1200437892098721,-0.006398548354390229,0.2774061586158203,0.03797837896430477,1.0632981477656378,0.19068838906289876,0.11386763047778117,0.10635026517945678,1
-0.2973679168709516,0.1511988057496272,0.03602619769104984,-0.06150438138372627,0.19889028362457628,-0.003836273016766631,0.2985111417923676,0.1850651092077296,0.9561122745351602,0.4533328784804487,0.27951175518472754,-0.16734922628480786,1
0.10711769246775077,-0.028038221789441833,0.010636935044016655,0.001644082398258001,0.13517177772630334,0.11805484582847114,0.08501885484837451,0.009421264615268862,-0.4728952252412655,0.6575813390014889,0.035021046716893045,-0.11176353949259149,1
0.030765201494959593,-0.008928058031392697,-0.0041675024241184,0.0827887211217439,-0.15147670781818703,0.18863149803485502,-0.06471185196086038,-0.06079231793689067,-0.8449707990482757,-0.38148928702570095,0.2818987536949866,-0.06306573666469528,1
-0.10958269226498246,0.100113212380147,0.028833776618381154,0.025191932914956028,-0.05012435828235577,-0.006036932203157375,-0.21991800151773241,0.14408305623452963,0.02891716979496861,-0.09580287046243896,0.027136217019224237,-0.045630478946319025,0
-0.13748965631795046,0.10954991168535297,0.0653704180213406,-0.004060840346435002,-0.014849407667068798,0.11967856138129146,-0.1566624230260863,0.09598233442789139,-0.6780321564819637,0.4330805737465855,0.20802709879684134,0.06769507862577484,1
-0.24539857189731984,0.019407570903698698,0.028861487768209366,0.11808875220591758,0.0645556710199402,0.02962904723641982,-0.08295548038775166,-0.06145867472672961,-0.5395212539388186,1.3902808210397362,-0.03822647033960843,-0.20046330215375915,0
0.03299772330353845,0.08799717666359708,-0.003967496853816871,0.04114053492749542,-0.10238249600297432,0.0075625765167267045,0.3054504020478086,0.07549957955171041,0.16767037192017198,0.6344528960257507,0.21497088860785657,-0.15472280848806333,1
0.240485555719882,0.044106891788707206,-0.0061181885058112515,0.018579235526276966,0.10758191945805756,0.03159046874740462,0.26983911510069625,0.17596239457669413,0.6460174903206102,1.1680481720930007,0.05114448796891549,0.012336090289365553,1
0.032341311802689454,0.006675121774572676,0.07833139451897277,-0.08001851997231516,0.15825871694625748,0.14628827275092826,-0.21051383225121528,-0.0010393951202505788,-0.5687697105822609,-1.1512834957332512,0.06886894169853222,0.11179514634083165,1
-0.03854646036998871,0.05188442233336013,0.07400189954814897,-0.023553140168503045,0.1347640945096597,0.02194651880501869,-0.20852539604712186,-0.04849292427405562,-0.9586994718534741,0.704121687782463,0.07916884254831108,-0.05475368069508779,1
-0.25431292950233886,0.09228050351470804,0.06492386685942218,0.05413897081347935,0.2296816519570708,-0.10252745613374797,-0.25842848503738297,0.06968225420017368,-0.15770825275654743,-0.9329197643091083,0.27085080915756216,-0.20793374618789026,0
0.21346120794694662,-0.05221181792324458,0.05447730408228711,-0.04739600152631368,0.10411778786042397,-0.07772792776644612,0.274997015614201,0.1853432440014302,-0.10454124434223111,-1.1415104811285162,0.19848268793639773,0.00011218505575361082,0
-0.000957246934606415,0.08403496082833845,0.06993464892351575,0.0483827335076521,-0.08258214988275332,0.1712821005173048,-0.14247558831204704,-0.018859436589538314,-0.01602714280427353,1.2901801657201768,-0.04580915146317133,-0.007755091959582239,0
0.161751555368225,-0.04470167177487008,0.036470752456890396,-0.18098148088355062,0.009601682479812357,-0.002585305270847729,-0.1881127640587958,0.18365426659890408,-0.02878888194930318,-0.7110551555267983,0.32235506242350503,0.1526148011716627,0
0.11638931967085292,0.015276043105266313,0.06723797119136019,0.009962399434598201,-0.052566537864129584,0.010170220472152325,-0.09311494828494174,0.06074421628199028,0.1757489118661495,1.1156786371256209,0.030836701256176643,-0.21448170182939552,1
0.178135799858555,0.04217621145629878,0.03209563350739976,0.11291616696939033,0.17628206653454187,0.048415460329657656,0.09859202394099176,0.0007068232588533507,0.9115875605962491,-0.23980705823820303,0.2372232302659273,-0.20280389334445725,1
0.05260519145889031,0.030380602978933455,0.03283482287910611,0.07843760924360493,0.15514237518679824,-0.0009364426933655967,0.2380365796896744,-0.004625711648714892,-1.5054948715816283,1.5420751147089387,0.04060956319755474,0.13746810949606647,1
-0.3061230612138924,0.1635561602387749,0.02178743632811258,0.08420100064174535,-0.1237998380754744,0.08811138198592658,0.2590077250750653,0.0842776390317041,1.3026049749262645,-0.5432541810970923,0.23408025135120497,-0.20128830057512592,0
0.06911462578041316,0.10241938121756095,0.060244968632921655,-0.0762243570691854,-0.0012506884064840962,0.1853531310817123,0.06448715586784576,0.07192971615008598,-1.00677696892311,0.791615768798452,0.09026478001866295,0.07843528026822671,1
0.0963041851191278,0.17600237737828076,0.05138053773843586,-0.0775821553458459,-0.002686162799892089,-0.08014500990382611,0.2672625722251407,-0.028509340158481236,-0.49475381846182964,1.5683967294849996,-0.03021627435291252,-0.12493179960869885,1
0.05068241693378961,-0.05188816085747919,0.07968338463452665,0.17437173214801444,-0.12661727109392656,0.15738419674906895,-0.07728274953444644,-0.04468262610333848,-1.1839537788973393,0.2733853979152383,0.21265609383437423,-0.14864140716039936,1
0.09978950676271586,0.11293513852403875,0.0594222957668631,0.01861749487326969,0.16409648041713365,0.08813906755717554,-0.19490364861624232,0.15172075913133837,0.6958916199940954,-0.6908700623297103,0.21690504302013341,-0.10623672154217886,1
-0.22000563356140393,0.10980149727559477,0.06906230449635783,0.14441448916754673,0.08791260172449633,-0.03814048602372472,-0.0844389591609965,0.1370111460286037,-0.14912362841317983,-0.4624139706225394,0.049838312204630114,-0.2498003818735445,0
0.03342819925939161,0.08689141064249109,0.04895190600445115,-0.09656717199494876,0.1609790266578538,0.041192316811160395,0.17386360407129692,0.09905685776251155,0.4558839164911659,0.3340780407983277,0.17114814781012533,-0.030098479609776047,1
0.059282011212821506,-0.038565405234060116,0.07462297941072873,-0.06828731896585374,-0.07115754224151744,0.12792882005608533,-0.13364049270116818,0.20077552924534695,-0.0658820440342831,-0.7620630379271159,-0.06318289806187535,-0.23434352927035174,0
-0.2581768143621447,-0.058275450910106344,0.02166829559835745,-0.07869843378566421,0.010156165903410952,-0.0364579013234437,-0.23117782058929603,-0.043715332001599355,-0.80257444347893,-0.7304189851844591,-0.023925974062648972,-0.09351556567409433,1
0.2162616459645333,0.004229193469693193,0.007258435940288185,0.07108792811378933,0.03422156077051272,-0.09309736618560818,0.18857948599191687,0.12662321756954634,-1.2290254627092776,-1.5382651364858484,0.17538370343529192,0.04626258074933448,1
-0.07784659327318916,0.15694344244520483,0.04216463004558099,-0.07231634462583961,-0.1563519601567379,0.07138767932491141,0.03668553088313864,0.15214944518374954,0.9686884798969013,-0.7117134764170802,-0.08455565391076139,0.003267690352533492,1
-0.08510556193651161,0.021262229809133115,0.031312299570604676,-0.11541894580258966,-0.08749453319453845,0.13809040505939574,-0.1356456419495297,0.13234251001386563,1.1958581067451977,0.24935795959958917,0.3109918966300819,0.09127241542671705,0
0.14389643459510876,0.13763049435047353,0.04486556202858412,0.21000255958299668,-0.08918634049256029,-0.08544597064249672,0.1401584685126092,0.015192263295490019,0.40264536442018906,-1.2561421816765095,0.06083692670153387,0.13652602420945037,1
-0.23127186026759305,-0.013461568355714812,0.05261008001673477,0.12089728071804867,0.1693493770624535,-0.03699882921077678,0.24317542576534223,0.09864889804990429,0.313308119698968,1.4406049631735114,0.07151391438446841,-0.023933824261660713,1
0.018208030604052794,-0.0353660969705018,0.0408796906710128,0.07138815033046103,-0.01696043792169119,0.04524114734791934,-0.09812674575252978,0.16765096016979472,-0.9662283149132587,1.0825707144718588,0.3399045237044312,0.03707636363458905,1
-0.1522369964180871,0.09683989738659332,0.07928692430392667,-0.19998118653387287,0.08794671296585524,-0.0596690115186274,0.20516688491725288,0.1068815273643722,0.50407037444956,1.217412813311834,-0.0836714932439333,-0.03025410645217455,1
0.20561959291700233,-0.0029087615729562546,-0.0005056313066092652,0.09438586591902792,0.03882469175929015,-0.09299326707922848,-0.1054508070612889,0.023868478296807147,1.2320641064236202,0.9989894564241537,0.1310414334818168,0.0987854942774602,0
-0.1530437183247791,0.10434806496341748,0.025342919368182924,-0.033078068881365774,0.05996236156471535,0.10469892128666791,0.279694939881474,0.008601142011838522,-0.13035706663647084,-0.018341302304522245,0.1582365572640704,-0.15323935570521183,0
0.19806355976135342,0.13511051985054454,0.03679399345577809,-0.01967976515559028,-0.14398073657286528,0.056269080625605344,0.07739144518407243,0.17323869684554397,0.7532691420669837,1.0694100009961922,-0.009276704946311831,-0.18291790582112039,1
0.22562027485492292,0.13378092163146746,0.06685963404288155,0.14534545011297229,-0.12224942580885571,0.10669095442114895,0.14025644548222677,-0.0030837324342287767,0.790987900684281,0.2447490942262236,0.31842233682954374,-0.2044536598588651,1
0.1990372295039436,0.16521367055394134,0.07583510837857789,-0.2078963194179162,-0.07262000639273683,0.1033561951214357,-0.08123762418748229,-0.0463805518662095,0.3095091478130758,-0.4329352531390125,0.11223280904697755,0.16018981482104078,1
-0.06022120703835371,0.1626489571989084,0.029106496856026617,-0.06338180617084899,-0.11759853915018942,0.0017253778850167267,-0.07241095738864428,0.16131818090967612,0.8710131762431514,1.287328114463752,-0.04664838652603863,0.027623013007415265,1
-0.03468885760896612,0.012822906199983941,0.015567770025231065,-0.11496107366044625,0.04790713936742386,-0.10218013584743908,0.1602568742742509,0.016898019656376134,-0.5738394026105341,0.44866933827049604,0.00502436566501864,0.13236801683443766,1
0.07851742288273666,0.1525167309394561,0.035140139279386126,-0.02712147517816832,-0.0662289660735833,0.05869446970064701,0.07589578544879605,0.0485063703854858,-0.32990867457639617,0.15053144492518622,-0.08502718335792209,-0.11354298137705812,1
0.02038894341396924,0.17332514647354041,0.008120851805600088,-0.1864930972303445,-0.04280512716779106,-0.059680378744445185,0.13515166925780803,-0.06101237594961261,0.8109231554952634,1.0872591111151222,0.1326314407487376,0.14858871523285017,1
0.04752189204464313,0.18259566227475482,0.017238498760170636,0.21149283804572194,-0.08875278952209156,0.00029998982498957716,0.2739802888366927,0.03544868813035243,-0.29122891062628553,0.5149406055264751,-0.023484570775979943,-0.0978253307161435,1
-0.07112063920511869,0.07264833758819844,0.06584460702147119,-0.20426921981740184,0.17287337700591843,0.06858103289615614,0.17044225702203453,0.1376329560775701,-0.5084112746113818,-1.237722836507797,0.16956645448573726,0.14339982174824184,1
0.09980662245811006,-0.035971883307600344,0.047717836218428886,0.12820220080673456,-0.0512966016276208,0.08543352867857265,0.21903365397064278,0.07599183448015226,0.23352547515473399,0.1831527046641246,0.17709951911649213,-0.07707909281828168,1
0.07709675086549433,0.046065370110390635,0.07163949968800465,0.12471228742344442,0.1584853316566382,0.05297049875866511,-0.15382988335953254,0.1290239077608758,-1.3944255863036703,0.4275798698880653,-0.06733395834382483,-0.02238547772057839,1
0.0807138064672766,0.042621941255865506,0.02982375605667088,-0.15803023565001165,-0.04061260624432146,0.028015985151841505,0.23243566783568187,0.17491730990275242,-0.9362899302120379,1.4239931865604556,0.04378980974780136,-0.05091827892845266,1
0.05537174017184693,0.11171154588735707,0.06334096624841183,-0.00031405355078012454,0.060232295166219196,0.18551561397169414,-0.12854227157903816,0.15000297812837637,-0.8872747318020235,1.2740770799457064,0.3317423172762221,0.1200209393423946,1
0.134395616452552,-0.028617434640001528,0.004649726851753442,0.07887574890985255,-0.117643189674713,-0.07294486374134644,-0.03576921280891768,-0.06111055119464298,-0.19498275118341768,-0.47055555719658115,-0.055823244399237706,-0.015780362625443634,1
-0.2817259073335424,-0.042278814910345956,0.03604960156558305,0.0013555367172836952,-0.025907498017416764,0.0821627834399867,-0.04324951095100432,0.09267547700395465,1.3731574944699572,1.4351070247202917,0.17311666486287186,-0.18284118838974867,0
0.08091267631821142,0.13147793642130312,-0.0020513396194874476,0.04791510409794747,0.15280750701594997,-0.07253691446617669,0.25448699831275945,0.04715129143140917,1.3385296281647394,-1.5265183916417409,0.36059119013453017,0.0017918191064980604,0
0.09124094381135595,0.001816580841124349,0.01830456156872763,0.14971486187059146,-0.002451825676229924,0.14337613658098214,-0.23820845733174056,-0.004820563076139581,1.53024811379084,-0.407171728700398,-0.05474669133967411,-0.10277043680007567,0
0.25298834320686,0.1339826064242566,0.06103226777100676,-0.15282170798785313,-0.015787035034370733,0.10010512966297722,-0.25498076267697195,0.052222389813255915,0.7886899401398535,0.9137434105475506,0.3224988874936269,-0.16782333336096167,1
-0.2042746277319209,-0.011890169919410928,0.07652942366735369,0.04528751497453676,0.13711445785188986,0.004262438490755957,0.23804473308635687,0.09134714420640275,0.23205634181556412,0.6181719555078675,0.26191111329006983,0.04445157299123337,1
-0.244541966426376,0.15164708228357832,0.015657853416614416,0.21119185312664973,-0.0074937694081328166,-0.07090657177703401,-0.0845104356932328,0.08912519459187743,-0.3685440828284503,0.8600319487758654,0.2201371666603753,-0.1595783234250282,0
-0.0036494472424231095,0.13235399908365297,0.0728952075099068,-0.04298107724029007,0.20586959427998464,-0.09653979083622515,0.12425183047066501,0.14424508588171733,-0.6650256665252195,0.15711760151285104,0.22234330012041054,-0.10333938514979923,1
-0.22566777485401449,-0.0212272912083108,0.061810704128813884,-0.1307230404098864,0.03153639525465449,0.18851086102957865,0.17179730653844433,0.0821600363505835,0.3065838505339067,0.2115071779125155,0.11241658117087086,-0.1894375186956719,1
-0.2648070967830393,-0.032913934116129154,0.04705013517747722,-0.1281174517229022,-0.10098625100680841,0.15701123914245285,-0.19686402377498874,0.12405620011745389,1.4720750941863139,1.4619190070068122,-0.08086793889351662,-0.2525440839771022,0
0.1560466809439977,0.056323624005076636,-0.0015580095687725603,-0.06474726198573097,0.04034720271068576,-0.06617936509413162,0.04878736646278753,0.07728323236720216,1.277839400981646,0.058506600588595026,0.09704550811242552,0.1344837799260849,0
-0.04046482528705997,0.05186734971721464,0.05150633473432756,0.051111287900475366,-0.1555825842700936,0.19218411394556956,0.27824666344017335,0.011846922337504534,1.2251104308548164,-0.1429901735644219,0.3289902298732146,0.0026549479263111575,0
-0.3018877391298085,0.10632262418483249,0.0004189118106467972,0.07379411308027006,0.07244262061521947,0.08792778862040465,-0.15793451609275616,0.06799104929481528,-0.37195921702840606,-1.4843300415314635,-0.00856109170053404,-0.1555578729366272,1
0.17943253966957845,0.05366878313740925,0.051995561327390555,0.00772438875800191,0.17010660452980492,0.047607048752285525,-0.21347195732943755,-0.0101801572800745,0.35203932877364563,1.2550352403262373,0.21148715354394215,0.0781383721003448,1
0.09740535774732978,0.14135505340061963,0.08158846471547536,0.06630887402049357,-0.06024202691769695,-0.0765828317516784,0.0739183908796201,0.14127618586154925,0.5029520569638606,-0.9501752706104457,0.23728260310007027,-0.05742598228774598,1
-0.14835600452027548,0.14540025098193657,0.04431760572881947,-0.09011514631011325,-0.030020887016664916,0.06687752922675122,-0.022660012398910273,-0.020087058106847043,-0.41089197794610666,-0.2217754503014402,-0.09148847682061186,-0.018704578847758585,1
0.01832530790514375,0.02139464320841894,0.02272537862523716,-0.07565280401842903,0.01618795392796535,0.14017485300228372,0.004029758342423695,0.20021470215536194,-0.38694700012825156,0.9740589468959453,0.1592643511851709,0.07948286869949117,1
0.1968410346174682,0.06515279397744969,0.03686802614910056,0.18858572574006166,0.20950967210390686,0.19662760612948604,-0.17691263662578605,-0.06158894287644383,-0.8548915764088444,1.549482267480361,-0.058252909537794,-0.08982021443620614,1
0.02079077199504592,-0.007721540064866771,0.05835812215459514,-0.11290525667784182,0.17269755940932102,-0.0012695338379992982,0.07907110386172378,0.08135627375770901,-1.0012851224220403,-0.5396938305083157,0.2949562847422981,-0.013706346913123474,1
-0.280865984073707,0.11420466535465335,0.008534530952977116,-0.004461584835153742,0.025376699871780123,0.04089338903351178,-0.24954539061332992,0.009494205496497099,-0.5040894124080315,-0.7657949193760886,0.19232806552417864,0.03234713162999975,1
-0.27572565247296754,-0.030538221153167677,0.05203491624204783,0.014614553022819443,0.1698234523488666,-0.04493259521046111,-0.1978312159297207,0.03319626417699298,0.562415971036293,0.09843508526607891,-0.04649448942490336,-0.2214992754498706,1
0.07599366003914876,0.012844728451941442,0.05275914667733915,-0.08526762420296993,-0.03548806777735712,-0.04350720019184169,0.3019960289349982,-0.058283194125401186,-0.6567732319134708,1.562957966691182,-0.028417089484265856,-0.13028737543322272,1
-0.16201079218895753,0.11029542767290165,0.029305988640323574,0.14541068065891777,0.13578360126191868,0.05450329241809271,-0.12331257528593845,0.1470041318336833,-1.1430561152104326,-0.8392231556230566,-0.0679120344245139,0.05146223205303058,1
0.09104860981276214,0.17024692026103377,0.01589206152463525,0.12248079090222319,0.11269152100095986,0.16054867445451187,0.13387169039407298,0.16287918484108388,0.7168584371696693,0.31679845123633066,0.07446420302066992,0.1024652434512156,1
-0.23723388271114929,0.09591223091593601,0.08164172640614824,0.16841922561788436,0.1056000163032314,0.1342843530316666,-0.20006923491625977,0.06937238818317026,0.27114474122278875,-0.15921350253637612,0.03756848292539064,-0.20616993072224576,1
0.08770732781484719,0.06050236509362321,0.06845125296085382,-0.0063948088450014595,0.1749140100410716,0.04740575269456054,0.18562187306479433,0.12805170569708332,0.7392983543439604,0.469382241249954,0.31927168571174247,-0.15193109013767941,1
0.08735552779089523,-0.0241479188515134,0.060538921994949174,-0.11554645995820119,0.07507039545521135,0.06461351515898053,-0.14968107254598084,0.06740758061928254,-1.3586973181241717,-0.3052234097245954,0.3619696615730812,0.08918126763172263,1
0.05635357260903667,0.07770359958326101,0.07708992152950732,0.01284994253028418,-0.0006985163622162394,0.1470550008159705,0.2768287848032577,0.06410583455770069,-1.1596946018070202,1.2054883237710665,0.24694409066059675,-0.0898052083712099,1
0.11625408112140223,0.06987116399346582,0.01933154089014813,0.056184185022058075,-0.006132079858798017,0.13251355540222493,-0.26571700635290735,0.1538155818468316,-1.0247360003841597,0.3873501643850841,0.2552967510522776,-0.14756087841213222,1
0.2487171151196927,0.06220438030112202,0.03945092873560757,0.1745503470217848,0.20346989428365092,0.10507587914421573,0.29894665639381346,0.024429502496932584,-0.8985032270681627,-0.9478376888235381,0.06669427673616693,0.00994071385331069,0
-0.13757750825610662,0.08170333685006362,-0.003639361072175421,-0.06025142812072007,0.13601230662332764,-0.07568693700468397,0.14633556462693398,0.13930727786266825,-0.9521427542124663,-0.3961018789170405,0.34456731491774517,-0.23744775290145215,1
0.07679066112315719,-0.0017219858216810588,0.02903195191626633,0.053492616156281314,0.12186639435752783,0.1487930132849165,0.1408644334950624,0.14303249059442977,-0.10851633776114977,1.5297993300904815,-0.08174744718378985,-0.021791193306764683,0
0.09770411235499299,-0.03298011184361925,0.030949078976871543,-0.10164354653923167,0.0643925348112088,0.011612814023753387,-0.15086598419967373,-0.06137105784045163,-0.16232898895812986,1.2812505048228944,0.33298379448048393,-0.15346916136568794,0
-0.018907020609093883,0.07850618581962282,0.050919914141421455,-0.0710417702435451,-0.12072639720657882,0.17355300036264187,0.28407169314202385,0.05334743241879539,1.2965470833900279,-0.44652169900523675,-0.06996706550973303,-0.21915790709195535,0
0.11101537187786958,-0.004143533310020646,0.008715661395314187,-0.20641653976008376,-0.15104474353414743,0.016152356391081132,0.046089575366720814,0.09058613610723301,0.6865874631196822,-1.3003656943102655,0.25254520560944177,-0.12642239568782698,1
-0.17639008565734116,0.14862565596993932,0.054555385229633824,-0.008349243666160855,-0.051081622098901824,-0.06584735931697618,-0.24583612228107332,0.16285560359495418,1.0328432818706432,-1.1164226055094821,-0.019085343445140693,-0.1307807202190467,1
-0.16184637840669536,0.07409538225631895,0.028238347275683643,0.16300887196366243,0.12469237137335554,0.17031218292371797,0.23200523096877929,0.1811020485860561,0.0983494560303999,-0.14931516645562604,0.004257291888655826,-0.18061590630288069,1
0.04753860326741516,0.10639296850919766,-5.6957056799275194e-05,0.13716037249591606,0.14989257754596735,0.08420741544917318,-0.01531412785990538,-0.021901509538146333,1.159813982992817,1.4784145205514052,0.18485471417821714,-0.11753898041185698,0
-0.17088985715338348,0.047945717917719025,0.04469844242271058,-0.05459811280908089,0.2213638988433002,-0.10571338928650832,0.26097591115951535,-0.06235172792494761,-0.7008707839196125,-0.2312508115655183,0.24110222545800347,0.028176154157529776,1
0.10375697039125359,0.039966023316009555,0.06317692233644898,-0.1444711647380129,0.15417834050622087,0.17909600698010808,0.2290343298485305,0.1330535426870588,0.14700496637336058,-0.674933664901149,0.08902502051382002,0.12450626429105072,1
0.05864989784744029,0.04644721877674868,0.06322976947825555,-0.18706835319606116,0.16178991227956135,0.13979728298816124,-0.1351992270340584,-0.05257123233776076,1.4222520540379089,0.23676583867735856,0.3635081008465789,-0.24855280301082427,0
-0.18093659100525955,-0.04925444932028306,0.06303581219080012,0.034698064241630966,0.1757706021301662,0.18613874681347792,0.08570927125343442,-0.001250780138840002,-0.9915877772213015,-1.2827834604452875,0.020445186923427866,0.1366434557931771,1
0.1910605729911436,0.09344294546522666,0.046812650342173204,0.1920130721689401,0.13918339983664918,0.10092689021790163,-0.015239867962533404,0.06544953338977288,-1.3212506096304741,1.4356681285173265,0.19999537551521862,0.08735590705725876,1
-0.29141346602595924,0.14816330028115507,0.029890509404342364,0.1016876615962512,-0.14426416517388352,0.16516912146276197,0.1144995220253438,0.058442844286477835,-1.461795170516024,-0.865904146403226,0.04707343284570725,-0.19548062633287433,1
-0.046696875296766194,0.05097507868272684,0.029372773802331918,0.08728650983810993,0.006087731622217568,-0.08036135800371384,0.22577659939992917,0.04987543680569578,0.11728553404972075,-0.7700177013552947,0.2590659847310939,-0.017864109178774873,1
-0.00011074526373833216,0.14745796690275276,0.06675667664474166,-0.13441639804993719,0.08791111306993238,0.1565794918825863,0.1975528441803936,-0.029554356427168096,-1.2712039635090409,0.2982823288961496,0.026245666352234298,0.04342178810941327,1
-0.039574125750495126,0.0129764023177239,0.02255587043889974,0.1522085804278211,0.18280355550590632,0.14030778998355964,0.26155935109553874,0.18928271856285864,0.7810787609179182,-0.9836806676589827,0.2739852847559215,0.023355866819507076,1
-0.09447594470992907,0.17815411951267593,0.02272119649311632,0.17375383733866256,0.07448412382711703,-0.096334633032235,0.23056746641906334,0.13901663642423287,-1.2889105712977285,-0.44665695559373164,0.00843982901510068,-0.15912725581935722,1
-0.2960181776648114,-0.0219511512093885,0.022521068504091264,0.018646337930463802,-0.10832470130297174,0.06257839096990797,-0.1150580945732243,0.004621509281975425,-0.08576386739222519,-0.03407092093271347,0.2791787245972351,-0.22886057259578502,0
0.1052133217021689,-0.016034136238130346,0.04365496131440488,0.16786913538065157,-0.009596814079927962,0.17583648227894894,0.14259269104898947,0.01706297051674227,-0.05617233840110725,0.22743315865838132,0.1177325720658969,-0.22088885828210197,0
-0.2535982090646948,0.17606589757049249,0.014032706839645883,0.198677460599065,0.10954943598762762,-0.01584580460867152,-0.0453513064610975,0.14293715158973136,-0.46008890252994994,-0.1229094084396587,0.013455570602088504,0.12219395285052675,1
0.08659465262459687,0.06255409598309696,0.014259147828393007,-0.009311331923738564,0.1521817764129641,-0.08263723633338205,0.30839362163770845,0.16481161750928705,-0.6481232876685015,0.9118983587394409,0.21991249680609953,0.03769614753812439,1
-0.232610536911579,0.1611890520584329,0.0328601412067506,0.12961705104030852,-0.04153335482637284,-0.013554049905215068,0.2909804132230771,0.0687975672771631,-0.5267522216374441,0.007152643080046817,0.012274985603229774,0.13021239253982553,1
0.21294590104552596,-0.04177455203942607,0.044854302108213104,0.20499022086855007,0.20842497168921092,0.05271625899910018,0.12645289078462607,0.09725044504791935,0.38156783952204365,0.2626317189813012,0.06066195929434881,-0.10533969087049211,1
-0.07183417389633404,0.1481025378277406,0.013609908417923748,-0.10392031523920424,-0.15720373156748566,-0.06022668244043629,0.29907960475558615,0.05219421633960321,-1.3842324299972846,-0.46535345844479115,-0.07914901013782893,-0.041660758757081556,1
0.1487923095602665,0.12877118589230352,0.009148803725558138,0.0892714629371279,0.08624347031839211,0.09848474543895258,-0.11344597161002962,0.15184726096786044,-0.3413831521759716,-1.426996759371685,0.3377189257495228,0.12008240654845026,1
0.1360206083487424,0.011061589167503647,-0.0031220139018668163,0.0329855282562761,-0.14644637106153768,0.11035557042210309,0.15906272731286325,0.08631619375243596,0.15947355487850956,-0.6112137194217693,0.1807166462161061,-0.02827741234116682,1
0.01283582004108852,-0.03930889487374424,0.05920215711101466,-0.18424789740885927,0.06886406642359749,-0.05587956400560957,-0.1472567258685518,-0.000853942443789342,-0.6307032540963725,-0.5603043965255052,0.27588778624050464,-0.23892480962184953,1
-0.28006340141106034,0.1312199286138119,-0.007415244731628203,-0.011675173160051705,-0.11763240619564712,0.07296862187885039,0.3104618805797743,-0.01704551639370768,1.2754094884490776,1.4967449517710472,0.35886324782804174,0.08118162413998287,0
0.17884604924786363,0.08535206937516238,0.07072046462459805,-0.16279942774747072,0.13349821670494239,0.08428357390546012,-0.23285361393461954,0.014571689103468649,-0.7581907842765684,1.0893673505414567,-0.0009177240246230622,-0.13284301317890407,1
-0.14294033515362511,0.08662210271751258,0.004214157447689245,-0.10801685782082059,-0.03455622095732361,0.029478491331312556,-0.24544972834682915,0.20168564091270444,1.0085422777189896,0.9771233754762225,0.16196209307890436,0.11944424559820827,1
-0.050712389514513845,0.0011197233010979274,0.04335114595823744,-0.005780626892140067,0.007378293264460267,0.19262716564466525,0.3090781663793294,0.08606037863371457,1.2475903550911254,1.5248961372935048,0.3436118465219817,0.15065784103849716,0
-0.18913442666662056,-0.013185349611129264,0.005792533546772657,0.1366162003219683,0.03389456966072124,-0.004389273266758947,-0.0794618435617897,0.010294023407474262,-0.6475298838576773,0.5803720802810568,0.019944683797192914,0.05688347611939171,1
0.05176402162031246,0.11477308611073275,0.06660447173576492,-0.1671445882164761,-0.15932216502184685,-0.092086951066857,0.1416785962232669,0.1845732862612496,-1.4163481960488526,1.0622988067417551,0.24159981186454765,0.17346859014885307,1
-0.042690898558562895,-0.019043469398884794,0.061453600507914666,0.13620805009644038,0.11989799133891454,0.15580648381595902,-0.05261406084523146,0.12000515284009089,-1.472904866365932,1.3030353702535489,0.01924770772184284,-0.1852411624441155,1
-0.2921284896063745,0.10406827584206202,0.07144590410177948,-0.07702225139858104,0.00981714749072296,-0.10643048129095682,-0.028489082258734505,0.011856487337205332,0.08864555909802885,-1.4424897892011725,0.13970459534241836,0.04169397395257762,1
0.09193441276211634,-0.022366650979712396,0.02343722842116024,-0.16210896688057702,0.014374233967824696,0.16315956275484123,0.010923734717572797,0.05808644787180152,-1.113600042273506,-0.1542579224652807,0.3363602414822558,-0.12057469286764716,1
0.10679360329618631,-0.0492351384410577,0.003618496709947218,-0.07826575155819018,0.19674694227888434,-0.04061620524248977,0.1532288872738286,-0.01823465640912795,-0.7367490347785594,1.45588436979789,0.1926072887226264,-0.12785701748079373,1
-0.2197650880358707,0.15646073225962775,0.0436751766023525,-0.12030089225087864,0.003520115521339434,-0.08704581935634009,0.007705946499011573,0.049555456897919875,-0.39549536738452606,-0.4125232968581982,0.2006409817871972,0.15187654782975835,1
0.09061641197011383,0.06289983000654278,0.06189125353962954,-0.09160011548692167,0.1046492143506832,-0.1059682543842326,-0.2254986042796938,0.10253993258881616,-1.0674595567832186,0.08867556853086844,0.19937132303027238,-0.2248206973835677,1
-0.0876041461845963,0.08983571745644223,0.05675447771490155,0.13505197890300596,-0.029293031051607687,0.14773297706014699,-0.06241415631519165,-0.060685101113236495,-0.2323848104786066,-0.8296785168617699,-0.03471286980270398,-0.14001776403319782,1
0.16216471559353635,0.16316396734756047,0.0792935682318864,-0.0819214265842379,0.020384557861259228,0.1373031215678581,-0.08345900433802439,0.03930955713438511,1.1197715470856064,-0.3354252015508232,0.20965689579117125,-0.11384758586564217,1
-0.2988530113228387,0.11977751248621088,0.04795692306586895,-0.11736046848371001,-0.035546079030108715,0.1844610039977977,0.09733906790661884,0.09492764664805473,0.7488248940035549,-0.1872846951186129,0.06373111992651156,-0.13019194742688367,1
-0.09664123520751011,0.13562262008696518,0.002950620281827191,-0.12250695404029692,-0.0697511516042258,0.08661841488256791,0.1039269075990144,0.035804103649859434,-0.666212869180364,0.9791990969068711,-0.0770434625201416,0.06922463559570691,1
-0.19213271255175035,0.1604295582484749,0.029532280124804442,0.061584986153440935,-0.11221988369432259,-0.03006346877468849,0.1380981530422179,0.08299610131755267,-0.46647019036680026,1.388092683728069,0.16856861481520286,0.12128534319012724,1
-0.06913710087969646,0.158545835864194,0.025765882553473656,-0.07102999441536931,0.14844948633389843,-0.10399019852594074,-0.16781416818849404,-0.04355582664870849,-1.2931521442581422,1.4212338960607032,-0.08679778802855219,-0.18222266841768076,1
-0.1392052958521775,0.01217676308046789,0.0007870929480661738,-0.13687052605886021,0.17522318677659876,0.10620417168282067,-0.0960843288396043,0.007119374224805811,-0.3801608755897359,1.4605220105992276,0.09032536224355908,0.14128820057019603,0
0.11352179451542732,0.057228077250974604,0.004212659961777885,0.06744618211115105,0.21044107989242627,-0.08370442846091687,0.22377824231046284,-0.01490550010887727,-0.8062867009042957,1.1806316455568997,0.1825862803273796,-0.14904867874594918,1
-0.0020176064451057907,0.08670663119911615,0.04813154377139188,0.07870682990954747,-0.13278189659753653,0.10706023957714392,-0.17799996416430422,0.11649289111624747,1.3975492700662022,-1.4738826859808587,0.08516230413858741,0.16880128642769926,0
0.049099281437763154,-0.03801314275603672,0.055610776936119335,-0.1278699721797178,-0.04682765590598853,0.007933923237240362,0.1818744658279477,0.1871076577416429,0.46539836645213506,0.2450432384685861,-0.06393745210647382,0.10833739989633662,1
-0.14742146702286626,0.08248433293770671,0.08083096838069571,-0.13113200798370517,-0.011710721703191596,0.157154000612175,0.10878842443050546,0.18538149780491525,-1.2870287148578974,0.6065761551012943,0.27628678093002745,0.07816530678323719,1
0.2228003435031311,0.05650043421387023,0.03762716060764272,-0.07304693654099101,-0.05371284915255817,0.19648456205477893,0.2982553512325027,0.07752009083251885,-1.2337984013087253,-0.7012748382032363,0.29679344008745234,0.023981455220911274,1
0.09857893753611358,0.11546431722145048,0.049703221203139275,0.15037373935077358,-0.004918429882099867,0.1515379161007474,-0.16131689258886234,-0.009657986699727547,-0.9518250331078869,-0.8094027895442768,0.32069050010431693,-0.13290692945244625,1
-0.2805892119775568,0.06412678798769368,0.07145202225978281,0.2007381857447641,0.17948863238474672,0.04195178821523096,0.2323315181504757,-0.005952970139721389,0.2787274368074848,0.6098415674202926,0.08634793867024748,0.0007970128675736099,1
0.13697899616008757,-0.0010040464659763285,0.001218150706604474,0.09997967347108572,0.21695597502817032,0.08680166242574228,-0.18495529853643689,0.10759570169425631,-0.7116334282612266,-1.4776538477632375,-0.0771023366145139,-0.040208006287967474,1
-0.12841367589376793,-0.035743620232276355,0.020028119431277525,0.06381419060336191,-0.04566724904933943,-0.06386745325686415,0.047895544786216826,0.13664084005211086,-1.2461440024269446,-1.0999758351386693,0.23332505394354508,0.11042587327837705,1
0.07323770941355795,0.0689503100881465,-0.002590238408928659,-0.08733081506623913,-0.03350036511608906,0.012988159774878869,0.2829933189351681,-0.007300378265671099,1.4279882547797909,-0.9809638869036961,0.19116664171873676,-0.1615557738076147,0
0.23804286003203962,0.02242480215014464,-0.003686129363208183,-0.027585936672580663,-0.06483818159508604,0.14228703037067694,-0.14016266705266625,0.15425873632074025,1.2084214397101578,-1.4099949402835248,-0.072261487658695,0.15625383424701217,0
-0.27048078848114265,0.1530739445761067,0.06745584972035665,0.0413470801628697,-0.1458632244661979,0.0819710093436749,0.09018524753067558,0.08480531574681344,-1.5550801488178112,0.6055582783742504,0.36327302475606194,-0.02583650173181215,1
-0.26009270554376945,-0.026864504270552522,0.057378237768814566,0.20517600776362788,0.012517000418122037,-0.07760516570920448,-0.06311457961545278,0.039274412386858915,-1.0434495865659046,-0.4311020321751442,-0.03768943599290837,-0.1057296246703674,1
-0.2848976049081272,0.09959456940791872,0.053054879264169824,-0.18563399689256732,-0.027283121765406287,0.1679040069716497,0.21116250943412962,0.08930456219598568,1.2143468078017678,-1.386183501107853,0.23840681311537498,0.1623934509417589,0
-0.2716888905483692,-0.007818077525461063,-0.005207986695613969,0.1569641033178446,0.11472435240481171,-0.0533187490601513,0.29648100578506664,0.19020575674879944,-1.0651862675478552,0.986371844804071,0.21369384372854316,-0.25080285846891887,1
0.0823530275716215,-0.005579479194890928,0.07381097292899395,0.14453108773092233,0.1982800842487451,0.1235840880214745,-0.17203259379663569,0.03280760095529163,1.0640918725678643,1.4392278332923134,0.23285014984063107,-0.10612948078904802,1
-0.21080126827984424,0.06673155471345593,0.054279697750625994,0.00869957739489377,0.09399432376547079,0.026117710726807103,0.1830936127014346,0.10933590828582371,0.5216524826867304,1.121860036337382,0.15321633577776808,-0.230333806586231,1
0.06969866229506666,-0.009703527100336416,0.07007256204752743,0.1334707618383108,0.04889834784729158,0.15091014608962655,0.12084315739317342,-0.025179672502972816,0.18626898767170585,1.248874511993696,-0.07281713362695608,-0.14587121023195018,1
0.03013021344758876,0.04164655252279803,0.04986009147466511,0.03795690710762248,0.15184148013742454,-0.0858831195762034,-0.012417435486444195,0.16488863070158105,0.5553886811506541,-0.43513557136585357,-0.08167968907278964,-0.15490748855250383,1
-0.04678545335131484,0.03769355689525927,0.05686101391714861,0.04872650731015299,0.188378651442223,0.15324066417503907,-0.12785244981567023,-0.0578684568934456,-0.8007389539015968,-0.04048010492556675,0.0670436727996013,-0.1835593452528274,1
0.08477803747025714,0.008737532073902834,0.008016090835407004,0.0028636611121249933,0.1369667782277612,-0.02526975682671352,0.15050470309178504,0.059625973923341916,-0.22154557146184573,-0.02484215693045022,-0.025027511428157886,-0.10766487120647714,1
0.19161351366344154,-0.03461201469394213,0.07898514015597818,-0.16449704064158893,-0.01678761298899284,0.07744500139033467,0.217545349055293,-0.02456546910908152,0.1557868208717761,0.6034574417421374,0.04220715188873109,0.028177776813980093,1
0.15795954453553268,-0.04077463002403303,0.06865102907726092,-0.1940513565677699,0.19571975637787975,0.19010593376014867,0.11890490006788945,0.19773083534048122,0.45943295004484397,-0.8382568473204496,-0.08979709951899466,-0.24349312221532324,1
-0.053524562602062176,0.09236455385291822,0.0356868941855613,0.07631050077208579,0.017880178154155046,-0.09452814498981459,-0.13656705273159692,0.19994380484927812,-0.8569443667406982,-0.15974397209404212,-0.021733028453272657,0.1774245619895094,1
-0.18055378392343477,0.09807588062148581,-0.004214908024984905,-0.18183964943564696,0.12363971947663172,0.08624953219220521,0.1262613833407069,-0.001457851803982009,-1.1746089973325866,1.000597184237946,0.35141326338429596,-0.1810435597519811,1
-0.08037476511669006,0.022276890577513475,0.0605313448373446,0.10608884368877824,0.03250452310499277,-0.10258645014119426,-0.16606953274459055,-0.04924102127133325,-1.3267989058521108,0.09105036370851072,-0.037663599966845235,-0.09828315474902777,1
-0.2684168411504128,0.17896389533872664,0.020571185998019603,0.18450529002022975,0.11017061906366243,0.06518198742770828,0.007775926982727277,0.11922908767995577,0.31669450137426614,0.3208920510990503,0.3231953337605302,-0.09227608936222886,1
-0.11010398597979623,0.03955050107028267,0.05419389145854281,-0.05098212589960596,-0.012116433563051338,-0.08815214049126727,-0.0262967643696011,-0.02300649909193534,-0.3885038737056976,0.2472586692324259,0.34744733204515804,0.045612137642633166,1
0.1209995449198103,0.17138598213018238,0.013663386949099316,0.029876905406139853,-0.14398685382675985,-0.07677543032721874,-0.055274594933652305,0.11793914618958487,0.9428905562666146,1.018173291257989,0.2506880672954634,-0.15485641177277273,1
-0.3092787026173436,-0.046245636725424324,0.04513846593624243,0.00022440684903640706,-0.05305295582662667,-0.1055150347799782,0.0613340116754747,0.1536644674720379,0.3291491123591399,0.26239511076619837,0.1983613513805576,-0.04375658697498297,1
-0.2850222879125955,0.16549540042291314,0.035320875491649015,-0.04100999423849677,0.18093324860593069,0.1504364427118785,0.15352780993673004,0.1567723667278876,1.1660486817150046,-0.8957155852101558,0.05832871003475226,0.12530824966012322,0
-0.10037615457964941,-0.04627220863173584,0.029594662148020773,0.10998042747826442,0.03820058121519615,0.12543881474351107,-0.24707933335766932,-0.015685652036982467,-0.9344155374855039,-0.3364222631690805,0.2192094811072074,0.16671394800307576,1
0.06576486409361187,0.042174819946629735,0.04121619239184744,0.17594892107864923,0.10631494710740058,0.13750244379480747,-0.09294423651065123,0.13428582522272653,-0.7703528691267968,0.8017110339502806,0.3112140112898575,0.13956802482687009,1
-0.2458727171399879,0.14267115657948468,0.0019497388337404963,-0.007702236844265797,0.11008860765580958,0.04021072890869648,-0.070718701227307,0.11828800623486979,-1.2121323566922073,1.3332206174205574,0.1498817366625144,0.054851550301354635,1
-0.08155785209102803,-0.042748472352073345,0.04077038591630443,0.09589407168138525,-0.04167740950344742,-0.06457548253807696,0.260385511674473,0.16586591897921077,-0.62721379569111,-0.40624811253923454,0.35107387869961604,-0.004596388349792452,1
-0.17268221166042297,0.09612340014844598,0.0750163986958376,0.0818136900543942,-0.14972137017826456,0.17226455360959825,0.16881965056979015,0.04372226523189632,1.1050751787163426,0.2323005407850045,0.2855759529658143,0.15826912465050214,1
-0.29004895306028566,0.1291596658386964,0.02704906092646901,0.15745338295347872,0.18782969505500813,0.145262762003327,0.18359684516734037,0.14749702995409963,1.4109999779074147,0.48844305290103907,-0.03897376934190039,0.10923403611957355,0
0.05781692900562185,0.0897661691354388,0.014312029812227192,0.05006072110871218,0.01983943488917919,0.19610049240163235,0.2321497576324134,0.07655134194266577,-1.384299388901706,1.4380334658133436,-0.045211966325086575,0.02214447132084807,1
0.10415446629185765,-0.046576122920384516,0.010215403637265617,0.017184956480336328,-0.13524150271614593,0.021847477555672207,0.011586849468359917,0.1812185546595075,0.723857278099086,1.0467587189163214,-0.0881079304239372,-0.19958277947431677,1
0.11796759782747535,0.0488886349096925,0.010012154685426097,0.1844888011916384,0.15166287812599422,-0.07262483364510831,-0.11179457171954857,0.1620824526703319,0.5209818292020019,1.4586605194173978,-0.056702575213143015,0.08519877122779845,1
-0.2689204319551983,0.022514761473741166,0.06013124488755123,0.09063281603549783,-0.15927106388686973,-0.045908541721037976,0.1832339132244592,-0.029175830493664727,-0.24340360975761688,0.7772558938116585,-0.040618641279091844,0.11186240461502106,1
-0.277564861790227,0.07108890515726385,0.0548647299995,-0.18559448178098611,0.09065286966418573,-0.0056037191941218645,0.21505819278965654,0.14838994296666136,-0.47301573636185057,-0.7856505809802572,0.2842542953454055,0.021853159362435537,1
-0.0955277687373563,-0.03984902392031086,-0.001965543267976969,-0.10366245690826918,-0.041509263757466275,0.17543582331658325,0.31138678840551626,-0.02454139850580095,0.6430479558046367,-0.3356242913511458,0.13625783187689336,0.1632870057069668,1
0.09664411941976692,0.08512231071401777,0.010993001859474244,-0.10660375434876558,0.20073778047325752,-0.04191357103704531,-0.24879741780058964,0.007864960802171195,-1.4723739667433329,-0.6019229068204593,0.3359963157059169,-0.07023126942557681,1
0.19723576078203003,0.08536797615011255,0.03955997385570366,-0.142218970086189,-0.05281277973715756,0.15702216464806718,0.18403487307735988,0.055778103038232815,1.152172241436135,-0.8974508529862406,-0.040330909511280516,0.011376876522571855,0
0.14548880965549876,0.13742416990118142,0.0002611939272242278,-0.11498788388746202,0.0034054140622563622,-0.030750856347633054,-0.2044333325857923,0.10373905327536734,1.030055527826261,-1.2260923500542926,0.1763585148995117,-0.2255401816053435,1
-0.09302817528794771,0.13356866036938944,0.07278768429127776,-0.10626950113019167,0.1801547055739392,0.16452380445995812,0.08383787116042851,0.1971815132475732,-1.4972770519674192,-1.410649487609543,0.2938004467804861,-0.038714397720947674,1
-0.11401571456651374,-0.04604591859840919,-0.002164808199141264,-0.171590666497774,-0.08740867924332112,0.18851438887328253,-0.10458884340050903,0.15351656396433508,-1.0305615226821268,1.259167095596024,0.3224683206933378,-0.1719529692014523,1
-0.14982770114228308,0.1418508593156927,0.002989921655827869,-0.18745751299915514,0.22230346723050787,0.015971765015400957,0.11335654335521339,-0.028919759937219222,-0.9232804575336188,-0.29745389843666814,0.21691487077090876,-0.12482044110041071,1
0.19470092192461513,0.13079777983361415,0.04205103931490621,-0.015812847695694077,0.08515635188761006,0.11568593832714824,-0.18937430785823103,0.1629285865898794,-1.0302597625161438,-0.3584223262394268,0.345014531513645,-0.23917292584529742,1
-0.09220219460653631,0.06869500233217893,0.040964796797988465,0.13771913886913978,-0.10424892452818696,0.08237974903475787,0.27819074048666614,0.2010192171768377,0.14860933036358248,0.8062020999431161,-0.03570484635257846,-0.018669200581733242,1
-0.1714270355982693,0.08822513176544627,-0.00467082634961199,-0.10918723903037056,-0.04111694903808362,0.17179921412619337,0.07037632057857224,0.12473699549613446,1.1936865351055481,0.5683932752087022,-0.08513246348439185,-0.20593668937404355,0
-0.04956563448795975,0.1698130980822981,0.014555365399373531,0.08526770280856538,0.16712505435046598,0.16910803883539327,-0.09759414239660921,0.18372358637377006,-0.6903654628373835,1.0765030800430864,0.26408122015015184,-0.14857475836305173,1
0.15336879237656548,0.09883989191095163,0.06455319462542747,0.15180859985478712,0.0842873511259278,-0.09630622499245922,-0.09512720889281545,0.16963931009837316,1.200158291501009,0.4561839971697832,0.08413896401829302,-0.03270483149027273,0
0.18205734476251645,0.12614163027795938,0.026245865651037866,-0.2003734774185996,0.188401232952357,0.1323705885005,-0.007470679029969951,0.08190799492080622,1.1420792925113885,-1.5007439486464458,-0.016980101833073025,-0.16083321706489728,0
0.1727513590441606,0.028802602482226436,0.06594770018808402,-0.00960334068567334,-0.13208981524414143,0.002773636525429654,-0.17587200020851196,0.1208675573001558,1.4198845642831268,1.2328353088017325,0.2641017684143447,0.12285671524125968,0
0.13276650331356615,0.07901210788537139,0.05682663639333872,-0.03409911244918831,-0.13208577724913403,0.10772904235857866,0.15028584892888203,-0.0033743685173746943,0.07058295813379045,-0.43698789328868926,0.24469485264992408,0.16929437343744824,0
-0.13541450205855599,0.16278979967352944,0.06701128943348424,0.10462532679881181,0.21747956932291623,0.0920117132710738,0.018997566078724992,0.11613553650294806,-1.5096592336922383,-1.0228523538239767,-0.05396313455723323,-0.08790065034903108,1
0.14798516654886956,0.17082191492331592,0.08051535412035299,-0.12263328045144765,0.06611015331422443,0.06812308710044646,-0.1655821750897863,0.09126545401475403,-0.30080609583792906,1.217097056208085,0.025054460592061054,0.11113736512651862,0
0.20171176911523997,0.1197688500221751,0.011460692780352513,-0.09987155523888926,0.22433874102106416,-0.08438036784452174,-0.1997164086262549,0.19622741831984344,0.5685973604726982,-0.69279203814172,-0.018345058161309838,-0.03958199189241321,1
0.16953507287070402,0.020616690781055158,0.009470966754002118,-0.2053131921786102,0.08634397537620267,-0.01788382197681683,0.23249951621224368,0.012437161019523357,1.3461387079465525,-1.0587732993056074,0.3492334931733652,0.04582810791334885,0
0.21979839588943934,-0.020076252382315675,0.03376810323220371,-0.12363389985820168,0.029432265896416565,0.13384131124039353,0.2216478523871076,-0.06143143161929583,0.7812690579164758,-0.7387942164552624,0.17769848062908872,-0.12353635223851706,1
-0.08961323501719029,0.019080214672435036,0.032611030570416644,-0.022037518102784315,0.040548654835382864,0.03418797109298263,0.03128985180381366,-0.05513158138100936,-0.9965292619817046,-1.5465636039070487,0.31275956841777447,0.0919158380328629,1
-0.24956484642963667,0.06104729284611703,0.046866356824793884,-0.00652182166527529,0.1160446968419071,0.19670888181351331,-0.21164903550771408,0.07378838624117753,0.9393760969257083,0.6600009796754669,-0.015256798409499478,0.025501458892424222,1
-0.2873170597825694,0.12104813489553759,0.05218499345285012,-0.07025660603574194,0.23141374685457677,0.14531154421340864,0.04484935167667725,0.19938485250561563,-0.2653222679641476,-0.4147223136843887,0.17849600140712385,0.00045571853680120844,1
0.06179717979161936,0.1696819869566537,0.036645800155856736,-0.17722791176521224,0.029649249816766393,0.13280911922667676,-0.05989332471853376,-0.055365346381174615,-1.499107205953027,-0.7535583018899041,-0.05224358925728316,-0.08879086927800803,1
-0.2363844171040646,0.05644237061888317,0.0048170763626990305,-0.16384583037015954,0.11613660283878363,-0.059313124405383055,-0.17788529673251052,0.0941453186708994,-0.04340329844506097,0.4314445109580334,0.10557399246909555,-0.09352529663240008,0
-0.0003418353699589649,0.18252738655380132,0.031440382235308026,0.03358324782234512,0.2038026564547311,0.039884316106840956,0.18470834207494008,0.082545805177871,0.1141033182562563,-1.4111335434968157,-0.09121665564656853,0.13987616161224997,1
-0.027260834839724357,0.0883160814397213,0.03283436856352759,-0.09963923329758358,-0.13397840492815977,0.18080402607227536,0.0936760275344024,0.1684364307703268,0.4484241984665729,-1.3508088479743359,0.061869569607241964,-0.15191754312498987,1
-0.027100967489271877,0.16858204913532904,0.07151760198952675,-0.0006409828537519979,-0.02204064289184582,0.0790867010629831,0.08695006082337509,0.11827291579830293,-0.4927235136653578,-1.4152364763488348,-0.05679528234189948,0.17160144877069733,1
0.1153112828263424,0.1715067468549824,0.022797508618786416,0.0162048067772462,-0.03265445935715991,0.16976383740124973,-0.10092470170336229,0.12092966830291357,-0.7526050732335694,-0.3379174872959514,-0.020434386167399135,-0.021933967715157904,1
0.17170250190136344,0.18393916853226475,0.04850953823972258,0.015635845434218143,0.15140328713629508,-0.08806693128053979,0.20107837280038576,0.13800323823751706,-0.12475425941279417,0.45487159991669057,0.0008382954278594035,-0.09151418736799921,0
0.22716182308940364,0.09604467160227748,0.038285796785651485,-0.0034623702375339294,0.14866898511492466,-0.008787065679898842,-0.21277754477409902,0.11649576137696252,-0.7141776984742874,-0.6951282568435715,0.116204740814461,-0.14682312567247247,1
0.2159647210678169,0.14683415970718375,0.08196247368653159,0.19781406209313873,-0.03562221902208605,0.008591294562386345,0.13673733486642942,-0.05834252819634879,1.5244515549353361,-0.9976240041694634,0.15127848817890746,0.0387179609245486,0
0.2116302382743111,0.09742049308272313,0.0461745637462183,-0.08296604649992598,0.07382575081775494,0.12118864909036589,0.030987650651393805,0.1436238293343102,-0.7968213379731579,-1.169867410652989,0.3469660424984861,-0.1116675416632224,1
0.04396306787822385,0.06715080334642193,0.07701685708957694,-0.14112988631738582,-0.041587072409539294,0.1555611063580679,0.1181797080282832,0.08106417567770738,-1.0998727652091151,-0.444292330438083,0.3355941312789331,0.039752583483792625,1
0.22020721339249733,0.17733872551754717,0.04163788834687758,0.047884814678534116,0.09973367677790074,0.1484812680855725,0.11405150702456329,-0.03221676218092828,-1.4586595973803318,-0.4704378833924967,0.3058955133387612,-0.06754650335337262,1
-0.040440385751100094,0.10831501592057824,0.062468123921990484,-0.17677251562590868,0.0011502781021473785,0.1273370177866573,0.306927853720386,-0.059454033232119195,0.9503079313055489,-0.022099103510154983,0.010315807241865371,-0.24082577582523626,1
-0.0032538029889708775,0.0987024715865876,0.029747379710137436,-0.05357761015254861,0.23007613993472104,0.03816057129394482,0.1945204619762081,0.013403927856699971,-0.38186293206745936,-0.06138883913947657,0.030765221880195162,0.0331228185300258,1
0.07847251991685966,0.048326769901333486,0.06222985931231398,-0.08020725500890735,0.031605097026406265,0.19453948869349486,-0.1640606925098374,-0.02345490210444165,0.2114434138947383,-0.30934439194923136,-0.01847959748766871,-0.16968864261894925,1
0.08579871008529077,0.12552412834764373,0.039826633970052344,0.20547426501847404,-0.1447061416463802,0.08187280022250817,0.0835987846293132,0.022413110318662666,-0.7222353647236427,-1.0485034023962325,0.021005764787555323,-0.2140655335500843,1
-0.2513056720518494,0.15910238348438954,0.0146961994105131,0.17348806979423648,-0.1125569381270282,0.19264312198692712,0.21494463540555825,-0.03179861900685445,0.20431283941822853,-1.3217290816042717,-0.05587253722590799,-0.1383524769340821,1
0.14686931137235087,0.16159963584065776,0.06167340762695041,0.166253923128048,0.06154030811109379,0.130312775150292,-0.06824280706719701,0.14509900561440348,0.30132002321819673,-1.0767000254012564,0.36180835283201424,-0.0479273437541361,1
0.042467001482094924,0.06471974035213258,0.015622641482947251,-0.07028120425276935,0.22737432662301355,0.01210325469894677,0.1258236435293214,0.08742308482494174,-0.5312935908807876,0.7672284132997336,-0.05469147549415559,-0.09773018716180082,1
0.09562326306884283,-0.02019240205158078,0.037681633847278656,-0.07560623233750668,-0.13447442953520633,0.1966731687991276,0.27053020977548914,0.13513331232916861,0.8852578631734278,0.1564864912378845,0.19664796645757554,0.16824770353631147,1
-0.28832780630853655,-0.017241257876543792,0.0534641920604815,0.1735617998488581,-0.09052043465684194,-0.010779693051846811,0.07300913660329855,0.20180451874576635,1.1411819940154342,0.9183641698545604,0.21685059788059108,0.1296102152204443,0
-0.02189565721042963,-0.029254478450271296,0.056398140748340445,0.0443278625500198,0.03203194703958573,-0.0236247963984781,0.18649286372146223,0.1544057732493959,-1.0091061365087994,1.4140671201454709,0.07738340713038397,-0.2057007236132238,1
-0.21722655847516598,0.060970434786874014,-0.0007810792987488031,0.09376218551718307,0.15465477194793997,0.06010626143301087,0.2496796430013768,0.18980627246481543,-1.0077906956761187,-1.1385751491500318,0.01411801398249049,0.033889909380156014,1
-0.07998190064073626,0.10737783461264203,0.05250968027055887,0.04597368368159338,-0.09762637878347367,-0.02029224558930963,-0.04874741073992156,0.1554655715244602,-1.144854011246433,0.30607965350171784,0.2155370277535517,-0.033369249360531233,1
-0.29001840678317486,-0.010505278085881017,0.004707081350468807,-0.18288621472903457,-0.033634374964560676,0.13278953607250452,-0.2008476836430111,-0.03306951339765063,-1.3578822243594164,-0.08484567255970887,0.0008429360322193963,-0.24647132409413663,1
-0.15414209823461256,0.1832119108031665,0.022521538741680766,-0.1206323793985289,0.0361348161849013,-0.037542211334983144,0.05649123718804566,0.04341151962700475,1.1921422538838293,0.597900499066162,0.2342336815851394,-0.15860102726120728,0
-0.040909506896192216,0.014904492345971188,0.06445433919331175,-0.19760713532349355,0.10215915369091966,-0.00891012929128436,0.010964393453176957,0.022875905809146696,0.869534773882733,-1.4567698557412905,0.1805216117183832,-0.14623282138855248,1
-0.28772049124787574,0.14903922409360523,0.036670750413399594,0.05162238549947151,0.033278662362227096,0.0812990924472298,0.09546852610176781,-0.0585554884675669,-0.9774449540566099,1.2606170553473828,-0.04776262898181001,0.07233646258707849,1
-0.17745614923417402,-0.04621827307567848,0.06489760283925011,0.1557864047464531,-0.06482271838350485,0.10222757261028084,-0.26463404673258734,0.12815874022009277,0.37882336469345934,-0.2963955913140168,0.08802480549604666,-0.0996319787003436,1
0.16954784915396975,-0.05008656891049141,0.008962447159652873,-0.0357164707683614,0.07597015187290881,-0.10595289592394547,0.06546598334613601,0.03755094816113552,-0.18745439481908388,-0.09483268630651054,0.10988027292240243,-0.010990804573058649,1
-0.04728176062997047,-0.030627653075767033,0.06398537995827157,0.16426826646718934,0.16113564989140666,0.18155777889956137,0.0034522543556790297,0.10995872132926976,-0.8860047609325017,-1.5140790649952345,0.1736959372616539,-0.13857805245484184,1
0.14923523454210796,0.08337718945624781,0.0782019465192638,0.11556075362309248,0.18718399833987226,0.05924651407315548,0.03198151420133821,0.1377247784040688,-0.16130554143030218,-1.0742115151190603,0.35787974707938985,0.14656472381559615,0
0.2354443172145428,-0.04430863518048907,0.016420821456540197,0.17117866870144638,-0.12468610636047599,0.030200429523731254,-0.06991877418857081,0.17012340504201817,-0.8045654192252342,-0.39176636541392607,0.14799603643095094,-0.20357349188438603,1
0.10668813952703082,0.09113549648005048,0.04651417167067383,-0.024845482204150726,-0.04362346889541148,-0.0875677218881395,0.280758561793082,0.04761539617904717,1.028152694294196,-1.3924741271796732,0.35978720116028684,0.09424169127879645,1
-0.25782135611299695,0.08865974966400886,0.03597408687014075,0.12544217832166482,0.2347101192466337,0.11954293993291229,0.2332268712455492,0.07037766994343833,0.3042300651979586,0.7805435961681708,0.2508439492630447,-0.15344393348300678,1
-0.023993742537056995,-0.03178020516933645,0.011612839286357257,0.16285765155203152,-0.1028126660443543,0.13999437345740498,-0.05179595040344176,0.11292020060360153,1.055415338985698,-0.11275853765178567,0.28580440220087056,-0.1388019555447475,1
-0.1052846357480813,0.11901845497502583,0.06254354634079795,0.12404723137532014,0.1328860550695607,-0.03685456965510252,-0.10014127043854301,0.1865682453317703,0.6154634941394626,-1.4687833992389328,0.18221262271148014,0.15013921464492508,1
0.1856077624152393,0.004173595832561161,0.07230277218989345,-0.08310129840057442,0.014466810071472241,0.15216164244001312,-0.07991808882243265,0.014355268183394956,-0.6176383928562101,1.5474864038080722,-0.03166299379935556,0.05281337584499157,1
-0.010474460824205,0.040531530329300874,0.06005769139510733,0.024611818758422582,0.15572970783454576,0.11940481171759026,0.3028076916121152,0.1518820226418783,-0.31942094892975637,1.2167883557340422,0.2052876887763065,-0.21344185968893933,1
0.03457498154423877,0.12340636709019304,0.00987317539797352,-0.02608525675967044,0.05465115739444712,0.018522328281544848,0.23963900934434212,-0.017870081044231413,-0.6041670407151403,-1.3642432299785274,0.11315048069894756,-0.01756829986316555,1
-0.22466421057570735,-0.011957989406715386,0.04024465405742643,-0.11495845545026877,0.15915576548554383,0.08046869158285269,-0.23474542022224743,0.03209956004796241,0.42874660063058934,1.5540573742519859,0.23727485507565504,-0.21169528866565313,1
0.2210305272857485,0.049966343840078656,0.03660345994301473,0.030950313003704655,-0.016233101952035422,0.11374033052747681,-0.2590573465632408,-0.019641459476614047,0.5512599924770629,-0.4802043864169985,0.3153450749311778,-0.22483246141316232,1
0.17624425913563474,0.14014523285536243,-0.001075044220180836,-0.149391704333976,-0.021532782168664916,-0.0725318149696594,0.17148899383364924,0.07075680805299181,-0.10452665645366199,-0.4376610801854015,0.04227510610903468,0.1270665089011453,0
0.06238318222814648,0.02491276710605146,0.040989968062979734,-0.10026072730405546,0.22982680567936314,0.025371332148914766,0.25166285851259884,0.1960821747534124,-1.1570462699873336,-0.8709626375920448,0.16990064969607482,-0.21266771642067311,1
0.23358409589855816,0.051742493215352764,0.07315212781608468,0.0672110100147883,-0.11846627777873175,0.01971212473237008,-0.15411915131597434,-0.017617114784640293,0.7231114414663564,0.7192820652369474,0.34985645281730926,-0.05657622403162785,1
-0.03181221710534027,0.013444190994998731,-0.00025867258376850895,0.0387340509404725,-0.023627325548985223,0.0828647660408425,0.05424768369846461,-0.005175575833121268,-1.0824357540992375,0.2124671781399068,0.01798306860013478,0.0827129931243879,1
-0.30592239596950543,0.006002682413657201,0.04019206646798472,-0.008653811897369024,0.2120851839973768,0.14985050656958843,0.16761975901983572,0.07340340779642024,-0.6851357152456945,0.4696412563181631,0.28385228257766054,-0.06494386224434706,1
-0.12863555278404717,0.08828441394517275,0.06044625103430029,0.011174993443746867,-0.10089216546703847,0.17364153700385415,-0.20216896698814635,0.19384807910177018,-0.20275312213211416,1.3940944408391809,0.3263321669829347,-0.07559181834793158,0
0.14616688951143153,-0.03763148914117196,-0.0005203539200002525,-0.05946278833247082,0.08129355468593502,-0.10466904930274397,0.0307464980936899,0.19545454367768036,0.0694117065534201,1.4831838134315605,0.1497173100866627,-0.17789075982822405,1
-0.16173821475415173,0.16535639841742045,0.08256993938281498,-0.10739976026212467,-0.07615559004590583,0.009586194614861404,-0.009383676224045179,-0.03893287263132448,-0.02753920911679164,-0.32257025857233,0.016016949300018138,0.11548162379999816,0
0.11835799001888858,0.07115918417267714,0.03125176478302978,0.14135235918971867,-0.09439488133145565,0.16319073256822914,-0.23908809061069133,0.1816375995912221,-0.03896589961978769,-0.01453797071167906,-0.08329403913168862,0.10247677820905376,0
0.022288692427958112,-0.054864478101180676,0.06226887779193127,-0.16700779495637277,0.053629440102517106,-0.006232615519766768,0.1719996767621934,0.16308200940716877,0.7982534153915444,0.49954785312889194,0.32723455185332234,0.04764738602593849,1
-0.1280486741777484,0.053368784262756444,0.012851862919228692,-0.016152242671053557,-0.06276582457491046,0.13874409210397373,0.08559497273253514,0.10491457727367043,-1.0596675655122365,1.451872834616786,0.2690126092056652,-0.016336303712045863,1
0.2216154707598295,0.07137863559272384,0.011460805961629617,0.08533443908061228,0.1173971661324002,-0.08752136815247974,0.13407018390633046,-0.006334458986259617,-1.1464891452892139,-1.2271284935636046,0.19508546482139605,0.06617197430971222,1
-0.18053523180453224,0.13357376866247173,0.061163015041972385,-0.03671526423953536,-0.13310034940383952,-0.022040208448514315,-0.17172940593973157,0.1910045938373219,-1.4159855525862226,1.022916951909736,0.14304310921378616,-0.1363029377102411,1
-0.29432852007506266,0.019016271337203808,0.00355233037929306,-0.11578227695841592,-0.0308379372235284,0.017222096555441782,0.0036918909757835405,0.07502147167552764,-0.4375396773085667,0.5754982848303312,0.09936621441219212,0.16753489920512787,1
-0.27395148824389504,0.08324569111012314,0.009551060046976947,-0.051227266111791736,0.05622657891602989,0.12427213789266123,0.29853068431556795,0.06799416962107402,0.3896048149021325,1.031853226147381,0.009690245630102054,-0.031348786261741146,1
0.17294742858782947,0.0388703162201897,0.04254318956560868,-0.159401535980904,-0.137952830616454,0.19335915425663663,-0.16393331766189811,0.02619553675579439,1.5223440438481537,-1.215014691457933,-0.04706749075576658,-0.16678121584098338,0
-0.029695526409993678,0.04739762925253718,0.06444674561904051,-0.07813468454857736,0.21214448449155282,-0.021239426679304257,-0.0757037729052557,0.18849124181461993,1.3235965854555045,0.3810341037067233,0.0890530772336856,0.11431667586019867,0
-0.2633688209883834,0.012286384467728034,0.040234782292374136,0.14047152498847343,0.06341218174863228,0.041897609481365394,0.2894916489077709,-0.03175058521003254,-0.03785431135667672,-1.2487374152392254,0.2432641341115584,-0.01599515863036763,0
-0.1609431258713029,0.07286417002005505,0.07182210790620472,-0.010328845343509863,-0.15750513553724163,-0.09024460430764158,0.09874783731723052,0.11673063954154297,-1.2516822403662156,1.3628893428588709,0.23556102173381066,-0.12006687538948047,1
-0.2702970487448833,0.040286220832322805,0.04092330876422419,0.19827062292764497,0.07434052343206568,-0.04396313280768062,0.2142756983406081,0.014543030651575722,-0.4943782281323792,0.44725088683823944,0.32398763146845583,0.13029960173351984,1
0.18286060328098225,-0.04990663828533711,0.06913918115979056,0.09498288173219116,-0.02776675707313675,0.041995099154009397,0.10296127344469724,0.18696382001935213,0.7547332533350313,-0.683078333016109,0.20333116333524792,-0.17159140003632975,1
-0.06956590239706287,0.13327226957234034,0.04704818812871031,0.12117127389347354,0.04171786511610276,0.008452639047344002,0.16237341680391132,-0.03774131517162627,-0.38170049787225224,0.35435301781974204,0.310670349510873,0.13261867019659535,1
-0.0195947728453415,0.061806099159850164,0.06643430887991925,-0.0901960951535156,0.17635620874254437,-0.04623273141202243,0.24143509873962032,0.08054480426182678,0.4089996454596856,0.2419290829419074,0.18643244800899422,0.15113418773607235,1
-0.07285289006968812,-0.005836203553144355,0.00022842800572534655,0.03946809213499847,0.08180820945611295,0.08183748699756963,-0.24598379157702946,-0.05528322045680424,1.5167420565033478,0.46694464827490534,-0.03976765364048825,-0.2200423992141573,0
-0.2199061914206102,0.1370769808367386,0.05762660212778428,0.060044638833712194,0.0935681522170308,0.15449236036103436,-0.07445325309794942,0.022673632422277656,0.8322569233304733,0.8504582756064252,0.16197504791348977,-0.014334950003536406,1
0.1516556749844682,-0.01612213828763772,0.028779305895657015,0.06118993592668087,0.23102871478871634,-0.06039058070156994,-0.005811515643690202,0.17692745565050694,-0.11142959212478565,-0.2547293298215909,0.025925317334626524,-0.17100778848384407,0
-0.09809262865429602,0.002646881321120176,0.06538040465432282,0.094730635936226,0.17053054243915589,-0.055322768086917315,-0.08805178967769484,0.1406929666409718,0.1659493535966563,-0.9069044711596662,0.08346754717572089,-0.17134485804929542,1
-0.26749137830339076,0.016695401896923923,0.07147554518944077,-0.18604144158176975,0.0640014312063415,0.06423536623714157,0.039815575335526154,0.07113742638175391,0.6581454428259799,0.34695267181652567,0.1420137875337968,0.16922071044767345,1
-0.07872484721475287,0.05556490678036209,0.08114294159344079,0.1194229262312243,0.14476325770157633,0.04646021406667808,0.2523219623661681,0.09114596025430954,-0.30880911980626524,0.7436313280067692,0.09421572432482858,0.16267007423706875,1
0.25399915151378566,0.08353473964933567,0.01213065986563822,0.11764259995887838,-0.03258055434109794,0.06853654305181828,-0.2173054636655382,0.15096310169522673,0.5924146420309755,1.0483316119131298,0.24270293211784505,0.12240908018483554,1
-0.24993622801745563,0.0006220809342848549,0.027550739944023264,0.1437926434533519,0.035231150292964586,-0.06573098554616943,-0.1190810647922832,0.06105460064567296,0.1980470946658628,1.4077249879160407,-0.07996952452639519,0.08757707409309201,1
0.10820723187371034,0.15133364553588732,0.006288044454081477,0.0447972270059146,0.14908539451684377,0.049819900549906565,-0.1917745032359331,-0.03637402831927314,0.9452249170012956,0.5255436212381197,0.33314417821483017,0.11064933407547328,1
0.10241255770505009,0.17982620537712912,0.05504090673939155,-0.17089471522695596,-0.12940367515233964,0.14137351505346724,-0.058680592231263845,0.18187276086234216,1.4936284235594115,-0.8301838633628608,0.26169404632896553,0.11658784642705605,0
0.18469828555157458,-0.03534960143280935,0.02663643225678446,0.06331376409026818,0.20362529749868236,-0.03459946562473039,0.08005205146727506,-0.02458226619131927,0.1483555762614026,0.7998399634685669,0.3653176001887636,-0.21236313189222722,1
0.08037822484646728,0.1297976941790897,0.015393672309517083,-0.1022137088780434,0.07589449492079303,0.0848177267919221,0.14962877859279372,0.09091265183801181,1.4331043067991491,1.2706796500590787,-0.015419387215541161,-0.006347608976357749,0
0.21498972904622843,0.16291262445160148,0.007213683546812346,-0.10907309260420724,0.07815241875281395,-0.004658405374907207,0.15562483400423333,0.07560507464849808,0.5992833885496818,0.42869872912389684,0.22420543614958305,0.08943699405752209,1
-0.10076076028059375,-0.03392539253745221,0.024046201079381487,0.056585573824927515,0.14069450532470057,0.16083306848711293,0.28938994005617347,0.07744544619640215,-0.7841000975621487,0.9652014255420756,0.16414641722578266,-0.017608837281096884,1
0.12819437223899816,0.12884369699964343,0.01787746943457652,0.16454969083267573,0.19281667273580722,0.18175452537101056,-0.0025593897060232074,0.19856616456244522,-1.3005913038157253,0.2315771507519231,0.10594482942133857,0.11439113577058907,1
0.12558057332211825,0.08314993163399914,0.0825125283085222,-0.10448268803123706,0.09394950713167316,-0.009550643925606797,-0.0024442345295271894,0.027093915362623358,1.1223528131809843,-0.8295056473725514,-0.06564333620631115,-0.23518989618527633,1
0.10308546727364565,0.016240821047273854,-0.006106628695611783,-0.17549480363680492,-0.08257625660739304,-0.0928050489283641,0.28024604163534106,0.08775721884323204,0.07874018590136544,-1.1060942255964163,-0.039994763883069856,0.05315527476080706,1
0.24343474006462823,-0.027671338624048678,0.005823794664638917,0.055821539387933106,-0.09996312832509571,-0.06905930636956548,0.12065823427092537,0.10105698259334464,0.5495592231347921,-1.1298544438580906,-0.043452882599012255,-0.10769051257318007,1
0.11108496992261119,0.09005473129229269,0.046456253892191685,0.08017596092911178,0.09581357103199589,0.15918927311365821,0.06177225522647084,0.043577747799212765,-0.25834102623422117,0.6848435940742881,0.25549190869875926,-0.13059790388698364,1
-0.03719111022089283,0.1205779145944108,0.048961401002777225,-0.17371595670039772,0.016675525752544357,0.14014913099565704,0.30954981932287773,0.06090127037130687,0.9724212865178308,1.111954879431637,0.13228989192998575,-0.2205686917598657,1
0.18301332432523293,0.07175669522158737,0.029752241071368406,-0.04203406573903676,-0.14890262824640108,0.05077376295278754,0.007821710815971217,0.028928709974717665,-1.0005231697669814,-0.4838194504923874,0.16968008358174852,0.1329515929389673,1
-0.1040157082558407,0.03743915180083976,0.07059514414397065,-0.05855925285907257,0.013826449990047701,0.1367802915859078,0.07514511314367223,0.18441180309014477,1.511507798074491,-0.41948472928465064,-0.07192576408062772,-0.16661175909738793,0
-0.00299205980177486,-0.013918352916068993,0.03315449364380142,-0.09017044833563287,-0.15186984644784082,0.037422610982055377,0.1066402940197278,0.026905432579320182,-1.0426422377577704,0.73005129579565,-0.0498302943473962,0.15464291835500665,1
0.21593834431159337,0.03953922276773428,0.03009877823508821,0.14982737560206233,0.04991436027905097,-0.07178620438614042,-0.2009972546619691,-0.027858132253824594,-0.8432880695902296,-0.5599038645946222,0.04541413402976752,-0.18195702230745775,1
-0.24192988792311215,0.12111245488764355,0.07240747888847489,0.014568363126604672,0.14579265024802623,-0.0211424041902369,0.0715539922279107,0.05329658569029645,1.1413621600140453,-0.00687839690823,0.29532801520574237,-0.2299971944228922,0
-0.039069626264347235,0.15323947530741577,0.06370923754239975,-0.0013387059495283127,-0.09227719073672722,0.15133573863090077,-0.17884701029293268,0.01066619620777949,-0.23351412804685046,-1.4189884813131963,0.19591956340467653,0.10772118560904992,0
-0.04811485067288779,0.17698162387454375,0.04607360595688895,0.04556865499829077,-0.0907160729435281,-0.04951641124364569,0.06632189888128848,0.1280871983358932,1.3307456906014823,1.1641939529758119,0.07119672542933123,-0.061437096927721535,0
-0.1853312025885279,-0.025219164425039145,0.021069987869122588,0.15738644358748288,0.15866502004735872,-0.07650226898215493,-0.2166657587556352,0.06781688884006515,0.23019776684291404,-1.482757938851512,0.1305803907746788,0.11886735058877024,1
-0.25068619357780203,0.17682493120793968,0.061623400003543785,0.09945397791986405,0.21210530839336061,0.03595630086596846,-0.18130492427792863,0.06886124684163009,0.7404783696674164,-1.387755198484032,0.13166065708895547,0.06642148440564344,1
-0.17109267129985806,-0.0033365423711358352,0.04520211364359604,-0.031648730438961103,-0.09635170065326804,0.12474590413549469,0.04057216191982427,0.07507304442694276,-0.6059398064737683,-1.17088612244314,0.22493496231577026,0.11851686015362495,1
-0.21109801189875085,0.13839902271911178,0.06352973818823714,0.13455638193553898,0.07019251043584065,-0.0001808853096901819,0.1788614515296983,0.06437780532948556,-0.7391039511112298,-1.2992286426054362,0.11757606551337116,-0.03243577693771102,1
0.20211786948745075,0.04066491560629784,0.017829148499523623,0.196883677612747,-0.064326506012474,-0.1041214058993747,0.224480620493406,0.18984839671166145,0.336538964232699,1.3812226374825187,0.15688364032096622,0.1098482210283897,1
0.19510623746096395,-0.03452456568867174,0.07078517533630943,0.051038830476018204,-0.14733097011955926,-0.07441825604956244,-0.24113931214883258,0.18829166395304323,0.03273528389352598,-0.36503113483973637,-0.09075359083815353,0.09293494132191504,0
-0.03624196387846895,0.16550301424925878,0.03926693060503392,0.12351790964481763,0.08908514502367884,0.051281026153952,0.2814600336612504,0.06851708913851426,-0.5622886563450062,-1.5066209255738963,0.20881267841686912,0.1445462823572587,1
0.203099784621882,0.05866537760253114,0.03483563119505649,0.13269700486064112,-0.027482668606730737,0.17837447118063882,-0.12237336288645143,-0.04285983226444058,-0.1487110184465592,0.09735705620245083,0.07100361242310102,-0.1127714932080523,1
0.2496596340697334,0.07976814646509511,0.0820374885135487,-0.06469446791571201,0.0037735535095312356,-0.0429129607323743,-0.01835252470260032,-0.04613673680242275,-1.1988166189681757,0.49451640293052246,0.24929313011343618,-0.062176963369819815,1
-0.0156084514564645,0.04905770772185662,0.03980329483985856,0.11793937697764917,0.1580951600307796,0.1481423630228209,-0.14451959696958072,0.05853371863495095,-0.8906961361738769,1.2652407199058,0.1565312600107972,-0.03781305020184875,1
0.12584284667404505,0.18209123962893628,0.030643634675115477,-0.1401458291267246,0.17017768485540774,0.10920716602941555,-0.18351243898842987,0.023011907222752523,-1.4174690432142472,0.33768117858939983,0.26511096904669895,-0.1847194731895186,1
-0.18841749056888546,0.12177874648268686,0.002510535105646498,0.0006525135930106618,0.056039067167643036,-0.003990266841115558,0.1935170504127373,-0.0478791854606269,0.40695601771114465,-1.395790036436081,0.14019115826408668,0.12743295208564187,1
-0.19673756739842468,0.1355799728956019,0.009017797523727729,0.20876191222382923,-0.14713848519743794,0.06124379384710249,-0.17023134761966813,0.045346917298500516,-0.3583965350246654,-1.4242472420152996,-0.06367839602738926,-0.2490663046332172,1
0.0998637400793036,0.05096878817514157,-0.0038930301135853083,0.187000780661089,0.1033936927751507,-0.02689432348007069,-0.01352950141085485,0.06684259629104239,-1.0349579942416853,-0.09091288457946778,0.17796589255816564,0.17375806140039157,1
0.10416780972687806,0.18131724296491183,0.041977601951285526,0.07686803804039238,0.1320113893846097,0.12272781709651676,-0.25335723685929057,-0.02882498691725037,-0.3815973242103423,-1.4565193421620284,0.3220917536031031,0.06219682525410625,1
-0.23056161799193317,0.04436545020123775,0.014043566232501147,0.14087713212593916,0.20322995746081518,-0.057394763337781596,-0.02633779983250134,0.18942299076556382,-1.0891502825600834,0.0018972657466740372,0.07187912901642829,-0.1612109525769404,1
0.08380083580938885,-0.026022252227125522,0.06823403329284909,0.10916036148779651,-0.03940238279076323,0.0446225772510247,0.19517142957106226,0.1846827006410377,0.4918427322409469,-0.7858298426983038,-0.0026932156641520516,0.14100877048099403,1
0.08090186625552936,-0.022291761446065518,0.05914693575828925,0.0961486120586253,0.13375282930859667,-0.002305480612936603,0.16078709425974475,0.1560346356029015,-0.8622940994023109,1.1492330087962055,0.31410199742574324,0.017807547447350636,1
-0.048660052101960116,0.15481831025127807,0.004316937801956718,0.13272709185833825,0.034197902031762456,-0.09454020740059674,0.2955675109704671,0.14320906127073033,0.4883044167182422,0.9316179464241647,0.33578732795814553,0.09611187977746205,1
-0.23980348814316726,-0.014096023098345567,0.06043672707345314,0.17636290655662645,-0.07498763288582526,0.03306592166176067,-0.17788635899866972,0.06386545765484714,-0.5687565023614232,1.1272299929030332,0.20219196675931556,0.026107841512803487,0
-0.051745430723000474,0.15863293910451215,0.0042091865662768745,-0.18824861366551227,0.03618122563851375,0.05509302381055897,-0.11310766616308593,0.1917474927699738,-0.9273153844417633,0.10701123450398309,0.27897215739353126,0.14940823405992992,1
-0.005206028672255669,-0.05485967008734648,0.024242146323106676,-0.11527168719329574,0.04219344302017941,0.10071030578218723,-0.04030980907778789,0.07955975135584684,-0.0020353295730088927,-0.9265518245117011,-0.002007546655282702,0.09836352792669611,0
-0.29151448888657805,-0.02281376666810992,-0.006910964595405741,0.024843676978441614,0.07745374804765912,0.054481744207480004,-0.02767033682801298,0.07735684972498758,-0.6007460256906231,-1.458674024239663,0.3565414823326563,-0.01706961187384351,1
-0.09801045900978184,0.1333895423169186,0.009498825518394458,-0.07433609959832857,0.21201204735253704,-0.05068229419039021,-0.20259384539712205,0.08193793027915264,0.7680008918152146,-1.1482083661286726,-0.016394036045711713,0.061561537972331715,1
-0.1737724298058361,0.17147158143225943,0.012666570206251483,-0.20262195499553992,0.06469029485881828,-0.04563248401947063,0.09639558611004001,-0.0019224619423421838,-1.0058888678011253,0.1042291722590658,0.10437019666578667,-0.1930873550302319,1
-0.11888057627240506,-0.011038571097818063,0.06607287900873916,0.0983876225147094,-0.09406865284159988,-0.08222194633362491,-0.2525959663598698,-0.0025945195992536987,-0.6875111188241051,-1.5325215397214662,0.35230454043176723,0.09253145710280086,1
-0.2679020838969632,-0.02078303129746236,-0.005617696084723307,-0.1515062809932105,0.049477318588151076,-0.08410308108710735,-0.23284118760530992,-0.03128754482272435,-0.4097424893300692,-1.1303884166009368,0.35144886583104373,-0.08669075481487579,1
-0.11967545480165212,0.056170553987598584,0.03899127505059616,-0.03238336114536286,0.032418255437264204,-0.0038745426386336823,-0.08108268145465095,-0.055309721780352664,-0.6160695015258025,-1.0765920027428946,0.21402162550877313,0.15734940171657763,1
-0.04137633247772632,0.15531200532626335,0.03227912272059642,-0.00803321166118598,0.09046512140077584,-0.04165042394690362,-0.1416676993066139,0.07228057532795251,0.4241913518384761,0.9179025373604623,0.2709430956543296,-0.05056088432796607,1
-0.2974812204722782,-0.04470393777090821,0.07546331246400306,0.194503853399079,0.09369208340209195,-0.05109383464914029,-0.054406623292985734,0.0182410560448983,1.1909389476363328,0.47243381081060654,0.2646586579390478,-0.09552236151590096,0
0.18602630959511418,0.04504936401731317,0.02986651616073974,-0.003178280861986016,0.07417585264418658,0.16524192920437597,-0.0024950034755432116,0.18342030544379478,-1.52309799512335,-0.0016657638913091244,0.04325747026378918,-0.2433391391180376,1
0.17434286790631565,-0.040198909771770305,0.02232584639372839,-0.10406188288487994,0.13459973096256211,0.17697906768203125,0.20531177357229435,0.022083513589006107,0.5975426388906955,-0.2742943937071214,0.33059490324838725,-0.20083006769739256,1
0.23331816232217256,0.13871842939337925,0.05658159289610615,0.1172585986906895,-0.02576813404264447,-0.01725046502032411,-0.04668688627958614,-0.014509205516842913,0.22693517141653374,1.3322970168654364,0.31315630622082447,0.13005025184701635,1
-0.22334977580445103,-0.0061938611682112316,0.029255051521970273,-0.15971248709495323,0.11282508553572806,0.11749568127575208,0.1501060324562301,0.06180358235149455,0.17906459595653335,-1.0204466972616713,0.3624070524905174,0.10263360667912608,1
0.10155763196383027,-0.029462973066461878,0.06757099009163595,-0.08076233314669537,0.0057312131832920055,0.033655427471943916,-0.07569690039315924,-0.033858488013111074,-1.0597788259883805,-0.009576294922280626,0.20646041791279574,0.15812753240730615,1
0.15823784200980828,0.03848582098418735,0.06335820659487329,0.03374000651566453,-0.04676798850651774,0.18994461138093172,0.27002445929341423,-0.03286433496498775,1.491397265180834,0.8510436094915972,0.33280566821140517,0.019319860872548222,0
-0.21719565299622498,0.13959681389496223,0.0388024054431048,-0.1847660549021171,0.15597366495451237,0.13297500946048485,0.011575367920207968,0.13079235359660205,-0.5459513521574877,1.132495844146787,0.21603274224985314,-0.15210593163208697,1
-0.05438247373523364,0.16753576924754318,0.06703994062087254,0.025947772471306613,0.06820221972475496,0.1630742494037974,0.23214444854329103,-0.039184589258667774,-1.056558051443513,-0.6216275832553657,-0.05351808890134397,-0.12519172793739602,1
0.03753180639705539,0.134019924561456,0.07482413728527557,-0.031139341936798265,0.00708068740079143,-0.06076184908713285,-0.15470205177366694,-0.03543021674291566,0.7394999286355055,0.5694109374039746,0.2541443500621323,-0.11414167212476453,1
-0.004627777995326987,0.1531047887085609,0.0769753991230961,-0.10838502963004555,0.20064580410567123,-0.03062232395049927,0.19841530918730566,-0.058500001128095586,-0.26047891168287274,0.5525329472108991,0.2917426487047996,0.11382386895241076,1
-0.14131254362455348,0.14833950964377168,0.021355659370288896,-0.111117183783638,-0.15952623107047237,-0.03560608296416422,-0.19893317442938258,0.11593869214276237,-1.1100984201837159,0.1906760466906039,-0.033759642831401634,0.05427599364982438,1
-0.14895464558598456,0.01570190180056004,0.05011698785919988,0.18699042554771594,0.23244766781342097,0.0014730056052459362,0.28034988232513325,0.09938157486558813,1.216391855695058,-0.9751656769516753,-0.07638270733104258,-0.2200697604304236,0
0.14867234399881446,-0.025893100799490476,0.008001735571166516,0.037532292913252385,0.21892623913441023,0.06548872140513054,0.15661627476292156,-0.01289064531573677,-1.4299121288774932,-1.2911306904760151,0.03767157999410961,-0.05492067655738636,1
-0.18301303555645124,0.10220133695787054,0.053604535098474765,-0.12037916320785154,-0.15670834242968976,-0.08484155744844825,-0.26725239222127906,0.1768777205177124,-1.258830425013274,0.5729576861545815,-0.049272378337634606,0.10357299207135462,1
0.15248503600417918,0.16642314531924518,0.00642976706617405,0.010846709562449403,-0.11201927163629885,0.13520233994334996,-0.028703277150338796,0.12146229062588146,-0.7595400610679813,-0.4443186630735043,0.013305790177912974,0.11455366563667557,1
-0.20613820524694532,0.13297893238956285,0.004144416852056772,0.07051341693477775,0.14838513508714835,0.010310253844713124,-0.1260503946146607,0.028569707701740554,0.9511064645842595,0.6835829325926988,-0.07117953476478608,-0.23450373094439567,1
-0.14767712457689094,0.007973659772556721,0.008045796426160455,0.0930868156407425,-0.150702155252594,0.1744311137538243,0.17102625587514358,0.04402019188199123,-0.5190174489962207,-0.7061323793703866,0.16897905249630862,-0.11620910716581145,1
0.0676249846172331,-0.025469639106832705,0.03963031317911936,-0.1608557472854897,0.01611624895522315,0.08048489810006249,-0.17747562612332102,-0.0037982388940003137,-0.585217831186279,0.8966442589384302,-0.0478820797734283,-0.10851147836924246,1
0.22367283575026925,0.10951512004512232,0.04421913157368333,0.14533957514959855,0.10124686535789523,0.13993250713121025,0.11294303759732982,0.16600028887323537,1.218983130099019,-0.28023598830254803,-0.07275279163032367,-0.20667739505370333,0
-0.01879761791074841,0.17723696017568724,0.06092968326549879,0.1178711560793751,0.10267199033490132,0.16810222207481895,0.15827403088199887,0.005785591499951032,0.9120143286753895,-0.8690133863169227,-0.015977107152325074,-0.1556901463869373,1
-0.14917762363541712,-0.017199125030964935,0.011699610992497202,0.17745678708646678,-0.02422720190550412,0.14492665682272793,-0.23022330063371277,0.19708406986154384,0.5378919945854286,1.0807332114807082,0.14873167657082634,0.023837610452083657,1
-0.10577541964797224,0.04574826134740197,0.06013796862705924,-0.18881643529411854,-0.1456394515617071,0.1593876536294147,-0.2038141785482724,0.12812700661747134,1.0864145911240926,-0.4783640920812744,0.04257409895606959,-0.038973639746742006,1
0.16144623622386267,0.15379273122837414,0.01212967353903082,-0.06720237411624613,0.17121096022725285,-0.08016878052350349,-0.1998258647809083,0.0642815534896028,1.1590668119435186,0.3297236502354457,-0.05981725710713879,0.16902830501016125,0
0.22583621719809405,0.09931219590395976,0.05388457500122551,0.18477104716859688,0.09478455060000929,0.13299765693695287,0.0008397790822157192,-0.002242619930390183,-0.4823415574434282,0.027992103301098137,0.0407522869399532,0.01893198325743678,1
0.1556081045821492,0.0063589388327465884,0.06171881456449975,-0.17935771232058853,0.08729660210631876,0.19721846828525696,0.2340639452636667,0.16901481535000717,-0.4053075035937781,1.2201942779611648,0.21785706758802492,-0.11264849398018509,1
0.004332760907114819,0.0719732226223225,0.041340261817158164,-0.03577619495056525,-0.020441530638345334,-0.0067357832928435085,-0.13739829698459827,0.05343101948784133,0.8541590020773959,1.4936967525918423,-0.05970217758691987,0.11220780379841483,1
-0.1743648297230484,0.1483564580198668,0.057370548008882555,0.1793936848294871,0.18440021492280084,0.10635864667440703,-0.17968978245598233,0.08264966774303298,0.18894792612987277,0.7615162333623136,0.3069514270850293,-0.11576499665689488,1
0.07255528860009414,0.022910124049994637,0.05354987630967997,0.04956821111984977,0.04216569370846068,0.160450764471402,-0.12505600691536792,0.14833891972874763,-1.3278492178346117,-0.8824812294718821,0.10111476697043262,-0.22249148414165182,1
0.03003608595316426,0.15680306092941357,0.002665452538655518,-0.15413907005256403,0.027763066193974173,-0.021721492797614705,-0.10717965625684897,0.10634886727643267,0.20563531560431736,-0.7691543080877733,0.10441349075275536,0.015447337582373266,1
-0.08450957220514696,0.0028699340464335074,0.03476616018746799,0.09463636398150505,0.21709064397293648,-0.094649245376265,0.04038661715079517,0.10563382427420295,-1.1204139232276273,-0.9631657945008912,0.03453429198970917,0.1285389901280809,1
0.004240076101175494,-0.022452643709389784,0.05909172364386757,-0.14347329749920884,0.12507548165345278,0.1390334363105866,0.06568681369774743,0.009151489053414924,1.3421100053319857,-1.0901088226842308,0.21263308962584854,0.023570871884216082,0
-0.08305659338198812,0.12520005615026847,0.06201522440498135,0.084427496460103,-0.052368287066663174,0.03567978153665302,-0.016967228660593747,0.15344911808228634,-1.1619693948346563,0.057307709068884494,0.014077659995605576,0.07345707394962653,1
0.18653554772568293,-0.018941692952158494,-0.0044065420614960125,-0.16533744081527743,0.07987521848333504,0.02111382764411543,-0.15458043162252705,0.0771649944477091,0.366052030403035,-0.04492552731738164,0.25189590967296016,0.13315586545427072,1
0.033827064404805984,0.14442315348919996,0.029849537857490598,0.15043740681920542,0.19452696490394433,0.10188058445177436,-0.017957590366802,0.011949512111578367,-0.8451551318055022,1.2963791486762657,-0.06999166116180004,-0.07204152640067035,1
-0.28827630671553944,0.15502395171615863,0.05098624093155024,0.14671247916063873,0.015827143950450318,-0.03919424985619431,-0.09945108522606941,0.16348170340353385,-1.4225067675120426,-0.7069456095895051,0.011571515988943348,-0.09871981413286265,1
-0.3110046739351125,0.05721224097732648,0.003622025112741109,0.1534679482417879,-0.1214207350733374,-0.03113600730625181,-0.2589329706952504,0.20001074226800483,1.485928618899741,0.5080898522491244,0.14551054795080037,0.12555248014106724,0
-0.23004163626343643,0.13365000208463118,0.06525759828371187,-0.19466728946614856,-0.10758503840335411,0.05939870420633914,-0.2152861811047368,0.012132578265585614,0.8394672904717615,1.0517567348620094,0.2301609374483765,-0.036915172420676046,1
0.05426613329180524,0.056045504595891374,0.029422510951182392,-0.0017872029056780203,0.19599235398429576,0.01330162869391012,0.10432032740030106,0.15798939971389633,-0.7490901493590489,0.4243902114080327,-0.03581922004086784,0.004819978464985553,1
0.10450407350280572,0.1277752697383504,0.05496749239736447,-0.20847998402224638,0.1462400753105912,0.07693144392311965,0.30458058378692854,0.13964473065700908,-0.4893491674747521,0.6154682728021019,0.18986054772102412,-0.10559165078001789,1
-0.006703550556238946,-0.009711018244731223,-5.762194957792052e-05,0.09993923396975124,-0.008039784898438207,0.12302258924002107,0.015209306781035603,0.15159737416389807,-1.5157137106365488,0.8859251179913084,0.10460782561803361,0.16611504133004118,1
-0.08028581122485387,0.13372111407972448,0.03642395444984285,-0.11055988615983003,0.08886631933056413,0.0355922712003878,-0.11462405239429543,0.038619004894345374,1.27631084211231,0.783211425292593,0.20230916560766615,-0.17696033355937513,0
0.12583915537391605,0.0871258040814582,0.05757803775722589,0.03714610696303594,-0.13617158036499552,-0.045512945046544045,0.1775434817907094,0.13693780757386592,-0.4878004692977902,0.681634537989517,0.2763060541106855,-0.06127835583941932,1
0.08515329835221008,0.0067814793679431135,0.06184380979993498,0.20531051615485463,-0.0597380104735316,0.1317119091459782,0.0827194783243066,0.009681233944200576,-0.8065417332655278,1.0764589133971898,0.038369197414354766,-0.23173468927294413,1
0.1885782998740852,0.08397603125191186,0.06083996336992306,0.045067158803234475,0.044346799687913246,0.1273754551494362,-0.24888407379043231,0.01993852539761687,-0.3326761203022972,-1.340569032834861,0.08830657644082981,0.17226174847992082,1
0.12050067368202183,0.05862708570670197,0.03093658951839307,-0.15521957104607118,0.08343489717280717,-0.0915416854413339,-0.019099214016007254,0.0003239497498806754,-0.5505021868922302,1.364098003156751,0.13198412676723198,-0.08899633403366264,1
-0.2340445952982324,0.0263931577402777,0.0627037487840203,0.05266463288979084,0.013055312707216021,0.14280772988996682,-0.26509829966653886,0.156042765007938,0.8686998085499005,-0.266032008174409,0.3413731676062729,0.1042588665936603,1
-0.3015127923517718,0.06869123876756589,0.06722559123091398,0.02046051630273335,-0.01761696082433631,0.03607609234858905,-0.22078456339682181,0.06870600162591084,0.3652175864084324,-0.22489051778343105,0.08684531132097945,-0.1692078773370711,1
-0.30278101552533776,0.16514157177286165,0.042483372911511844,0.06355347197553302,0.1484243231866077,0.0836328385959515,-0.028344779404523346,0.10341850811210074,-0.21398286660419896,-1.1974816992100883,0.002387210201982376,0.14705573941658023,0
-0.02044858906291691,-0.0025342561243263464,0.05004863104954359,-0.17175843006205394,0.011710903188811211,0.15665543884718103,0.17703065540087348,0.12347562788004665,-0.6216854350019058,0.5569795606257186,-0.08637122267111141,0.008810219037852063,1
0.01823745713178415,-0.05821547452337107,0.004411183607259769,-0.2046829538377802,-0.05988045074213759,-0.106337081090039,-0.02587554376105325,0.06343848207604144,1.1150499231239805,0.3368017401962944,0.14765706821011418,0.10204836706624665,1
-0.14570230207417983,0.016646900297489733,0.04125812819444011,-0.11112266900060805,-0.026385899959883247,0.030506313133672386,-0.04386085359939035,0.15382991055887815,0.621893417132328,1.0467955986416693,0.11303927501715946,0.16424853604061107,1
-0.02416581343353419,0.18241713417822653,0.06123306965452742,-0.09823844242502301,-0.06941577893193229,-0.058988880283686346,0.19919600016945777,0.018609927585935285,0.9940310408957289,-1.118833539460775,0.2858300702282096,0.07448628413895353,1
-0.2761840290986573,0.022944908138530826,0.039194397698764274,0.1297908626427568,0.12256127342671846,0.06008662129183667,0.20048677463340636,0.052474120160557705,-0.8694273051908479,0.3866054023258998,0.14904324867799496,0.09956926606756189,1
-0.08784217357180388,0.08387931518755617,0.02203178922059176,-0.03679610656852353,-0.10175714963774556,0.11871831984189701,-0.1052371419797376,0.017253180909191396,-0.04581592208842866,0.7853993313534284,0.17169024227667135,0.04486234821295487,0
0.07484403560053932,0.04371399202633454,0.035724927273692295,-0.15062099524678957,0.04634546884469212,0.16003914841285927,-0.0009351907868143661,0.1855032891615926,-0.06127837905132494,1.524978390770743,0.23191630965297944,0.04430582110735398,0
0.0674830257208826,-0.054066873247245406,0.05935518096517739,0.001296785986184379,0.047406475324721115,-0.0919934821131589,-0.1584419828016197,0.17836199872579236,0.8298326721275611,-0.289840078200835,-0.005097946463007014,0.022815252147160625,1
0.11213656855616339,0.16493275062306126,0.04300500844447466,-0.09341984646969458,-0.13201636369026937,-0.026334146817435983,0.0904851998410583,0.19504644456481254,-0.007818910695157166,-1.0174478762767876,0.2132976481115469,-0.0022826196363510687,0
0.061078667707950285,0.053343543711530786,0.01621517544097123,-0.005861068500287087,-0.009066134794345204,0.10886316107126845,-0.16814258960275727,0.06866218297144527,1.5280162949216567,1.5653614701658396,0.016834235990000335,0.15508232912044956,0
-0.1726961495997961,0.12349809769525047,0.0019129390720353055,0.1502729572644369,-0.08862321908766173,0.01273441921445212,0.2915194798228835,0.09067486343350076,-0.43559838069897716,-0.34393206811822896,-0.08843643162859981,-0.13294840717089068,1
-0.010532165169707508,0.05862582362845857,0.07567817935661739,0.1130736568366133,0.2059768449982461,0.048608646471367783,-0.008914754701502603,0.08715628706658529,-0.23617419202807044,-1.0692882420590428,0.2907017254974803,0.04387138974414251,0
-0.12594482175256985,0.04921979611584952,0.01243871007994311,0.027994899396295764,-0.018241885659663448,0.1595872427175708,0.03838122454493348,0.04633999084201612,-0.9881970016133683,0.5845623463849148,0.2819109989166219,-0.03697799819089667,1
-0.10828545222704392,0.1018038842506146,0.0661424509180778,0.20377081261760754,0.02090812297741257,0.09633834739906141,-0.09781596174356752,-0.03940497255257121,-0.24224797470508674,0.2687275222149237,0.14120083782871215,-0.09001427247647353,1
0.07632704443123595,0.09039891808752751,0.007210047692948239,0.07491176449663256,-0.08592107132471029,-0.10569645612404208,0.29416650475070516,-0.05539704027524987,1.5365711043596522,1.1586349092623578,0.07767253008110686,-0.08650655315499459,0
0.10182650694745082,0.08719290498369953,0.03903809865029208,0.1647421647152601,-0.11730921129003125,0.035793035325006245,-0.12909892738321074,-0.05279962877132658,-0.9946825231080512,-0.6078141809144795,0.007229150652633035,-0.07726138920036812,1
-0.18309788188084053,0.10734029137174353,0.023789229578597627,0.17892336885198956,-0.07794206908619725,-0.0007958282276343542,0.27194850483750266,0.1714006591837337,-0.8506910960619778,1.3680238024155742,0.3121946194412107,0.039560474956144454,1
0.05281096950545855,0.10142121853919445,0.0755964099814976,0.008690341953690561,-0.08814607305719475,0.036694846267219555,0.15446991919229203,0.06760087470881057,1.4357979741850617,-1.242402873714713,0.11415548596848762,0.16682982374904054,0
-0.11075366355449767,0.11528988590696182,0.04237013606284912,-0.17715041923920233,0.0258592947533281,-0.09861591763597347,0.18975144097264973,0.13169680385028532,-0.5875212029005341,0.5791103299799671,0.34775437397268566,-0.12857037985800435,1
0.20598398264048817,-0.022692914519899993,-0.0074334813858084325,0.014332895798333245,-0.06539732085482211,0.1607003578491238,0.12264867890053205,0.11909958388082142,-0.8966505444156189,1.2742777898180406,0.2497915373715442,0.0392351393460475,1
0.16581374130765847,0.07646604719937866,0.023811127354535704,-0.012584802658986066,0.01417171184898855,-0.006079366111161569,-0.02697615449381849,0.039268191657049534,0.41063749693873053,0.5851158000099279,0.254063613390516,-0.10552838151549951,1
0.2294046129500817,0.17177853529936918,0.06976117127686914,-0.19752312413555398,-0.013150900403091914,0.032000888320802334,0.1485811057340321,0.10532876179456949,0.6123330528547866,1.4856779564151095,0.3417676156674505,-0.012328145971253285,1
0.20583436084968937,0.13900152542751865,0.022652098249921118,0.1340316118531718,-0.11365457551135832,-0.059081880990663194,0.30701038225446364,0.050824130243561375,-1.2377381185627048,1.1209885314822017,0.07377331145887939,-0.14933528262642626,1
-0.26811142782571323,0.0678171044173381,0.01009969953434501,-0.18254406073748813,0.16177020072168852,-0.007271949591444685,0.06792205581736277,-0.034861501125582575,1.1619966226837881,-0.11352246285527445,0.11398820899725029,-0.1055531726875473,0
-0.13437895092540117,-0.032853878602460355,0.0024722915172199853,-0.0003891522825871796,-0.10514945089858278,-0.03934741913089325,-0.1720834036021433,0.14966573311351736,-0.799659572670132,-1.3620838964241733,0.1747942826557325,-0.07989636055271254,1
-0.1415630957480209,0.033668380412048574,0.04053145032185618,-0.058354929326821986,-0.10602566850697656,0.17121343288856133,0.15650653475854837,-0.045009084227829135,-0.23012544440818372,0.3676286131060329,-0.04688880060878586,-0.17710318072578446,1
0.222464749073996,-0.005590665408281396,0.06342955869129713,0.061898373274329954,0.04504578608265006,0.004014132165523765,-0.21369843597925062,0.12538353359198207,1.2433713932735115,-0.4397069887248459,-0.06789008287348114,0.08542814905451451,0
0.08435598662471022,0.06944459872606779,0.03703403702150743,-0.06746351709676324,-0.02455788732297326,-0.0866265421687697,0.13005402101393088,-0.05064055795242485,0.5013722981332471,1.3478100418893633,0.0014095995868313171,-0.0041883685991473685,1
0.07798162044868384,0.04299714333511383,0.029073303477959934,0.033890796485236546,0.07616389919213223,0.15025931321459673,0.2066886725714051,0.15522975960939914,-0.42843951344785824,0.8060927202259076,0.1621659463148613,0.006688618401891888,1
0.10440696101248431,-0.011020071178299597,0.024698544193099466,0.17587557506603047,0.04684283454130955,-0.09171436242315908,-0.032712316777312705,-0.02001564037731269,0.11399459076621565,-1.1553636504783003,0.13924034527652437,-0.0389154726717304,1
-0.30223259773981315,0.04893321566126238,-0.00540296878575062,-0.038788991470168066,0.09602623339702354,-0.06910455537963983,0.26324049619676126,0.10419150341138705,-0.1535921700623839,-0.8795685205009313,-0.04726476303587977,-0.24294220528674776,0
0.21261411420011173,0.1049842220928687,0.06276252324949981,0.05307772351721335,0.19886280016041963,0.16579315607477974,-0.23383079515291688,-0.012431674471378995,-0.753862184068361,1.243591710444335,0.14857687286671475,-0.13645736186341959,1
0.14469485347777933,-0.05767590681127897,0.06384010102364492,-0.04364649617578173,-0.15807661400814604,0.15088976852229052,-0.008863760297753431,0.1291045113476465,0.9508685258944591,-1.4412732828216233,0.028234164660255107,-0.20076603105675203,1
-0.2565307233870915,0.1708719301861751,0.06511647898401171,-0.05575596039048189,0.11197756445270801,0.17297004807618532,-0.13966614837879457,-0.0587907751843437,0.5341571705545223,-0.6640594343665255,-0.018322436881757387,-0.03927403292690043,1
-0.22072254230148747,0.0873049507265474,0.050769386125197394,-0.09297511168837055,0.14900999612397675,0.036961036859492036,0.1414265634446365,0.10665059072211852,-0.8085664419740395,0.6781761977244545,0.0018011008221226754,0.0723635430277173,1
0.055486267142386136,0.00894046677657856,0.07978414512374536,0.13262323491111772,-0.10991072254394281,-0.057921511157966336,0.04746155293888782,-0.035460715783387775,0.0579917581336693,-0.13905827386975078,-0.06130566117903341,-0.05938031389422965,0
-0.18542439429034788,0.05998019976502535,0.014398063701827241,0.1416940823107647,0.12536082193350945,0.1690448517969494,-0.1528979368957346,0.039375412893807984,-0.4089671567431006,-0.7741619382858123,0.08165357070774656,0.17694312808028134,1
0.12943860402447271,0.15020753461037967,0.028922035275658602,0.03775153524820776,0.01825663690116419,0.029852380999724565,-0.19357216915331438,0.1601498550002257,-0.26805809403565095,0.2409987441196857,0.30002690358182493,0.08435637856635725,1
-0.19903694472581426,0.09117783968571119,0.03698170275852031,-0.09996325484390396,-0.14393455818654938,0.08460928890059047,0.18397565124131965,0.18648294235253113,1.1676888217496104,-0.5427142473341571,-0.017066813019511753,0.1763235547268885,0
0.17459701836861846,0.1737862220192764,0.036946838185851455,-0.12125704164919393,0.06680405225492497,0.005996472828238911,-0.06611346993825176,-0.040753287904010185,-0.5924205752817409,1.5658364481086233,0.3316083882354989,0.062379979691202514,1
0.12352756257307856,-0.00242453246689113,0.05866573340000224,-0.03817248691587857,-0.13659779059937535,0.012927855208883246,-0.19151430037157924,0.16320837664580065,-1.4071182567229505,0.5410223857192513,0.1880269559323094,-0.09410712498479598,1
-0.22428347734931756,0.09870459162436937,0.06098824840699758,0.11756681253991641,-0.10103570820473015,0.048852792211571544,-0.2536642228867434,-0.03868938053577964,-0.22405811477120907,-0.43399713836279274,0.06094894538675796,-0.0967554838662,0
0.08756764837960113,0.020862504405049026,0.004715585064262822,0.1903428912974105,0.18647599511983365,-0.06961665419971001,-0.05747926014760546,-0.01808652874477061,1.2584062527677429,0.1581791095257501,-0.046711883112517734,0.06404400456710563,0
0.09551081615796098,-0.0007816388002566052,0.021157235020532142,-0.03449473728832114,-0.05413182417445926,-0.019385492627244677,0.1965588135532641,0.13627681288726093,-0.999159691456304,1.4911397801384838,0.1468907709527743,-0.09969925336451665,1
0.10057450289540315,-0.031152467025857788,0.004776851095871792,-0.15656275055920282,0.1299605139457175,0.0729407572290221,-0.006892017570345299,0.06339570313967272,-1.123987445157552,0.5742592776002635,0.08355224963318483,0.07855839343096899,1
0.06460464377635394,0.04650724764318245,0.012338223304459526,0.1901592451460945,0.0013785157639865098,0.16027657423907038,0.18280365984740649,0.16527898894422688,1.2744109365084533,1.1816398522734974,0.026987737522921315,-0.13319508518350956,0
-0.15796362267531552,0.035341575700819056,0.029260898481959233,0.05809455977169298,-0.04120051217584933,-0.02430012063785475,-0.058735810433946295,0.11900019620685873,0.7151715701122201,0.9040292251387603,0.06332436427813809,-0.0015557162134806068,1
0.12408037764853214,0.06494617689588349,0.05073136648431141,0.1789564053257785,-0.14828594857207886,-0.0008865361463869514,0.26907685881289267,0.15890625019626609,-0.8563293656638131,-1.514817796029185,0.05947039204265203,0.12115353523338057,0
0.08779774048350686,0.010087485101369462,0.003975499216819825,0.12012337785493732,0.06800758382054803,0.18639036309500873,-0.03217311244021198,0.02975946131177372,0.504887645684011,0.289395993350376,0.05590530327822732,-0.22067232792858082,1
-0.13370549470199283,-0.006177376970483449,0.06600778324527752,-0.11034561164795169,0.021549584679348865,0.0977105206152803,-0.18110927231326152,0.07795269868472254,-1.1985060403015113,-1.0596556473455108,0.12884671122594288,0.11284382449288727,1
0.2306206465195017,0.14050378802159572,0.029052486456807625,0.04864750001591045,0.048378566015618824,-0.014986302198182172,-0.015483376222844958,0.15674772123975106,1.2158454634112086,-0.38715676134886357,0.36140996694022015,-0.11893170913494963,0
-0.24234603768549284,0.1736816180801941,0.007500507011584539,0.11618912842766321,-0.14462514482402694,-0.03565188919618033,-0.1168902752028381,0.016064288461853274,0.5466871449482571,0.7758314792435466,-0.012208827981455811,0.04872517723439557,1
0.23352619036707017,0.03533443447911423,0.06217070851317051,-0.1968200832333089,0.16612263158049434,0.11316426223785814,0.2515710987754708,0.10602736384366182,0.9188659650971325,-1.3233310280542092,0.24312890472394438,0.06348656187920382,1
-0.15867060082849296,0.16476653073913372,0.0627199076657232,0.15630216234080507,-0.01656617295251711,0.14911754854592774,-0.08515306424260369,0.19248083897385668,-0.8161170437904591,-0.942046521642334,-0.04026001420380995,0.0605111207154897,1
-0.10412951505735515,0.15260059613640067,0.07121248356768561,-0.05433355815999924,0.1605478423873935,0.10027257684243304,-0.020550803059026207,0.028228292904315958,-1.3753797479127312,-1.1408678030902637,0.14482457614290994,-0.017323268166301642,1
-0.058049536539292845,0.17207931333421347,-0.0067898881550331434,0.14951851267423383,0.15692143142429632,0.12394967719295433,0.03638531420095964,-0.012197552435451613,-1.1478522109668066,-1.1725326294736222,0.2889476682354877,-0.14984883832798296,1
0.005254273623586714,0.04183286666765895,0.05005216420365101,0.10821787601343774,-0.09133866140855336,-0.05442104571897554,-0.24225509184336064,-0.02096867803682219,-0.20693659367311623,-0.8522998070236284,0.07096413315234804,0.0415343939620047,1
0.14217891370245755,0.024744903583219263,-0.0004213196974942159,0.11107756333389018,-0.0052468387710661035,-0.030812935112169912,0.004993611673837051,0.19392546216007114,0.0005562581498199659,1.5309173290188454,0.024125637998300087,-0.20657960232866013,1
-0.22258975813781623,0.12900421333972228,0.04078478811161601,0.03606214711973335,0.2229889933078696,0.04649130646334387,-0.1997540491762414,0.12746204867546385,0.19116106593151772,-1.017938305150206,0.2987965325637527,-0.044746956820059774,1
-0.1324687216814719,0.08071092499115642,0.0034947599629279458,-0.07992030052164914,0.03947165022965604,-0.02998209343655793,-0.24477268473107905,0.09219432617410911,-1.1009155459926008,-0.5001168644538121,0.36386948246366885,-0.20386191947891982,1
-0.22431246667177485,0.1539700172033359,0.003795356950115125,0.1779765348672802,0.10590782770905882,0.05360690704823143,-0.10632761504671262,0.03252180033450788,-0.8022564410575637,-0.06867601670239609,0.25958384172016474,0.10802712367737499,1
0.09221208977196388,-0.046223311792255556,0.05940354975709407,0.09577077795261502,-0.15492584064137088,0.16468413750995803,-0.19096893319843888,0.19152391078432193,-0.23436306806165597,1.4662499380016605,0.2238084764565485,-0.19277331462907898,0
-0.20664926852115983,-0.05677993635840068,0.06701526872952215,-0.1940378523719625,0.09031488334402976,0.07012400301053956,0.028468515522175275,0.03666913387857183,1.0213684046264693,-0.12475267912080867,0.2672635704040643,0.1493685629494606,1
0.10823420127898586,0.14245844765669233,0.07951865476655255,-0.018166088890237242,0.1989145600918385,-0.09437245659871063,-0.20505047087252126,0.06713548918732598,-1.1654511025823686,1.4446578190740451,0.15388522804860882,-0.018049699071254144,1
0.18663050064445258,0.02476842468052845,0.020683153140920042,0.08677964418689776,0.09661096190266188,0.14563752775892608,-0.08845195927860289,-0.06084180700946631,-0.5223613244984118,-0.7796600806154906,0.21913510354191246,-0.1123698751648666,1
-0.06980071269032567,0.14465680493447952,0.03006677862701426,-0.14890846730914437,0.13855789939399343,-0.10134685005922718,-0.1084509260382096,0.07974845453496754,1.0628482886487653,0.6793514385791537,0.08268576743391498,-0.08242277663233888,1
-0.11275178700732846,0.156651902689642,-0.006462410607251208,0.18728492534859575,-0.01829591089526797,0.0037972733129872788,0.15273578284978556,0.04013815225563522,0.040333838373707964,-0.9798117607931592,0.29505905882403705,-0.02807063198159332,0
0.09834146221929935,0.03610191960991324,0.06243544970830418,-0.13799671614803335,-0.14204466520445522,0.05744139453694655,-0.14283563992731446,0.13016203327293419,0.6962643923332743,-1.2384507256148158,0.21716620630033173,-0.03441578544076265,1
0.23335312580919948,0.0007899661665289187,0.0031592207774422867,-0.2001722967787885,0.015760116432187693,-0.07675767683302404,0.18153753163895098,-0.04349763832372339,0.6941107179267754,1.0918268398593767,0.22660894071031445,-0.19552799399068369,1
-0.2614093598280098,0.026661557116486934,0.039224892384145754,0.03334802370441098,-0.02955211349182138,-0.024335156637988423,0.30066079037830995,0.009566499969855993,-0.6874244220012036,-1.4894561207173243,0.04728961617535643,-0.06885434257184689,1
0.04502912347704957,0.08743505915963548,0.055374995602073526,-0.14370302846964642,-0.14192091935408552,0.13372898982023387,-0.14178550021633055,0.020937666256800228,-0.8698951297131867,-1.4027929009943452,-0.01680238042617252,0.14051313873579924,1
-0.1283143524481842,0.1798909907831218,0.017883789866091952,0.09682302952447747,-0.010992900242083159,0.1476938363938335,0.00019759383000084174,0.1676593197772608,0.9918890971424152,0.8071693374023201,0.022673162945059555,-0.13936008249067255,1
0.25595802017865216,0.16593794882220694,0.00453602652024925,-0.12367379598817146,-0.11782356503117206,-0.046093141744814256,-0.09947496620422383,0.1589583692588764,0.3887331348759817,0.3895581378957038,0.35250149425507,-0.12983299183408836,1
-0.05104252693458056,0.06945142088278,0.010644545033698233,0.09932707779147021,0.06950169044921434,-0.07329209431629846,0.25120444428678623,0.017375226457251827,-1.4815327771849591,-1.0354260395554413,-0.04452278827542738,-0.22654996598489424,0
-0.1764846264520153,0.018276566533168753,0.03135831022515698,0.07970929257345016,-0.015330077135532721,0.06311572637143051,-0.26413573806371454,0.03924516803805089,1.2108675863864826,-0.6226190068779482,0.24690676817326213,-0.11991233184474334,0
-0.032719418991002336,0.14623805046027863,0.07188926549976528,0.09043541927202547,0.020627123902819233,-0.08519304412348214,-0.19840375839109675,-0.06245515254540106,1.5262285503138535,-0.21784793134734604,0.10720751887372756,0.007722878075432926,0
0.02906291109167969,0.07577792438403788,0.012504364251214609,0.00954219077577581,0.22779006717949263,0.028120944777823065,0.23876303170997082,0.03832119728317157,0.8507568819174616,0.32124421056606933,0.22306848735429252,0.13832461498476162,1
-0.05983806581713447,0.12501322466916598,0.07210574212343196,0.12383259674471403,-0.15038819098656384,-0.1074546451243049,0.2436653439858787,0.13031737592817258,1.0743296833592006,-1.4143561007674266,0.26845597451328584,0.09657205678884329,1
0.17903663141965992,0.10908765945446225,0.004526001921769081,0.07792216422144732,0.07919482303875822,-0.0057237352644381595,-0.1467290072289591,0.1715115042944309,0.24003240499340883,-1.219878993904865,0.1929959069087568,0.17073963630959932,1
0.07214042327830789,0.01477172930080689,-0.0025246259042627584,-0.07563410173942386,-0.04420050423213791,0.14235283366830553,-0.0494867367963443,-0.03650023492776928,-1.088354065128919,-0.2136163465923966,-0.09016329807810218,-0.04576090670139832,1
-0.2730454843801406,-0.016356644037314592,0.08143546595226926,0.14700744952881428,0.14235939361256938,0.09711712845877471,-0.23981865312075332,0.1585040259198601,-0.5207409571187815,-0.8822051061200362,0.04586406263874393,-0.03390673458799906,1
-0.3048967407031525,0.0019919354995128202,0.02247043256852346,-0.013876628089772886,-0.1593249899877894,0.06497931803292728,-0.15308545221706715,0.09539641563286325,-1.2162738750055193,-0.9130958360153817,0.19337586979888244,0.0334354121822964,1
-0.295201748956324,0.07085128188713152,0.06612189507752976,-0.12267674896259334,0.050495325109863876,0.02903515430418377,0.2245465538817365,0.05348809063718803,1.0953354309372896,-1.169461502251235,0.16493748004277975,-0.12539904848433503,1
0.029433175022089586,-0.027527778810021268,0.029763909297266546,-0.0897008821901897,0.10524102054307688,0.12554926638284797,0.2701042704129112,-0.003803221037066644,-0.8449961522888413,0.8715137017615027,0.30247556956740174,0.06998173396919194,1
-0.15917907712476811,0.15436232633425365,0.04640880923906053,0.10314667975833935,-0.07885175205752323,-0.05949342886806387,-0.10722439328796454,0.07268751028224102,1.0118858783378661,-0.6242034563875014,-0.08559049930958246,-0.21768523147740101,1
-0.12608721527142241,-0.018639245578240766,0.028901856659989632,0.093415773169582,0.23316691512272386,-0.045868330919407466,-0.11352133638057937,0.14074246378085709,0.8583716162728645,0.6588770140098876,0.17503683173611534,0.11981967784669884,1
-0.29362937958530394,0.17918067111121944,0.07952548761235488,-0.20047598845111983,0.03763738373221365,0.01494505123690365,-0.12035927287805487,0.196030734200788,-0.5057697071907319,1.0487819966458816,-0.0877814030751715,0.00017934125323509909,1
0.1810283636896215,0.09200651714738362,0.051135990227818964,-0.18190388935937712,0.12286993529300783,0.017256863405684414,0.006742819498468722,0.09216116440989194,0.8542159351636622,-0.25983049885927456,0.22092333530527813,-0.06442982457729901,1
-0.29299050290364487,0.07173076653359411,0.05197811351101968,0.08774960025415873,0.08053978842449261,-0.015883654992440432,-0.1395399965888827,-0.03870933839172122,-0.07905377993634599,0.8687237898409841,0.14832556726251306,0.04067037056055889,0
0.08454585254648062,-0.02017162212566178,0.009383457023235148,-0.12193518318137024,0.2091858251105692,-0.10275970491754809,0.04579481240700245,0.0372032488402186,1.080676968784324,1.0728022371354984,0.3475859544137638,-0.10828270776323792,1
0.2183878826877545,0.08403720406595944,0.029602004816785873,0.10030324769377497,0.058838951430380065,-0.06523703128200042,0.14034472376065665,0.09070109049627728,0.7287434361745733,0.0963522681739295,0.20701324837757473,-0.09302565494525475,1
-0.13005736714074134,0.0016019993583565387,0.044192899018423396,-0.08316538577889082,-0.11243802186409674,0.13125427951043994,-0.14642869079022008,-0.018934719668109,-0.11739592816230515,0.47624550489481776,0.2584911874316289,-0.09994349521592052,0
0.041428138691883665,0.16759606216141593,0.017637227786236567,-0.1807871235532343,-0.09246190149073703,0.1662652188689569,-0.10451535486993885,0.06736780704105022,-1.2728181154103682,0.15034553063440015,0.046196661370503544,-0.02544644941547,1
0.23685739244514087,-0.0104506757694455,0.04625778645444219,-0.1830510449643271,-0.05600229723292034,-0.08639804863324146,-0.07636716634289911,-0.007945985345160243,1.4581152121933922,-1.1989787479035003,0.09349174766193014,0.049007514179909284,0
0.23059046657391952,0.013959316650298398,-0.0019717057599404255,-0.16353165256378666,0.17924664096458143,0.15052087077805915,0.007699746416510278,-0.02349185804807575,-0.2727277703303579,1.2649836572416888,0.06024863765787561,-0.21660951507904655,1
-0.12807669281830283,0.10873345443339855,0.08080737945867575,-0.12958133470013017,0.20194680908862822,0.03178318338009384,0.1164519597720095,0.1658525037882193,1.442727856636899,-0.48189828554003866,0.029886467547074996,0.09717474292881723,0
0.004403488734239069,0.020666281171188378,0.04493352905288954,-0.09640464061792019,-0.06469780034150312,0.14519398815514956,-0.03589186378014017,0.009917401367715642,-1.5327485206958018,-0.8705708154891717,-0.008942376969490767,-0.1718708346522545,1
-0.10982190600579697,-0.04477766415641256,-0.0012298150500583502,-0.2052991291483414,-0.10223661784382179,0.08784168689893887,-0.1537845450082313,0.03736516849158629,-1.4293885626864582,0.0944042888244685,0.003973264712707536,0.18123346064444135,1
0.029683384970666915,0.10128018428427807,0.03882657468239896,0.19838208503281274,-0.10298485984463994,-0.08696000760625228,0.204997061629915,-0.06144941918104887,0.4781933799282714,-1.0175242625450798,0.06756218394148747,0.030958662024019312,1
0.0012109636413383251,0.07688997952607848,0.006254760431930741,-0.08534463956531584,0.12097836860659406,-0.10040555434651224,0.07712294426840766,0.07419337709033905,0.5468945037502693,0.5449106503644583,0.2734718660284341,-0.08616344572109255,1
-0.26694239521209256,0.17486683269107967,0.0038051278332491938,0.12717617503299095,-0.15458955552918077,0.0036495242210067974,0.030749636804342173,-0.05465732304821015,0.4515016621066408,-0.8249884777576537,0.15570208542147362,0.09256716883078231,1
0.02632880098120316,0.05149323092927033,0.02248757043920703,-0.19087239838440762,0.20133923101748225,0.07305990541898283,0.09811019774582125,0.05395067962461754,-0.795737141829659,-1.2878708646898165,-0.014332027363053598,-0.06719335530560058,1
-0.174103122624876,-0.04867473566276469,0.04154763157978954,-0.013740351253465288,0.006704572452294166,0.13172160291330265,0.07958020737944071,-0.06215840582349983,1.2983136697892828,1.1224348740377945,0.14457540480773057,0.13492490537098267,0
-0.2501006112996109,0.08652293901278119,0.01758841739655444,-0.1944208513647521,0.013042096893894406,-0.020994565998506742,-0.26663579560420764,0.06781523956268498,-0.41531485867932116,1.2321862782301556,-0.08617864649783734,-0.0775454936266117,0
-0.042913780319232375,0.054028756947090265,0.057067260156117586,0.20911721681545675,-0.14907926495937265,0.013297883264801094,0.22847311232479073,0.10291836027485005,-0.4205942810062291,0.2505202093486749,0.23934418967303117,-0.21941179813726353,1
-0.15485773918618606,0.0827239550990502,0.03940270053764784,0.11243840888368761,0.23326185580635267,-0.04442556200325336,-0.019490104641837952,0.16668307983243014,0.9180756549109306,-1.4478830575642598,0.19189719355770501,0.18005970482909434,1
-0.10744788665457669,-0.03117022503649492,0.004004048795007847,-0.025755401314750903,0.15855584576654108,0.030631088745664753,0.08644353191208459,0.032137886609244146,0.9291412390363181,-1.5336742359662174,0.14608380683348543,-0.17191431429508036,1
-0.043953428628137614,0.045373775401975874,0.04686407481648344,0.005465418233562641,0.22616900833731696,0.1671331993828114,-0.09725166563220802,-0.03049021837315736,-1.252212759837645,-0.2408941787894756,0.009934649227594794,0.13453663313318198,1
0.21776497581197646,-0.0033552397268309317,0.060863342654079985,0.1433714357126203,-0.010659777357486605,0.15837274960746883,0.3048531942128927,0.19337833907432314,1.318873452449871,-0.7254184292613738,0.012172403615053534,0.17991882626097117,0
-0.15433012621567774,0.047295583540155325,0.015950736795938333,-0.00021046111055342265,-0.11641158472295265,0.13929527358320448,0.02491790143289102,0.04839503793304567,-0.97102650187939,-0.4739783851344568,0.26476442723696225,0.14058226497447374,1
0.1699685846916551,0.04903268082674721,0.06769739256545132,0.013527155197196328,0.09253385908791817,0.09826638228278514,-0.03611519609703834,0.06599284564021934,1.2422669857341087,1.567026476949864,0.2496994497402275,-0.0983133062729431,0
0.023102507343090495,0.14455690780927105,-0.0059258992835800215,-0.10833864382042667,0.062046783946833994,-0.07514528520150263,-0.1484725820868722,0.13554669311393314,0.0732663713146895,-0.19394374162663475,-0.07593306080620593,-0.20205877689285068,0
-0.08884082412670347,0.1755317226228615,0.04153251344335068,-0.07795027850842495,0.0027272835671469653,0.06599502898317017,0.09109421361252751,0.008308190352074613,-0.03461495313771623,-1.0111340415217496,0.20307099941986384,0.10313093774160437,0
0.027293360338096873,0.10918660918186715,0.03591458140484173,0.029635219366185184,0.09145286634064564,-0.03541817166701783,0.2732566793851615,0.028784235843611297,1.3842203301456701,-0.5609924788463179,0.29832445954499515,-0.20306901999406066,0
0.19446990112281842,-0.026122447694180886,0.0050910237688642866,0.15457021350572053,-0.05832742079176442,0.0791168004448346,0.0008947010792768606,0.18451239202794667,-1.0087897595957562,-0.6259386837809859,0.2800934344080708,-0.15420420868549856,1
0.04035839957615195,0.12359642939825843,0.05581708662542964,0.06766615708643481,0.16846035987249297,0.06216237425545329,0.26994162277378075,-0.024241029748756783,-1.3826985859509646,-0.29876208574420593,0.04920131399686642,-0.05961405452547855,1
