theta1,theta2,theta3,theta4,theta5,theta6,theta7,theta8,theta9,theta10,theta11,theta12,d_min
-0.015573863668578158,0.026649411629085823,-0.0012175923399528402,0.2089842269679032,-0.0909196762737736,-0.02962904834827837,-0.13092310142161512,0.17755139825178073,0.04897335905578168,0.010692195305711305,-0.4056942039096949,1.3400420649846099,0
0.19988461276915342,-0.04478045338857454,0.02748349432311027,-0.18711015198873762,0.23536450433898887,0.17142775333242466,0.07105331770996431,-0.00492867337504465,-0.012796063079951486,0.006828714187491314,1.4779917965999962,1.234400320951701,1
0.06369637805217337,0.08993942626902338,0.0740826563202179,-0.008354489449245966,-0.02364535271775789,0.04852902513622773,-0.15478674408006018,0.10287700144600662,0.049778220216768115,-0.14008140735784658,-0.0955947525939631,-0.975059932475343,0
-0.022763723582110595,0.07006247675364863,0.057565051908185685,0.034358739812383965,-0.13256408514157997,0.13774106311522216,0.2667506765251493,-0.04844468265380804,-0.03252632038530192,0.13208062154111563,-0.35331788984525225,-0.6646497536590336,0
-0.0034226656973973535,0.11184311771824032,0.03777582378655148,-0.15067687877849634,-0.12470334613385702,0.026364109889884357,0.26677888198933986,0.08495913272380778,-0.0024642982395451027,0.23465662130391576,-1.1310374258791556,-1.2103755690970435,0
-0.24592476292014895,0.12014126361952651,0.0555577919976034,0.125819245354712,-0.03137204101151439,0.025508269598577965,-0.1700432571762408,0.19250829337235073,-0.036988287491420746,0.10580192821364184,-0.8962041273466783,-0.2872200587046425,0
-0.1031916845641519,-0.048995200426489686,0.04250963640358288,0.21066088391438142,0.01007430198458667,0.1944957175548367,-0.1944253344937365,0.041242822701769724,0.0665151071543926,0.21877352283362364,0.9860240078513487,-1.0457050314898098,1
0.19557652399128728,0.12732222063729073,0.04903558383033106,-0.14544026388621129,-0.13120901048621253,0.07998185118954318,0.022120862055319157,0.00041065449369401263,-0.010767311249673013,-0.021679961077863075,-0.6232520400756677,0.4090873423933097,0
-0.09058989218043711,-0.031307145319740375,0.0705666720535341,0.04757415779341939,-0.10227022756352028,0.021793045325980143,-0.026253780742939548,0.09628762577609373,0.02933306998934923,0.10392082293432567,-0.1590048832685036,-0.7151614958062007,0
-0.13783957118369053,-0.05527532014325384,0.033250575597007406,-0.028402541009954624,0.1305974401721035,-0.056532427278237186,0.09808640630544596,0.018565545075388032,0.0005418246287284198,0.1406703402075992,-0.21322785510617437,0.3997497598056716,0
-0.08827726566456603,0.11486657558345995,0.010057500045660212,0.19057005652371067,0.2348866591779074,0.14230117513595178,-0.09398971753577581,0.11301150148737443,-0.03735990009045469,0.21608612362816995,-1.0343380787941778,1.3348771717031431,0
-0.12493611044654976,0.13557234999065826,0.07098767439785901,0.0097639121743896,0.03003726964690656,0.12150384346933482,0.21079986784589383,0.13971335788034306,0.0008604427510432236,0.10228522376110741,1.3747750686214462,0.22522608446087666,1
-0.09010516654556067,-0.04570825382717917,0.02909496826802278,0.11653504678311916,-0.08210943152780677,0.05779357444012875,-0.2463197910127324,0.17483007244432539,0.05611763761505878,0.04397572231167382,-1.2290721728347074,0.5408338921450089,0
0.17208594889408824,0.1147477442987895,0.0028605894394966944,0.20463730806277924,-0.15119007189223455,0.08421868099032079,-0.16806722869666818,0.12765836303357928,-0.03897632030837829,-0.17598548419742152,1.0355397934357773,0.9679096222819077,0
-0.15413410974300074,0.08972023424467676,0.039058223525544805,0.14605822978118932,-0.04586200239251814,0.061776764230090736,0.2828374797613049,0.025411979803981077,0.007834884987576118,0.22478616252331315,1.22986661604043,0.7806291810948205,1
-0.1383004215328632,0.1377134025616232,0.07645050421601889,0.05685112324517971,0.08677455515397497,0.011460550459446259,-0.2602729779050649,-0.01653885269377818,-0.029204038330115242,-0.15872774966375947,1.371593292676067,-0.8133523944821499,0
-0.2636300993800076,0.03370151138854233,0.014579415529495834,-0.1482789986010325,-0.10226005697280625,-0.02935534215754905,0.043294439450990985,0.13792815666429337,0.060275082598203494,0.1566131290186127,0.0023273246753547916,-1.1181618419890726,0
-0.014615264764307967,0.09479443748502753,0.029344069619895417,-0.07154151347226981,-0.028790705001453254,-0.06226738297976682,0.19366840197877488,-0.04789180560132706,0.03768243148709291,0.21270260370886904,0.6763783869936171,0.7504097722948011,0
-0.0669988660473364,0.02411402054213975,0.0814585972879327,0.08228589180513063,0.1254639869124048,0.04984373715038248,0.14319595003937702,0.1285344954998721,-0.039489769533885014,-0.10577305859267686,-1.4919411970471552,0.17332185290622948,0
0.18963352556623098,0.08899581085707314,0.03738818446387858,0.18150346930049316,-0.09193124052002695,-0.08475398794384509,0.263549059527433,0.17618704823683443,0.0387337499553021,-0.09417599743635846,-1.5139924983122586,-1.2272878501555924,0
0.07381441102732206,-0.005196726708384523,0.03855789840224061,0.13779644739054253,0.18045218160088533,0.06375527840246425,0.03515714771880302,0.12195366740421956,0.019105529445187647,-0.00898077091754887,0.4770634203211188,1.1539205837023003,0
0.12336516077895993,-0.05349296445847213,-0.0032834725644835788,0.17248967251285502,0.11859040759373418,-0.10622738287453151,-0.08685109462958845,0.13930922076106486,0.005068733345070291,0.01638241183577699,-0.5955491238784063,-1.118242130470612,1
0.10106007715525267,-0.03440752180838656,0.038027774501366685,-0.1380929359189627,-0.14168796426068933,-0.0638150546395212,0.23577767177369835,-0.015954452106773084,-0.012594167656129564,-0.14770618525913115,0.5674436141504502,-0.3340003655474313,0
0.22854588716359986,0.1023386799908313,0.040219629040578034,0.06764456709856481,-0.1441057852462187,0.18249237546337765,0.2861987604553362,0.010486162663099985,0.031797432610676996,-0.11603968093069159,-1.415342063427355,-0.3968516052369453,0
0.22635845228568258,0.023137197756980102,0.05494052935268187,0.09292286306482433,-0.072560612825609,0.08437769733823122,0.11193819384208348,0.13950956257437053,0.07894512702510291,-0.19626366833696784,0.8775594780219726,0.44739748662601975,1
-0.22416423204843405,0.05116078886853695,0.07174224239922046,-0.020246518734651497,0.10452997441015122,0.007340924984907779,-0.08243973741803132,0.15806150059297264,0.035254621157297814,-0.04211859813061908,-0.0694653595654382,-0.2609673826120611,0
-0.20475216176454408,0.058219129291598753,0.05323287184787297,-0.05474669624563466,0.17392983006670204,0.05512641543001834,0.0032995705057621283,0.16453367309276706,0.010817642725024751,-0.010603727815192282,-0.5389458162852772,0.11126524006620997,0
-0.08499318802258576,-0.01549901202557348,0.04534410036834312,-0.14913229070585513,-0.07155468129493285,0.06365212970174447,-0.11177939825175279,0.10661281172807363,0.03969035538774071,-0.06673160104122147,-1.1551970908731521,0.3591523853016281,0
-0.2594629758838576,0.0660182132293749,0.057910985626393505,0.05229858808979476,0.017351678315267904,0.18102758302744504,-0.20859631610745147,0.17016334099594735,0.05359619346255291,-0.007959857306448576,1.4005249772464172,-0.7743762689449523,1
0.2160239375285276,-0.002567294508155238,0.07134080851964218,0.0028232804169373293,0.02268302124268376,0.08147329808085105,-0.14300908629233658,0.05074006179205061,0.07114796207468377,-0.09800762359620342,-0.024638903093152642,0.3127234063810027,0
-0.2829768156492336,0.06995101648877453,0.00756898647756366,0.05288385794210543,0.231632781359072,0.1660866429152545,0.2679157147787069,-0.006117208393759718,0.020890543488195662,-0.09970749668706048,0.8243509418018482,-0.7205202855420483,0
-0.2244367870692772,-0.05653851564492668,0.0084887074718508,-0.12971969743259715,-0.12943249140568394,0.15719736657819994,0.18405837572795908,0.004759109672558368,0.05145591917864138,-0.006756138601848871,0.8801466908754916,-0.06477956864894341,0
0.011150760135742788,0.033464968711060125,0.009008832943271886,0.03763078395534364,0.13713102737232652,0.12222755227198429,-0.06123605295853701,0.0746286649362336,0.048984802559309495,-0.18918553318822878,-1.531369566309787,-0.14344159981691584,0
-0.18456215677724522,0.031768298447522256,0.000480205985508686,0.040325819609925984,0.10582059298660385,0.13404341381145457,0.10910242692095767,0.04228124028107218,0.07069682124409044,0.1441660123325483,-0.6785275051069177,1.057855260135346,0
0.059519758769029096,0.0846511577669033,0.05401656744132158,0.12027321044405631,0.2021423239327484,0.18200316624554913,0.09732862247068447,0.1928920188230119,0.06771487532589078,-0.2149290152964379,-0.9476387265515007,1.2894040331909797,0
-0.14342074005977412,0.012974329407874421,0.0358374317725534,-0.20534664780333883,-0.06676188695931068,-0.09862896953132368,0.10912305257472582,0.1726188268979936,0.07867128761951107,0.006339244291830831,1.3432776507409605,0.8544203731877549,1
-0.24784115673851156,0.1778388383939496,0.056877592842153615,0.003093600197881935,-0.1218472512331993,-0.10196171579331494,0.04774197536891711,0.04690054113453253,0.05899225674296854,0.10247363269960616,0.7367102286764073,-0.9638497186716412,0
-0.037167333010522774,-0.019793487695464018,0.05253487642750376,0.046126266052717135,0.1605833099288807,0.029619224151524265,-0.10618412817461861,0.1586327085188638,0.03975174903467081,0.134429523962967,-1.2819960417120182,-0.9937056613157984,0
-0.18208871374597713,0.03835714275462078,0.0642686528728068,-0.1537322064088132,0.15980663862308075,4.8883697268575776e-05,-0.19484315739093477,-0.04160336666186709,0.059038462200567576,0.1701081118123622,0.4685921074702699,1.3834664464439281,0
-0.1709310646596435,-0.00761429763480205,0.058531890944254414,-0.11881288014210623,-0.07455992821222225,-0.0976689038917779,0.0780355505226491,0.11965202280591275,0.03499366518965259,0.06590194765438648,0.4227354286933458,-0.27691378472130945,0
0.1806485449563654,0.09787692980224366,-0.0003907146303744474,0.13251735109108514,0.07123951092118788,0.0918496016445712,-0.16316234103667449,0.053151480524982544,0.06380252661405417,-0.10933332244971322,0.634286848686566,0.46455823411179975,0
-0.03308294269620038,0.14057508080687844,0.05038082870558061,0.1785855510900054,0.020240347278748128,0.011708135119950752,-0.13352683308428476,-0.004871051996100967,0.04547475477920522,-0.1763535313934108,1.322119599506902,0.011407385074931442,1
0.018187256855620892,-0.048152034560894716,0.05591666049363386,0.0042551665550416284,0.1781804130680263,0.10066823341934447,-0.2649258736375191,-0.008129688070323472,-0.01518280772759524,0.13220818323007114,-0.5208316728251461,-1.0267974420983954,0
-0.018555882272123125,0.020254655104314193,0.0013798597250220396,-0.12428356491571751,-0.001447798633871733,0.060712095712636666,0.2758984468296257,0.0008558215330535385,0.03659139803201718,-0.14053581094765022,1.4394676280290535,1.5557584439126206,1
0.06350360467151439,-0.0197390692204258,0.008341293860270032,0.026332925698676346,-0.011490748191201938,0.036262092423656606,-0.08867730171236346,0.1895895966223294,-0.01103545429898288,0.052727480223156015,-1.0490524348676844,1.0559954723277472,1
-0.1275975358639581,0.07508097876301315,-0.0004970300980226966,0.020743769917788146,0.010669760785519844,0.12369993153312006,0.2233701453452388,-0.009748658254035016,-0.03756441420920628,-0.02243921539819213,-0.09631342664213993,-1.0968868622264258,0
0.047809762053748095,0.06368329798425022,0.07701704063698613,-0.036873827970797524,-0.12745150297636124,-0.015405327964990057,0.08326563945525689,0.005167279157063859,-0.013784209260267334,-0.04773675955889789,1.0788675281543794,0.43202851950236165,0
-0.1117655009964848,-0.011877482146482196,0.030162801378317904,-0.06120317515089291,0.2318237037955676,0.0339934218594557,0.12575248545605172,0.17909741161916362,0.03189461927176504,-0.09248932264380491,1.1053287230068707,0.015045256316983835,1
-0.07047942478366773,0.17907777285707366,0.01726436104821212,-0.011702130180307524,-0.09682096497382707,-0.053046472351941924,0.08187076080962258,0.13605604375656832,0.03283316614455449,-0.05284171196856963,-1.012629331147922,-0.5059933041858404,0
-0.023487700658013033,0.1282416626036182,0.05010829305181844,0.15837648633916096,0.14985946091754526,0.0041008128827265955,0.09850726369607804,0.13506994910490183,0.07348166733984579,-0.006663047174295972,1.5128706752835612,0.37792320832625825,1
0.11048870065492156,0.16267475271805362,0.07543703695390105,-0.14353289773241884,-0.07931127555931307,0.12278346430891918,0.09780587702111215,0.17680198111897064,-0.008099351284548903,0.20454569313893176,0.16674593957140416,0.48388156577460006,0
-0.2401912994683814,0.11169330205939668,0.006356036498851669,0.12585519815642,0.06043450126971753,0.03795878854074444,-0.10799007603359692,0.19762249704630372,0.04370597480035887,0.1698342702243528,1.5245961322140682,-0.1099833475519294,1
0.2262879628804923,0.082726828364589,0.039189573513613365,-0.09423160990025486,-0.04857525497183847,0.11727855767056525,-0.073695626570069,0.13015801458995907,0.0729522036882518,0.0017498394892621894,-1.4170867969345071,-1.226853605900288,0
-0.30728967995429834,0.13222525307257882,0.03969876382756529,-0.002910362017618101,0.06532250566624428,0.050021165496612785,-0.0800580743957133,0.011905880827878329,0.004776532022880212,0.2278108663687133,-1.5558696076894705,0.04593613424533838,0
-0.2024429067093237,0.04455594431877516,0.0040892700111578445,0.11167924536771823,-0.1191485800234245,0.09542987454472593,-0.11251650577683706,0.06232706347654282,-0.022537602200864038,0.14609698220164222,0.28360558777308786,-0.3236081872718011,0
0.23400580362158524,0.019740427736364266,0.04262213521891464,0.08665058635463768,-0.08122258720200723,0.028165528876203993,-0.2282332326273001,0.12178706471939627,0.0049438169399490944,0.22619095946598902,-1.1403811869869735,0.23509785901632552,0
-0.23184756428901532,0.08836531548106397,0.01991741737372746,-0.13309369279675393,-0.12292142420010825,0.09249537511676864,-0.13251388229291003,0.088934851870584,0.0763408798699367,-0.05945192478041808,-1.5145200276602757,-0.14670106218948686,0
-0.24430558698093296,0.053361828448534196,0.059584764113677566,-0.08462104075390622,-0.10237292483577454,0.0879574213029537,-0.09314002833245955,0.089557824729111,0.07055198975653237,-0.07166535586634559,1.2844635172880585,0.09276205359512724,1
0.08403853902489,0.1235707042750086,0.062119923137027536,0.018304392906632994,0.05210793916957834,0.11178927579307796,0.1363843539762532,0.11464857020998437,0.0005695076503917235,0.1948809954406784,0.9167996949439148,0.8912077034397405,0
-0.11475665072410196,0.0023358648530146728,0.052187080741052785,-0.1122795171192546,0.09978312613018459,0.04904933275218079,-0.1792432911853986,0.005794278778460768,0.0182781417850387,0.14752678980392583,0.480175477410955,1.4297972045097265,0
-0.14348638946417847,-0.036329444172035985,-0.005749322124079671,0.20144139773233288,-0.12194250164586051,-0.0694148321096576,0.2367208230667659,0.11291593280204265,0.0074120547022968886,0.10580694066048893,-0.5885303600502465,-1.409984084714858,1
-0.1729521953308725,0.15008155867734482,0.06285271446704992,0.21037281923086226,-0.03583858054091406,0.18073102234037652,-0.06853081951361045,0.12655716887597135,0.0640766039611446,-0.13148736113934453,1.1390807301463572,-1.5661281837126084,1
0.17129162698206035,-0.04026814610577266,0.06923097031213772,-0.0648891227123273,0.0007083867229277785,-0.003835741024855538,0.26017635293025765,-0.02794708851779386,0.024944335579699384,-0.14273777877050958,0.5754312430486725,-0.8532859710448595,0
-0.17862641104929403,0.013042071354509563,0.02661037361804836,-0.03855356722159828,0.16346196310998284,0.06470194108012542,-0.019750508209598006,0.12770781287879374,0.010176628685764924,-0.15259593658821655,-0.9786689990923553,-1.471769769488836,0
0.03307264727885839,-0.026652001783877097,0.041921758817838134,-0.095965185039573,0.11519227496999601,-0.09889078584167288,0.004028232526457565,-0.04871256917038616,-0.005979876115932592,-0.20849811754860867,0.8570233987447919,1.1162434412224391,0
-0.25526306932154796,0.11961060584164074,0.04501466681537615,0.00337709357289806,0.0772152411254009,-0.005044973095211028,0.14373162687452445,0.14363190588848607,0.05081732719844004,-0.0825253538418764,-0.8906431169922395,-0.2699580655017977,0
-0.02856435730944623,-0.05886099912035888,0.009545574319005122,0.057119663171920465,0.18603462661024567,-0.09255611009496661,0.05585881667540121,0.10584774841277475,0.07037494685601285,0.10884376199631887,1.2246610953495638,0.2946279208093254,1
0.0519416017010495,-0.006973089874080934,0.07626149461423626,0.17927196904964088,0.21544643441696382,-0.01814546949530077,0.14755851133509973,0.11278601232201085,-0.04339135732992168,-0.08445783686470884,-1.1715026768718688,1.247528907227854,0
0.2339487324076202,0.14650070198503218,0.018611319783643887,0.01412581439227048,-0.08399474966169165,-0.022879520502548933,-0.2298682445944792,0.10738974800736029,0.03542883329254233,0.19982245075760965,0.3005412525131841,-0.8437791053832839,0
0.11347890536059374,-0.026684572003894617,0.025902068162148014,0.007998201213425205,-0.14052521705859838,-0.05969074657702548,-0.1105448250607651,-0.028807003544224045,0.07059127984710423,-0.0731676765618709,-0.2534847019914719,0.04579078292056704,0
0.01229139687210884,0.04074549467872546,0.07639651495749596,-0.1158813106297956,-0.08904833583752482,0.05580375884990532,-0.020125405305463362,0.14821183966837118,-0.04257866004769036,0.0902776721855034,-1.009692867879451,-0.9434381422956003,0
-0.2291381013073281,0.00048730008100435207,0.07663722241277883,0.05665242011823335,-0.14504653994380473,-0.08391822707387284,0.1872093086711159,0.08752283579874612,0.02382048408113613,0.22034649714548069,0.8884948082819066,0.21959219053439272,0
0.039345709106341054,0.15547100467131586,0.016052992709778363,0.07807081062606025,-0.09978533587494703,-0.05507067412095605,0.25440458178544,-0.031339507164505245,-0.044819576744047115,0.1682845978671104,0.688641355789186,1.2169732178524562,0
0.14607066543203007,-0.01566626126054492,0.05101973436691869,-0.07739895818612835,-0.11883145148920235,0.10221248209260045,-0.08301818589648757,0.16662070918534383,0.06868069135847636,0.20505723143333568,-0.33250407465760756,-1.1583187038976697,0
0.19938570365857805,0.050843679367161373,0.05623308541892846,0.139735966074851,-0.050178286632090244,-0.07118108266271449,0.0942267897895449,0.09353001882609516,-0.013630503200972942,0.07389421716585368,-0.9866943365047863,0.06911862629084875,0
-0.17375144007949556,0.11712048844112877,0.06332786567692786,0.19347701116921584,-0.10168288166064596,0.16376309227087,0.17543300704446563,0.1230685116915618,-0.008194106752976195,-0.2052144868088277,0.8314831551867157,1.1828719034109045,0
-0.146502076505642,0.1663644184695482,0.005857280668916255,0.18499807100416304,0.03933860340912826,0.14820985133845027,-0.10332480644856379,0.10509298028986719,0.022700681145465834,0.24232754143878674,0.36661440230275044,0.1330242232289236,0
0.23160297351934617,-0.03563576381682113,0.04959914257267718,-0.1843372947254972,-0.1296301867903712,0.07465146965259903,0.051699355085640275,0.08899085393749673,0.01217939332885095,0.15211846793692,0.8551883812981436,-0.9206055236059405,0
-0.12721737896312207,0.019198562361842017,0.06127540041497331,-0.062819817705141,0.10779864245241078,0.028508296077026957,0.08437184775321477,0.15668124259593938,0.01730536805741785,0.019545753929822746,0.6601699321949976,1.1031907991229202,0
-0.1622245817906523,0.14600581200243115,0.027277670094133417,-0.1553611415422818,-0.06511061511014395,0.05556492981397418,0.26295958846405076,0.01694389523637045,-0.014368049788529763,-0.014498901835838462,-0.02949114529272223,0.09340139181304363,0
-0.226898215338105,0.09001869483047728,0.06387198445206936,0.11472920621737898,0.033415724393953516,0.11573725465753668,0.07035146380325985,-0.009265164176381055,-0.04079709091539011,-0.03288745036947238,-0.7750003367624712,-1.4756286226898987,0
0.1627182714725035,0.14618217614572193,-0.004938942726895523,-0.18054473575674726,0.10507894011071728,0.04501523812696831,-0.18103313239370972,0.1504709804053336,-0.020443374032143316,-0.17745002631262824,0.7586699467769582,-0.09809580737618928,0
-0.08648781895698526,0.10925777420875585,0.07472464430429246,-0.19548990754056478,0.08837760322030763,-0.04095919766153634,0.006989033649120735,0.04957934857001553,0.0015647202170367275,-0.12177510971803876,1.3306796125325857,-0.19471264683002998,1
0.19617085693603525,0.026901396364498273,0.0682169118787969,0.020227995848917962,-0.00744733121002733,0.10725694314422085,0.18791215793274263,0.06510375428872553,0.006060730358457347,0.07027817281653728,1.3246166934866845,-0.5678486069306601,1
0.1218664984084678,0.037877078190177285,0.0331013680936864,0.045952583694129634,0.23056637731018836,-0.027988566742433968,-0.1332173506383018,-0.015758881614730304,0.039554752515566824,0.0066060635157690895,-1.4436032565886394,-0.158153358352783,0
0.19843217698860777,0.04846258744486176,0.047148399933947455,-0.16236936388916903,-0.11736520064387734,-0.08696557468854002,-0.05483509943156678,0.06251126457016953,-0.016880896951202887,-0.042722838650642275,0.1941114403978179,0.6901171599676552,0
-0.244392018585063,-0.028224994664726548,-0.007623840405427988,0.08444836590574356,0.2085691358911066,0.08209387200292026,-0.21180654765841903,0.1991571914961289,0.07585455598136115,0.016102919370239166,0.488325698397184,0.511536502619699,1
0.23877554319993882,0.1302022845968824,0.04864754421427746,0.04828344128944129,0.2270308380044943,-0.08520698776529395,-0.18091872170731427,0.15715617208377602,-0.029499022312955727,-0.026041735489371,-0.6797447928784204,0.5486727586767326,0
-0.2979974782635445,0.07844643385308567,0.028401423241574856,0.023239552222540844,-0.03956011352731406,0.17968603924008109,0.07484424111187349,0.19163625897574202,-0.003506339738881599,-0.21509018467862048,-0.31501693558618027,0.5822430431895846,0
-0.27907829968587267,0.09284852595871448,0.05199052076368271,-0.14833255082966074,0.05862512701253922,-0.033323156048464087,-0.25797583925600415,0.16670188452500875,0.01446833536822606,0.17163811368049428,0.4151158503606678,-0.5208906217495075,0
-0.06152875433355798,0.04465671127937766,0.01755171740868265,0.054335109684728045,0.03233378200490028,0.11480065150806598,-0.061107369937813905,-0.02793375743553319,0.061500397798802564,0.19463503666082302,-0.8156894928921301,0.454732270288172,0
-0.030294834025264006,0.12588357726249427,0.027392841504366532,0.016496420714218973,-0.13722110955684627,-0.05415511307395214,0.18508179484110182,0.038363516409640794,-0.043454578845987524,-0.133048252395648,0.934184024037563,1.065005939975779,0
-0.10424611235710476,0.12203776892644194,0.06988292793305513,-0.06572780499672343,0.1567449170110518,-0.06880675709010284,-0.027083022146868557,-0.036734500275725473,-0.04124435463631479,-0.18420894439658236,1.5097783969737277,-1.3513284011030209,0
-0.0008823555085682444,0.17129755101388802,0.04081994632106799,0.055841808749747035,-0.08707556794869638,0.05739513114095027,-0.044439691526633934,0.18376382355428217,0.07056907221250877,-0.11773494899142639,0.0024057081120738566,0.5845515550315723,0
0.009935151791023,-0.02921280228857491,0.051354656401669405,0.12786585783246818,-0.02344065312913232,0.049454724199932826,-0.20015520941254877,0.18356639442745928,-0.03401209086906235,-0.11283342684214838,-1.4085438546912419,0.5409103140416167,0
0.08916554240925195,-0.057792698871516994,0.00863523785933698,0.10717940676989907,-0.00023861202464661724,-0.09951589761025981,0.2905333102172626,-0.022542579286844402,0.016849681391232885,-0.09301645417385862,-1.118126694313327,1.190275968129135,0
-0.08489446443541554,0.10090744455331202,0.07451514838033234,0.13451296640349752,0.0041411217516220955,0.02716253937955959,0.2459339091762569,-0.05344352056325718,-0.04501417525515505,-0.11411444990346041,1.0146197766868255,-1.0424773354654846,0
-0.1491073557268447,0.09374977463821607,0.008697099739926467,-0.08180053186578093,0.02473293472025498,-0.037926332239369975,0.30703075945830594,-0.019313107629224967,0.05991485914533881,0.017028443921562914,0.01312081778715557,0.785835202157452,0
-0.025767078943755406,0.026621700281544813,0.013269978564310819,0.19544262953538577,0.023334288488090077,0.17582711592422223,-0.17255693136242367,-0.014019270636678093,0.027703944860138857,-0.08231901533017738,-0.3186892022909731,1.5398197561119147,0
-0.26900116795233303,0.12398246691369372,0.01758872753071913,0.20367763035100717,-0.08761508944727404,0.0006136738166082067,-0.050456973724735066,0.06972117507541128,0.0625407015844804,0.19797099520483843,-0.6622775536560781,0.7370369106510208,0
0.1621777559238755,-0.0594533401972256,0.04042397157808311,-0.1002492518996146,0.0032982220200017676,0.020704085034329384,-0.04070454448451383,0.17332287466192917,0.020147653390481135,0.23219583806062735,0.8098384008211819,1.0255600618259002,1
-0.02962897739109077,0.03547431395562696,0.06720543217191874,-0.13063494636782283,0.21059942066798726,0.0695496326953556,0.08666049552288141,0.07412351246916343,0.02243530062180145,0.11506171593528866,1.2387661028369725,0.4593529965376757,1
0.0213533227482669,0.0268912053500725,0.049812337209874574,0.021651892571882242,-0.08897739658019706,0.11662269020973859,-0.002924620499320796,0.08328329574152268,0.03742333558074948,0.10771642824140829,-0.8977502114826986,-1.2586471123197231,0
-0.24942855640256362,0.10352143464389638,0.013395529475059651,-0.16149205368382707,-0.10815489347629878,-0.012090860214844262,0.3066679856600688,-0.020948769780565805,-0.010035739916560753,0.2406246788806435,0.3469231114532161,-0.925074465308643,0
0.19230253991166107,-0.025658872000368385,0.06111807807537831,-0.20444114398987684,0.0008639744462230758,-0.03206134384470402,0.14006615452040133,-0.05828693807475819,0.011069319960988547,0.12947756741165165,0.08183005442210556,1.559566444170142,0
-0.1055583702798594,-0.019240100545931282,0.012440223000772781,-0.06667080710527021,-0.0815763135275272,0.048242751482488105,0.0989184800403008,0.052077911765092744,0.006265193133775444,0.17163832131144277,1.478578047633617,-0.3745003857781646,1
0.19945508009876106,-0.005537048487900473,0.04825689104028476,0.19080627841040865,0.04962700404956186,0.19049627830533578,-0.08800739451435444,0.08668179850524727,-0.00845009448473101,-0.21438070140940266,-0.21503032842170655,0.4180884319343876,0
0.2454490400196872,0.09958782575564185,0.07404841438417406,0.1989359959510521,0.06468396590086259,0.1974496152487491,0.1767246404948476,0.07597797856680055,0.0351779691369738,-0.11983243313484572,-0.4844052699053336,-0.381218647062445,0
-0.06323963286768738,-0.0039442319524749525,0.03864386561465731,0.06819971501294442,0.09950759642010576,0.16513594575333307,0.2919240089744779,0.17299099029114257,0.030767264099126376,-0.11412992429062274,0.3058188212918598,0.5304956492335597,0
-0.22588895099487974,0.01786349351790799,0.04405307165007387,0.07814617147181213,-0.15484713875338907,0.1298280741885265,-0.1661773050583345,0.015865920649920068,-0.00704816932622198,-0.0512727868210357,0.7644642782382898,1.1057363583972306,0
-0.20002368098165463,-0.05406420380466617,0.06264024156108679,0.2059195039180371,0.10099346485957339,0.07251315880065429,0.2582000894048241,0.0048840484136739165,-0.03947664912936629,0.03681122102702297,0.86321081661737,-0.010705896422675831,0
-0.05100466451502644,0.018171057995805012,0.03612754755102725,-0.049234453665497224,-0.11535130068237405,0.1568876136568486,0.13848320618826948,-0.05160943946010081,-0.03321939784861792,-0.16833755313933796,-0.05726244872278108,0.20219301632782072,0
-0.22262788742568473,0.14705316731912188,0.06717446939992734,0.12112787006709397,0.08324185155357511,0.11319374656455544,0.1600234725177782,0.17262551467783532,0.0449968904883471,0.1491909832624894,1.1754095648913137,-1.49473308364222,1
-0.19055247646647916,-0.038905614920523475,0.030018113898545407,-0.1711809370754921,-0.09308503087200512,-0.1002399549897104,-0.09370385151577992,0.19396077538327364,0.00016312228398475404,-0.09669985043449693,-0.897015095035342,-1.131581725877561,0
0.07380422296499695,0.09506483201717567,-0.00555015046546418,0.006217017773681749,-0.1457786626132704,0.09912141321378665,0.2742606323470619,0.17743147332183987,-0.02181143725036392,0.1522602800393066,0.42149612265552694,-0.22285797893772408,0
-0.16383855106901304,0.05032912842355504,0.012080630263823968,-0.19966362297845813,0.10078185342744728,0.024108182971432107,-0.1238595965346872,0.16146434579693214,0.014973931400959345,0.27730413535152787,1.368644680314793,1.0596738354936195,1
0.13085493436486717,-0.03369651135012383,-0.0021280757112380746,0.1769010567141674,-0.10539967447431414,0.011833491197726365,0.08559125853325517,-0.006501014164912118,-0.01932841776422717,0.015113934483715397,1.4718822890754202,-0.5945458588454001,1
-0.26968635567060445,0.05956798500117684,0.007790606090482915,0.04654728922426882,-0.11410270625396794,-0.04722365954445271,0.19788952008616195,-0.00034816297424096476,0.04559596199631326,-0.08073765783137138,-1.1714232936765119,0.928776094624286,0
0.1925774739869392,0.03725444680849119,0.014101589058184531,0.01691926242046418,-0.007440927054295693,0.1335422099787509,0.30589140146149807,0.07670776643936139,0.009400756447322606,-0.046018526919816255,-1.2881748413112468,-1.326850692282224,0
-0.21064787615755298,0.17661513594474168,0.07921960798851589,-0.02574139741522266,-0.022268850253896827,0.10005921118996916,0.2123829369055108,0.069292629077816,-0.005941156483208532,-0.06668019655155927,1.3695955653502156,1.4983851719310823,1
0.13388840246916012,-0.0339316095844167,0.02813581711154869,0.1430245254177529,-0.00013116775627600163,-0.017593564702545708,0.2814655536519539,-0.02907105379027184,0.06434439945067152,-0.18542487526753987,0.9438325689158893,0.36985717270753127,1
-0.1004869123038212,0.07073723855232714,0.010491296986611838,0.0306139744743108,-0.10684008019508115,0.1353416747970601,0.07046916044879309,0.06490314019382293,-0.04097302586159883,0.0317523723087674,-0.9959804608467338,-0.5628948664861619,1
0.07593441184806182,-0.04080029797753616,0.010916936336098419,0.10185174533454322,-0.10182682598482515,-0.03260629243348004,0.1092948665349947,0.1301926435656828,-0.04137612831431314,-0.15341493492225294,0.061385738064439366,0.025725752403688684,0
-0.052449420763993726,0.09813518302321944,0.06061470172879237,0.19147085572206718,-0.021597948762675928,-0.05775636737596956,-0.11461586527810871,-0.0233539643180537,0.002105901125462821,0.2167251801789095,1.5115554979344255,-0.09732405190020943,1
-0.012953984022230192,0.18215202260785965,0.00905472579335995,0.11889938112826176,0.16584362365713518,0.014918279050533209,0.09117232115463253,0.05179850307561021,-0.014629288195586163,-0.004794112842829934,-0.47830478661526366,0.5103429263098673,1
0.1628984088363959,0.01538606458525689,0.04340574875432661,-0.111801531989303,-0.10965015717667018,0.09492850586483872,-0.18986216535923475,0.1442435850916555,-0.01343330257188008,0.18990466980396029,-1.1581727687600107,-0.9464472965116927,0
0.1177993873467984,0.06480746355538221,0.010216681732821399,0.1495623035977684,-0.02544889376565848,-0.07615980453553176,-0.026667633577812377,0.08923824220762411,0.02946192359659834,0.1983866140330964,1.202072277347005,0.818114511371782,1
-0.16265247731571328,-0.034935131631696204,0.05879237674597963,-0.16515439480452596,0.07972092562770905,0.07459004692134208,0.18724577869027714,-0.04279851900360288,-0.022166742377660472,0.2350814552882671,-1.350414677162656,-0.05927346046370974,0
0.11613786801928061,0.16036948107405338,0.01584949865270527,0.17115045058028233,-0.11707921168623389,0.19073584632764756,-0.1720636318416435,0.007867412228056064,-0.03565415395063551,0.18254288725875809,-0.8134888544590597,0.7905914269846541,0
-0.12597128439472316,0.00846248577009412,0.00602610552780471,0.12294470143792952,-0.1360715723737022,0.18771306896291073,0.26934395363116836,-0.031214144980513482,0.019267276649678505,0.2764078742086692,0.4490150492902141,1.152920948545057,0
-0.29986809207455734,-0.04284367812909466,0.06406747746824518,-0.05080156556453219,0.10451076606039378,0.11797949189323159,-0.02308807741702157,-0.02461863670372897,0.0011479646557184808,0.21597156861548447,-0.290882102110267,0.21404548305488458,0
0.23743508965893584,0.10632237117400187,0.04107932549314049,0.1405574131810412,0.0026616945594151176,0.19300325220415715,0.22896845937559157,0.011650928998498108,-0.0008369502581161564,-0.0794077612254549,-0.3087824692105581,-0.7282127708634698,0
-0.013026840035870402,0.17579280206167935,0.034851805530588836,0.12137133458613752,0.10041862733791196,0.05056306630330448,-0.2431302891599814,0.11132667192458881,0.03361147814793777,-0.15426609324804075,1.0491396008866196,0.5693745442456304,1
-0.12681219640400548,0.14122829920391602,0.02314668528229751,0.05294157701801605,0.08451195819319043,-0.09140370389828376,-0.0227120942682687,-0.003623945204801457,-0.02259054079975041,0.10875350366745937,1.4585893024770933,-0.739163519213063,1
-0.0859438634907311,0.01329184135434451,0.07550499376615047,-0.004203975537941246,0.08309091948935862,0.1047611356327175,0.23697971061010248,-0.028225354522359906,-0.037549536892035294,0.27683430499724626,1.5514042055004686,-1.4486568671435824,1
0.03777362432176523,0.0751088334318894,0.0633238650482404,0.20961874492243482,-0.14154821314963953,0.07995388144217494,0.1474587980148157,0.01836593149163082,0.06536022756313463,0.010525003118140308,-0.06463038510950181,1.136097271942284,0
0.22813894290890852,-0.03525808625969153,0.0602231482423598,-0.11904490794271873,-0.1574482663535924,-0.02801061868954198,0.22742665250850702,-0.025199813389104576,-0.0313314112525621,0.15047529753076253,-0.09975338612214624,-0.9402338400503204,0
-0.18081704904762977,0.13407634707199168,0.04856272675658736,0.11173553698990446,-0.12140279370233434,0.03223508492600999,0.19396284215420645,0.0077501078266795365,-0.026444758375391092,-0.026792255610750437,1.3935268758456532,-0.3075699137868022,0
0.2344599573732858,0.05818905294804662,0.04718318219010259,-0.15874337493744942,0.0813925204643137,0.06189217083034415,0.27201498932792256,0.04649498812424964,0.051304245162961795,-0.06529735588912722,1.0939155677517942,-0.8551439990504677,1
0.04580787017513732,0.11374822435830803,0.07151050592581067,0.1812745617043791,-0.07765717011231929,-0.04777088013300124,0.05118305136841367,0.2007085639887409,0.014272609888068999,-0.05203741966452727,1.1827693556803471,0.08621695842783517,1
-0.2111010960281301,-0.023222107895502983,-0.005498152301164301,0.095368499315863,-0.031259914351011664,-0.05609944119328107,0.02904947027976773,0.02299474836755379,0.0019501335525070537,-0.05966528425206413,0.9008389377530868,1.2973027760902325,0
-0.24925690020788624,-0.006114898251933766,0.009248668754640949,-0.06985769621109816,-0.09669007296053263,-0.0016725783007341677,-0.12666883932441508,-0.04634569469227463,0.06253145453926409,-0.06460263851532974,-0.46456088288879216,0.43402195618869777,0
-0.24203773184294305,0.12883647425641825,-0.0024414479806284355,-0.013519576670433159,0.21353450975642602,-0.059017993131961675,-0.15092319538914067,0.09624638390231677,0.07639610815539026,-0.02478180198403626,-0.6238540769393879,0.848406376508865,0
0.055172867408624815,0.002051034809556783,0.0476563883631468,-0.17245950173640448,0.04771638452980417,-0.03509061731826514,0.1271565760595859,0.13517129267495395,0.05968719968202725,0.2761816207230041,-0.4764137259310275,1.1464147281994357,0
-0.30218397172909617,0.16099230583824745,0.04787936278374695,-0.031820443373419605,0.011827183332203117,0.12371882650113275,0.21501464608212312,0.15109874503155424,0.01686465250464811,-0.03207026116874592,0.09825925013041958,0.8769076228248742,0
-0.0008959589599738527,0.08625863638445183,0.04916183064120122,0.09150489253732269,0.05888646551110696,0.159520141621376,0.23020801686606251,0.05441217491660291,-0.026527579631979062,0.06989945931287969,0.4409791260054339,-0.9371801772679168,0
0.19811062004904018,-0.03684029077216574,0.018065938834755057,0.1560646084659706,0.2117874751306575,0.02241861562938574,-0.15597411989271628,0.04861375924182772,0.00996116596653851,0.04157429824032341,-0.9050354067157855,-1.287395632118418,1
0.06331297644348449,0.09197757928440639,0.052089011918149616,-0.050446408617829064,-0.026912220901790157,-0.0002734228237132319,0.2831576068997427,0.04198077430224109,0.02898582643464112,0.04319870040890236,0.43478803718128556,0.06947279171589393,0
-0.06371369145325237,0.1458167860914637,0.006582694255294966,0.0412924240967954,-0.0017929574599413745,0.19320939853025348,0.15012557573330848,-0.05974125051213244,0.05858749842574999,0.13267824884455984,-0.5331679318231235,0.5841965902485267,0
-0.22709973227689936,0.0935867644135901,0.031915633821374426,0.15430197560190723,-0.05624046324257291,0.08696696902526885,-0.12343920824732693,0.10572665655339303,-0.04177505342362026,-0.02186838604445443,0.1704567391809837,0.3826467762546293,0
-0.13106736862253782,0.12845629081527515,0.002372692434204267,0.025193822101343244,0.074916987244695,-0.10076950584713472,-0.24666715773280637,0.018974342081102782,0.029359180485240124,0.26141260468684335,-0.8717647064040144,-0.18537733615416463,0
0.08461102824406513,0.10359322073502836,0.03883559463459452,0.198776708659047,0.03853434053896379,0.14821528229745407,-0.11552095393165379,0.15067693753891132,0.07851361020702356,0.2353412610490078,0.08998466966003371,0.3202704654764428,0
-0.258109950854252,0.10559898965975828,0.023035474346008993,0.06850660270483216,0.0030925447577325738,-0.10475688110300634,-0.1336088447567199,-0.05132455456471964,0.006295356972656346,0.20060128933035024,-0.8888833743898247,-1.2711111296219013,0
0.15028232353723414,0.031109016696753478,0.03791650458359261,0.0050029117593034245,-0.11529224292453377,0.07495450621685401,0.14942835717598058,0.0990236337923375,0.046725090403315864,-0.1572346090766346,-0.5456115428048618,0.44450256352806616,0
0.19022262620777802,0.00016769848046339908,0.03664221068057383,-0.003952802070399858,-0.05367643358388749,0.002829277512424136,-0.1600539233005711,0.08821727309988456,0.06791856486765795,-0.059131514798870494,-0.783640107661871,-0.7445840170182825,0
-0.053184923152993224,0.14300692686953687,0.03250135983189799,-0.023831701304181108,-0.09786098040469018,-0.06938692577049815,0.08650927529900249,0.1562365169400697,-0.03073039946180294,0.23534520982358123,-0.6179454793673823,-0.18899960661133464,0
0.20033377774018885,0.15885077769253783,0.03962664308275031,-0.09294034676530387,-0.09204170694963805,-0.02466530310392563,0.1844228590852729,0.02329788621483593,0.040203925750418146,-0.11937125018757284,-0.28786570893241525,0.7824068539707734,0
-0.02386476536703236,0.07934635865107195,0.08194854730055272,0.17048227398059768,0.11537163408823858,-0.06061209004380479,0.2645464391874408,0.17349103646435846,0.06457903023519199,0.02145290713497211,-0.5766250239627144,-1.0142155690789891,0
-0.08988813104883195,0.024440877142101664,0.02745183223016037,0.026401800411537613,-0.028075325682761415,0.10295210994786311,0.10748193973058823,0.0720242848726022,-0.041061011316565595,0.2484685730043207,-0.17944622333182614,-1.344556972989456,0
-0.051158018062817,0.029425183202278535,0.053222744642278955,-0.20405664621197073,0.18569686951699693,-0.07626283288932927,0.3112568904331796,0.10354924761683693,-0.039504029425376126,0.06284443169124623,0.3122001789409967,1.422885912925331,0
0.12060917181666464,0.06401544157140741,0.030992797052923463,0.21105433863883233,0.10409596372985358,0.04926499153693417,-0.03712119979499218,0.023295785404205543,0.0415813654544951,0.07547147444695188,0.45218952055258677,0.34666890280732465,0
0.02129092848355657,0.056790230904027114,0.06121655896122509,-0.03450603351586326,0.17715819679552935,-0.0077454442674206175,0.13347629545384782,0.17359279539027517,0.04965655918281091,-0.04623052317367743,-0.27025879816855336,-1.0152656786327126,0
-0.27938709541264356,0.1332918578573917,0.06533801850211367,-0.2002463791325537,0.21510564075145489,0.02851203908492561,0.2565825410455108,0.1458818295830834,0.06634873776732222,0.19727903252407428,1.274532967087824,1.4780299061561089,1
-0.18238967520572252,0.03540234791907558,0.06024116221381533,-0.14358288202566988,0.20799849639050544,-0.044890879858917834,0.2396216041639011,0.06537694800579483,0.058732911284113856,0.2592620080731517,0.7215116085175068,1.0957922470420416,0
-0.1827001493162347,0.13558281871107578,0.06642009592684776,-0.08512777263283798,-0.15055257566086083,0.024029366767903848,-0.16908292695822127,0.15391420359351154,-0.014785282511267359,0.2520163225707356,0.7352195256892828,-0.8941346307174696,0
0.0312050425973443,0.005648256300717025,0.06526985136974202,0.08665288188983555,0.22673401858278913,0.007570591110397082,-0.23347797261430273,0.2014674562469074,0.0584339648762324,-0.10632721160174124,-1.2924168071998825,0.5469729042767228,0
0.007224159499188865,0.028891732678923518,0.026593821124751695,-0.10657168762826552,-0.051303161660759614,0.03118702780132937,-0.12384329701418609,0.060806596371045615,0.02533420631804982,0.13661384159467457,1.422342007298725,0.47349501171369357,1
-0.2902720233941983,0.14335323642161688,0.07117709988313226,0.20387647350752952,0.21982318737291923,0.08583644446438243,0.25021413399151715,0.05593280720429676,0.051973245646490224,0.25779273880401266,-0.2689291559377056,0.06869200492300753,0
-0.09605798629353249,0.011522999349310822,0.025298081771475894,0.136951143221749,0.11760197215436463,-0.03128528897699716,0.14442377233995707,0.037789706067955564,0.02285089734823284,-0.03245597489340832,0.9743500235586844,-0.3835897972345328,0
0.1066467910969181,0.12398592477422377,0.027475149329864414,0.08196048326736571,-0.06560780208883794,0.03813003430679476,0.07007375815295164,0.11899165372483964,0.06778764122587869,-0.06500577105489119,0.31831047522763245,0.8284703712854442,0
0.0038399440041242405,0.14223698258960593,0.05763237526663449,0.15483012983573957,0.16248743347413785,-0.023211034416055557,0.30733352895804966,0.18523485345291976,0.006663846627920071,-0.19280176004322377,1.53121298595529,-1.5190363670846396,1
0.23269632562734527,0.14310720557027015,0.027993139453835938,-0.18603993195403434,0.04479232873917166,0.007305345153159629,-0.19630859142229917,-0.03454215117656855,-0.028493809681879985,-0.1141003921899009,0.01276066661268982,-1.2851964544774988,0
-0.062111146764010416,0.08627383875320993,0.07915162717209043,0.10985022910510728,0.0955166155051494,0.119398158092132,0.1489147033986566,0.11998776883521178,0.015066092495749556,0.0650326006409839,-0.34574706774000785,0.09647113392913509,0
-0.15743143687825753,0.02703414971292918,0.030879492551680262,0.03498718220293154,0.0377821481395087,-0.07458199448325879,-0.07068161934501957,0.03694301225018254,0.041772485083698324,-0.05105144764627881,-0.45461600085943266,-0.4745775525743119,0
-0.027658706241055375,-0.01358097685025441,0.03688102957438766,0.032799906544239504,0.2094219168871796,0.09247626807579537,-0.2495299239350232,0.03814272961150304,0.05274979688530862,-0.08694004256013418,-1.1808345090556438,-0.8212153667325685,0
-0.2597215275737689,-0.0006266783420949829,0.07426322111201245,0.2091904252732592,0.18154310126489276,-0.009688065949819344,0.17758671624202144,-0.003769672469221781,0.0008723976713925635,0.12969544244793582,0.060185117630969565,0.10440440287156383,0
-0.028325263659263522,-0.00586491593297464,0.028581509133510704,-0.18329967936107774,0.17978934462107649,-0.10039413730842625,0.1282078310437132,0.009714521182582037,0.012491130579470815,-0.07652223196766955,-0.6928258897116905,-0.9641629474104662,0
0.05488391697059497,0.16956737810088687,0.022132391424539377,0.03730300285888402,0.19686621596343673,-0.018975466559988913,0.23329701371208622,0.19067058562093067,0.05960488983790245,0.06652780330210042,0.013248776388593564,0.09992690714271357,0
0.029852034593371435,0.1778961091255694,0.014769914113065184,0.12510190875927013,0.040299187553792803,-0.05355620468293834,0.10505717095687289,0.14700627289693086,0.024244238875405125,0.19929212256254167,-1.2737676817114818,1.5520052225727083,0
0.0591440954541228,0.13616106805921654,0.01675531994438109,-0.021343513429794375,0.19999181013730083,-0.09198649318527574,-0.0336258980021919,0.1438045279453888,0.04645218380987472,0.20633294721511788,-0.26948258219901455,-1.4366820281197714,0
-0.02693527879541746,0.09258556871060342,0.06894266070748373,0.08669328267242404,-0.1197070405429187,0.004442069812340604,0.0524072827746509,0.1370349081902331,0.021048860786449894,0.16957903179556658,-0.2582860808206835,-0.7618509370068414,0
0.04066060064297444,0.07621956621583525,0.012608462029683604,-0.0028486903555275667,0.05705891108040373,0.1418221557604978,-0.0006228657924380321,-0.04113625759397601,0.01391025179637103,0.1995492155196554,1.061748782167155,-1.1237936728258422,0
0.21554506308458404,-0.021582335436505964,0.021649015314523467,-0.025145485562767522,0.13204278911703832,0.14743730122844845,-0.23359811235634037,0.14690285927299293,0.0434980900881993,0.2276833591854602,0.3072679442674793,0.9919298165541155,0
-0.20364623743320015,0.016962644473305574,0.07698922390184397,0.042932131449929245,0.05317627718297768,0.17183040855964365,0.23859334236135277,0.12983684400390258,0.06401436099719589,-0.1597434450962781,0.6847157370315464,-0.18006011239678932,1
-0.2846577814012263,-0.005164002290469413,0.06406305440918215,0.009905013595130768,-0.12581881316515225,-0.02577022249849581,-0.07989462821882498,0.02236496734358702,0.06343339930185758,0.11226377099647075,1.4051281614406246,-0.5817872149587592,1
-0.06751826517698323,0.017924714300055017,0.06932582423026494,0.19329955129763332,0.007483606845153146,0.1893257440973688,-0.25918723463504334,0.023596318787082016,0.05039961728283014,-0.03755157735313927,-0.5054902072199625,0.48814249314080427,0
0.14366668272117133,-0.010363599472336366,0.00986503969803651,-0.021503712606253333,0.21397562467658082,0.07108420840686241,0.10013488843506191,-0.05995902983912208,-0.040725850982086795,-0.18301481104590417,-0.411721884484342,-0.7707151520703341,0
-0.12412062228911544,0.08909282951832104,0.04499278747132093,-0.03639259054268354,-0.15840709748866663,0.029641585633077616,0.16025585493662658,-0.00032903823259945036,0.041954154141186306,-0.2087076669705291,1.4638762436560733,0.06901755833067913,1
-0.31134040266670476,0.052030438461875536,0.029543966193085528,0.14595835565106846,0.05395254541108682,0.07898837141204665,-0.15026477138311167,-0.04215464821493348,0.03992098209077191,0.0917414895839487,0.7897714192772953,0.02410577202998243,0
0.04922898411788745,0.07165200800493896,0.07496324097463092,0.12878694737569402,0.18922681814821618,0.19627501253534102,-0.033901422275589066,0.12704410311949993,0.03938014271287152,-0.1298198859502811,1.1314860970547997,0.4659687315385541,1
-0.05425385968396368,-0.015617002491094219,0.05959282543582038,0.085108020889261,0.050614684070839466,-0.05970432777979323,0.05488159111827573,-0.036054652228530965,-0.004855358436953006,-0.03146928402219601,1.4823003561909813,0.6536992884236288,1
0.03054845939195855,0.15360877594239083,0.03062794729004187,0.163637452187044,-0.10608687657736857,0.003785193532914094,-0.21266034459409358,0.08579219722848189,0.07353262583618057,0.10974087761665494,-0.08904980143945096,-0.04381791637885879,0
0.2213592778698224,0.05537196820322185,0.016212028840532515,0.2076010161629291,0.007397733758344349,0.005815594775464228,-0.24726023141610898,-0.015386646306850708,0.054745858771236916,0.023277980445572777,-0.4643417118738242,-0.6673347217579518,0
0.04057184228649141,0.11589825002891974,0.04837333867778165,0.01406072455441551,0.06882850109426569,0.10283892808495981,0.23226280439987151,0.026405916626539738,0.010403606878231511,0.09930011140669373,-0.9138668324983119,-0.9479102919660352,0
0.24147192552438917,-0.012062423595713044,0.01310024606248665,0.05160373257581796,-0.12948074057172365,-0.09712604975177631,-0.2304411727256864,-0.02993840206417931,0.006539808238793722,0.19523725241192255,0.21272118115438365,-1.352900572677199,0
0.03157022474522042,0.014105737924436562,0.031243461573021793,-0.04663045120193818,-0.0247638860764281,0.010969272514525577,-0.26106380905872345,0.1718184307337359,0.07607803569260928,0.21172810331397388,-1.3932531272365478,1.1103987436807448,0
0.015995616302934168,-0.03655899839278114,0.07667498839247266,0.11819855163094989,-0.10258926824473326,0.18657438517552455,-0.19444077494156475,0.057696919561864776,-0.02774040809194292,-0.14170437522255278,-0.07018286354087189,1.213091347149694,0
-0.16408162897080197,0.12964191058044439,0.07144329900771826,0.17796854705274656,0.20924260935769046,0.1687409175133559,0.1023923983279032,0.028024738729912707,0.06950934345599592,-0.1554457472484199,-0.42375164478185856,-1.0991837592870497,0
-0.15003339269948548,0.09050093964378811,0.07417266374227802,-0.002361169776323113,0.059158000424661406,0.021567098107704102,0.14212778286773747,-0.03590780078982392,-0.04174394183927465,0.10199382296119361,1.5297650826109186,-1.4290757874244915,0
-0.12116386603498061,-0.04688039836409161,0.05376469001881955,-0.03176863370031113,0.01616418959518781,0.16503845613776774,0.15948314751725257,-0.0045059674430136115,0.0354600055558148,-0.1506036197947688,-1.1808726967539631,0.1735026464861762,0
-0.24053774431434005,0.008758247490040352,0.07351508735816188,0.10217597114950144,0.20784694537062703,0.16149629234402435,-0.08654076446433592,0.1046849090811893,0.0001332347918273566,0.12966378759460048,0.5711531419106108,1.4902138976084724,0
-0.2588665172341281,0.12832953940475023,-0.0004049433576251548,0.04346029698793302,0.1794697160098711,0.11856508090358797,-0.02815097846671319,-0.007372071516427679,0.06912493399645438,0.06481061003094421,0.8331086431673189,-1.265625538781555,0
-0.18941155097235618,0.04824548578561842,0.0018325268780684627,-0.15714822440954024,-0.0023123356780603843,0.10592328025088785,-0.07130668878723445,0.119815550754125,0.05423830693142784,0.21921136941244393,0.6194392981459773,1.4348907757406477,0
-0.22834710896603627,0.11060645512511216,0.025715687303584835,0.08927299508443376,-0.0754602739477861,0.08924596453075795,-0.19483714352307685,-0.017647343214153156,0.030042509347131596,-0.04912655904863322,-1.4159074901457827,-0.30057192712239034,0
0.04383611671535259,0.11846995821318362,0.06406004439631811,0.17535573128492382,-0.12823469381041333,0.06684211200852871,0.16598384282238482,-0.005167481766797842,-0.014465105340151073,-0.0837635465279131,-0.7122884621218672,0.08603531126653197,0
0.06934017933522202,0.08916272381048959,0.05163583448281406,-0.10327523363719715,0.14367914584068842,0.09505570995500101,-0.19186407091184665,-0.009601549511578385,-0.00972765007424066,0.24821989967110483,-0.1687749335534885,1.143300230980185,0
-0.23151147793884286,-0.05166395297034407,0.028546685653601283,0.12704917134591265,0.018210005959319653,0.1484279234788235,-0.2399842989332206,0.06167468755936985,0.051940228134132335,0.11855820555561672,-1.2379445683708459,-0.5077206527466929,0
-0.02544886276904823,0.10539703641879511,0.007266666401713683,0.13493469117685558,-0.0368040437496525,-0.0790485217691069,0.1757817961318573,0.12389301332473857,0.06419544700219339,0.22640442292717808,1.2047121241375967,0.06952414423626574,1
0.26037549749774497,-0.00010631218882717342,0.034906413701980915,0.17482438062840172,-0.11930208373983957,0.17565595378658622,0.015104277087119367,0.17361127603721657,0.030919045773793105,0.11692742169080064,1.3827034353698868,1.3723769561222625,1
0.04735496909645864,0.1655845221310738,0.07878752266887377,0.1994089149787508,0.09556422642313456,0.0856756253353313,0.0523344939166801,0.09812075919728369,0.029745150482780064,-0.19518402831992376,0.15264814627173173,-0.8944879752342184,0
-0.13250811341458846,0.01393059236670309,0.00953230596254983,0.12870486527674546,0.2216509540011945,0.08398901650904866,0.2798249860249534,0.17119001746114573,-0.020261860940502856,-0.1400495585837413,0.3772605044418189,0.4371277522006147,0
0.021605150246737648,0.009356591082634938,0.07486412088992142,0.04937236742004092,-0.01774607789209498,0.19285830104139856,0.28432587904146556,0.14335409738299754,0.05252483687549425,0.2686767637218428,-0.503288449931079,-0.7855460842774729,0
-0.2755651972007604,0.07547705872127261,0.03759783543832548,-0.1939928044641922,-0.12568673469875608,-0.10085039935876808,-0.09728812818252558,-0.04838280771002537,0.005773932724955258,0.18704320248741943,-0.6744057915492565,0.6053027274606892,0
-0.29467917459891496,0.14502066586491805,0.0052417597882596974,-0.08199730307813627,0.04447999789503851,0.17618782960433965,0.310351161886,0.14442382218509492,0.044612656576062254,0.045599791999703015,-1.4404654779293937,-1.256151172868029,0
-0.15833315674322285,0.1803733923718198,0.08092064329074757,-0.07340656468877893,-0.06468264884871353,-0.03749657169276653,0.013198920114280421,-0.003362736552748005,0.03436014777243429,-0.17910203318839654,-1.1860108531831495,1.338212096303071,0
0.13321312239569666,0.01925702943805757,0.034719366325132714,0.06764081078342282,0.15205939507086957,-0.013826966784535336,0.15567472075406286,0.013111268818190039,0.0338488486996948,0.007491996553679076,0.8404556426740484,1.2344291610599016,0
0.13130859551051643,0.16352038447309009,0.004362212889506672,0.06672849838546213,-0.08157914814253346,-0.023021520330453724,0.03517416659838907,0.13366868282807234,0.04362059345273732,0.2151830870424101,-0.13581882116844324,0.795866093830113,0
0.19656800158348303,0.1473426030481752,0.01280849165381116,0.014724610941717564,0.13135344316609182,0.19025369272134762,-0.2607572327996242,0.023965228427273402,-0.00447754102879324,-0.07306080823461589,-0.7186270372218162,-0.01802430081075146,0
-0.1065694851291483,0.1138763480722434,0.028900867153508297,-0.14903864802656036,0.08171610843523355,0.051913030682715244,0.30090873939997187,0.13539775623043349,0.07719810560506286,-0.12376155049300108,0.18957403333912137,-0.49422860011812775,0
0.0959651221354812,0.05440156649440661,0.011253071607555128,-0.1906054651364727,0.1717538722492783,0.14104989768573778,-0.1734021541146059,0.10807048790298077,0.045680750277014515,0.060456776436595666,1.0140186543863254,-0.9470774952960019,1
0.05577145376868137,0.11595510138709739,0.051182055776058014,0.09497804246137953,-0.10267998127621686,0.17393070826654106,-0.10203773002852207,0.15867392307743428,0.0654265523338488,0.10689863879084913,1.548330428933377,-0.25068863679263464,1
-0.06252238515990638,0.08950493209533414,-0.0005988997030134478,-0.16282066811438595,0.23319200744124413,-0.00616238835493535,-0.06503200953385743,0.003978430178887438,0.03404593325649116,0.018505106332339705,-0.3325759592360893,-0.7976196028814525,0
-0.30390930219951234,0.05808892323646196,-0.0030217493439854493,0.1395762456907652,-0.11511426696592333,-0.041329316961395954,-0.0012157590230790216,-0.010920720955859997,0.020497323738413065,0.012363643383602435,0.2574772642951404,0.0030872826397791986,0
0.018078972636222157,0.11599946331404487,0.0035561183197539946,0.05911838749398318,0.1820273290906908,0.13273628902839907,0.2738914879268015,0.12800953434078066,0.0020730682316368806,0.24048437509362255,-0.8202140658137347,0.5382070659033198,0
0.12645271616582932,0.15300026638304176,0.0751933275874455,-0.17401753833484568,0.12732438141017927,-0.045249205115311567,0.18354986896323794,0.12274850876993623,-0.02490171231894976,0.19700838523253114,-0.33503208518417327,1.1641027922180924,0
0.24447488174349735,0.10046308039368576,0.04541129070654208,-0.20285391581092369,-0.08124387812769279,-0.09940855179081348,-0.0745379568186342,0.028564619703462593,0.019369553507157272,0.12602386025224935,1.4820622360835587,-0.7936143598167412,1
0.21325359471625743,-0.014430624320687209,0.05181528249403393,-0.19066782881919847,0.05016238686736921,0.11869870173260041,-0.24779254284736482,0.025697450390892454,0.06346945743303975,-0.104347395653289,-0.45441596580428034,-0.28152813305700963,0
-0.2188560728324523,0.12119041332776595,0.040282445246298995,-0.16258233130350297,0.21572970514977502,0.04256360281328722,0.16384414500442762,-0.00496683239730452,-0.030505004676300483,0.1515962053443848,-0.7157781059821181,-0.12548229740391248,0
0.11533889764017774,0.06352275037344164,0.023621257681965272,0.12271117964228284,0.08406379827344485,0.04723289687525828,0.18006918578454534,0.08153459066088042,0.07115430432315642,0.18967756760551283,-0.9223030833072143,-0.9838809943963505,0
0.2364035012888896,0.15858473530913283,0.009327532107284,-0.09398075946992897,-0.015841899238829338,0.1608909674074515,0.2694028806652238,0.14962762378786804,-0.012931711688232476,0.22391858595735867,0.5468406313030492,0.07879275270287223,0
-0.09613291094935178,0.07089149264212585,0.04287578820579581,-0.11465251616123323,-0.07912952402676676,0.13762052925912033,-0.2233880444701662,0.06790542289809101,-0.023595810767304395,-0.057662991022854576,-1.0620030825322857,0.9404695819552382,0
-0.0511648494044421,0.013447343016692162,0.06745766221238807,-0.17367110557720652,0.14327901575276902,-0.031763135724447236,0.2639621129338924,-0.06106263796584352,0.022710188231372094,0.09252991741892444,0.4326607260225741,-0.4665699266054504,0
-0.24841163815267792,0.041734632184177,0.07039835233456208,0.1657645868390879,0.03717617374596022,0.06269880082851492,0.17474387435931305,0.14361724405324977,0.06475382656693437,0.20247988679118736,1.088318399143745,0.25014721863358647,1
-0.03555368098413064,-0.03076420890121394,0.06657948277660838,0.04444986867869111,-0.1371462483477155,0.09897041420087907,-0.10360647294658462,-0.044217033985630844,0.029043740290898776,0.14708188911827394,-0.5376310784999851,0.7254338016860096,0
0.01816541232495189,-0.057891451775727534,0.07608922231651595,-0.09693938613239965,0.18470648096241848,-0.10381848566887049,-0.21121925451153303,0.05683182786380733,0.04832878234131471,0.25145509606974903,-0.20534288836176895,1.3292014456541994,0
-0.2871945222694442,0.08269953564473456,0.026476748723700757,0.1743877399554109,0.029937397503377372,0.12599190352282202,0.2235482712398849,-0.03654537818366784,0.008017655351760557,0.22721949247075193,-0.87306431577862,-0.15318397634618575,0
0.1880870695381162,-0.002837970973172753,0.07319921362364876,-0.042100048595160616,0.07466182763726473,-0.007441998413892648,0.03766111023143376,-0.049500123560085145,-0.03962917653951737,-0.010448611635149319,-0.19393155874501922,-0.7995813281084121,0
-0.2910059402581434,-0.018654730481937623,0.010998915979898286,-0.023726311212753703,-0.062391999678215654,-0.0655176342938084,0.07844889295968349,0.13416705026447884,0.03902496700108374,-0.07919086506849574,0.8102337033496052,1.3801708000477657,1
0.03983946389693649,-0.007648205102049714,0.013961055824668406,-0.009243861473135745,-0.0659603748785835,0.10238992951790532,-0.08887087628792908,-0.022361912075366155,-0.0286743350623941,-0.15309819004355238,-0.28121377303589745,0.17877188461023397,1
-0.0016308494519770012,0.013169885754323665,0.04213466501422902,0.18550241528523198,0.1839309505083468,0.0683310383396647,-0.025469687410858394,0.12213317160176601,0.06920128395774854,0.026677795184531422,0.09118369555511552,-1.5668914190711476,0
-0.30674121865964715,0.12677676732176127,-0.0003221876570865369,-0.1648690328730499,0.1493543118764919,0.10283042113900201,0.05779840309568529,0.15445207736195601,0.060096447096593175,0.01078272663301949,-1.109842964758159,1.5112082853388762,0
-0.21437022098428662,0.14659201033881067,0.029702723638958265,0.15974659979402467,-0.13589480922667163,-0.07363535690518233,-0.24418534461192193,0.09665520061029195,0.05762213044967672,-0.016433537368742757,-1.101424932697595,1.5607966947794047,0
-0.1131023488133896,0.09725863547142163,0.0511854245667097,-0.16638788075574099,0.006231007244331427,0.08849058660360062,-0.11763946020530025,0.04511031353407133,0.02994520865186319,-0.016329380204076205,-0.1373834548026791,-1.083346540746982,0
0.13243165409011792,0.0010380821416191219,0.06621903584459882,-0.012559161721056533,0.027111556924218905,0.12753830460382254,-0.045602768059648635,0.0005280421067415525,-0.03458365500931528,0.11716277485035884,0.577760325181716,0.2767795330781804,0
-0.050216003405185894,0.04155305794561795,0.019104161687608322,-0.12563389498150815,0.1686456778290525,-0.07846767417758879,0.25476216239196603,-0.05541710915849953,0.018344813105573288,-0.18728467943778115,-0.8018708031366499,-1.5348735953072066,0
0.011878324819442343,0.1637595587752109,0.05092275439957247,-0.13455707235742204,0.15528102322362053,0.027163623217563604,-0.25987179093640184,0.0661810764739551,0.05516364918376196,-0.0028893575544823857,-1.0877654977840445,0.8688024437367716,0
-0.05065333462165683,0.01925533532718636,0.05794023922046053,-0.05398329857103831,-0.09277502540066666,-0.009631210514686822,0.24012205668846587,0.01240305667767734,-0.018100986253133,-0.15002569174797808,-1.2536088236788887,0.289441254607802,0
-0.004840579140041379,0.11825165848741917,0.06215661477915428,-0.0610014001525285,0.15616310459910843,0.1857942997673383,0.16192270931761965,0.1256686778907456,0.0069250720679179326,0.20122093968511448,0.01797555628595182,1.0033178317168348,0
-0.10510168274113799,0.07837886746004855,0.07305230132483972,0.04582632604925069,-0.1499822013928131,0.11292264070893737,0.2703333220220976,0.10723253159296653,0.06137158750530304,0.19326994984277204,-1.3793794403499973,0.15350702948062067,0
-0.040757506603155524,0.14709314387966957,0.07463546374865807,-0.14786430931978295,-0.08824404635192046,-0.0017099550560720767,0.1784428362834513,0.16883582618778248,0.025701138437916327,-0.16002468144073576,1.5048237723025342,-1.2620293429344722,1
-0.11338408999381552,-0.03445602272576215,0.01939622432746524,0.13108759520665308,0.035250258540254265,-0.055173148709264014,-0.08651011015442561,0.18961980212988352,0.006890020879282206,0.0028869962901185153,-0.6501812535779513,1.2224078114090504,0
0.15457680261738943,0.1320292524469598,0.031512327072339766,0.16784319301390538,-0.009571760552899905,0.15615665990714594,-0.24922608909155702,0.029284372746989792,0.06056582445019543,0.23098656415135668,-0.08087829432428628,0.2220941032175734,0
0.1550464781797204,0.11287108542905636,0.01505144488401381,-0.012842789205720434,0.10145183248349021,0.07180041806456461,0.24490304058642476,0.06276459550914995,-0.02532859330474076,-0.10975465744992441,1.5240447252082177,0.6471495487132672,1
0.1858076979874292,-0.045959372952533044,0.027531418520841937,0.12832704392637728,0.0012581731240013105,0.14334997270555278,-0.20943482699009736,0.07273284616071587,0.025984527723958845,0.22580595498077968,-0.12252021043738237,0.44753128796999486,0
0.06547009475943527,0.17922528256639744,0.06899428912381728,0.147907912599754,0.04463385134696271,0.06463048676626248,0.2295514488793582,0.16741966988391443,0.05386839576799722,0.1899333898489324,-0.8931079695631144,-0.7225160599770862,0
-0.14488537911346916,0.17829550978849598,0.04143522620432148,-0.13534172394700017,0.039041265518071466,0.08948801338350404,0.21197644811785815,0.15222865373415856,-0.04166127901095023,0.008804319252225884,-1.518952674936864,1.4570030254097628,0
-0.21299447674930194,0.0927280496522648,0.043781820721651474,0.054496690260295744,0.06293710292285662,0.11078231460230395,0.09496920188203989,-0.03865480696331132,-0.0013799150740166424,0.054983125082489676,0.5002465751776619,0.882085631836649,0
-0.13039641435723026,0.14237933406483907,0.0052910977648148085,0.11531352876204404,-0.08747878196079661,0.053561873264929144,-0.08194125154942794,0.10599567294098314,-0.02091982833807084,0.17844107043298393,-0.10833000888915967,-1.4209332180600838,0
0.09554111117519004,0.08846984472055208,0.06725849955673266,-0.1170714057535912,0.09038196364649936,0.011582643095383843,0.16309741821413754,-0.05606224217098231,0.006351451072510526,0.1071359598181593,-0.5291706237103506,0.45978089950300594,0
-0.0463872788374875,0.1475099761283235,0.010748941796513641,-0.05472151171751971,0.23194666770688893,0.17094810310183062,-0.24783505839232575,0.07770135659514232,-0.03960976043286206,0.24219795592338692,-0.7202824170870913,-0.713295033235924,0
-0.1561820915453821,0.07907197119568485,0.005133551774783829,0.1278107812843275,0.03435192748334126,0.06529055814189116,0.21926089635472162,-0.013574317962827952,-0.025684347021379606,-0.007432370892658635,-0.22986174797385228,1.2594706832931253,0
0.14338186150981574,0.06249087330387666,0.04297775215356106,0.028648829624169814,-0.13787380641229216,-0.03131835153212954,0.16975877689825186,0.04648211541090248,0.023199061106834853,0.25259974694121556,1.557489471021935,-1.3700963295387683,1
-0.10551435818550262,-0.033568728032633374,0.07830359029666425,0.19650812809164303,-0.03679687693764207,0.18128934046439393,-0.2471373032909252,0.1968425426527833,0.0581381754905813,-0.10987960408955272,-0.98552431211269,-0.5283071588780401,0
-0.12959261457550816,0.026678126810418396,0.0490806755117949,-0.14775754538161745,-0.11331200375624141,-0.03130783306943313,0.16163202936935867,0.034406037844385465,0.016455347849532426,-0.1192473366335893,-1.2679602599545492,-0.9779213530874878,0
-0.25058498601698503,0.10319526975597682,0.028352600410488562,0.07383348720754962,-0.008989592140201397,0.15058102555565628,-0.235337374058842,0.1736791076472514,-0.013825727268117302,-0.19511756910636097,-1.5562982284437938,0.022715317540976665,0
-0.04933925746556883,0.13595518343830504,0.06384315916904906,0.043867368231516934,0.2270125460535422,0.033957680468400336,-0.24469726913968287,0.15414533097303734,-0.019834737519579943,-0.12877984288779115,-0.9576074715952423,-1.4856728604510163,0
-0.1256575044436871,0.014258511168890028,0.045831697877947816,0.10776743528192534,0.21113561783518564,-0.0788219336679884,-0.18044063982954187,0.0934375368247608,-0.035458579957658734,-0.03225997747729839,1.308376093328013,0.4690928177183056,1
-0.18793069764725462,0.1032305543618886,0.05061499273972753,0.15345472409037986,-0.035902443972951184,0.12130772838478113,0.16784972870488035,0.0007168295515855017,0.030891951922904407,0.11877646074539663,-1.1101904118910841,0.7784110307452703,0
-0.06277678981549675,0.12893790796874652,-0.007970245996729389,0.001864246682349413,-0.08713223751687497,0.08981069969769714,0.12638091198796314,0.06997865163394087,0.02085374688267759,-0.05990028951967516,0.5563325196228364,-0.9582096644484296,0
-0.23718719503205904,0.1284491521347197,0.051445267040809,0.16396345504752785,-0.057122836253167664,0.046900594759065134,-0.24492818916831177,0.17875855094618517,0.03777202207039505,0.09283271940261581,-0.45465842390853584,-0.5586668962304469,0
0.0336405597902546,0.1356159977049509,0.00016614562147443217,0.19539095035058923,0.19297257870914308,0.1862624359161516,0.2004712412732177,0.015291120574510875,0.02586800054763501,-0.15660388642417686,1.4800673356284963,0.16646083992143446,1
0.18448466001203756,-0.000897966302941533,0.006533141512116354,-0.1799660472644551,0.12150727293770686,-0.05070986996964165,-0.15306571026049598,-0.017660285263177283,-0.009114919944556363,0.2507851194093639,-1.3446199277891862,-0.07195979998323776,0
-0.21501097073382244,-0.05489683793406951,0.025110036362713913,-0.16341273258312616,-0.1494159057341357,-0.07609789486054142,-0.08310075079374099,0.13601584911311776,-0.039410181406036186,0.12051896745555687,0.6409333157133841,1.0042068797030612,0
-0.20721174150342855,0.133994925845069,0.0705008203678521,0.20285961742953418,0.15998077331925614,-0.06975623409585432,0.28081443133295947,0.15297310148147586,-0.02097250377510013,-0.1342583811316778,0.40341661884344315,-0.247887573193464,0
0.13301817507885333,0.03922617739392378,0.057691912303378196,-0.17111088531255497,0.1269281502203617,0.04864927661102167,0.25374943081011747,-0.012715025288488314,-0.03403515084627342,-0.11886540535770172,-0.0652409955286104,-1.4868556219024147,0
-0.2422780215254104,-0.010570991575084801,0.06549026458955398,-0.10562703509483257,-0.07210751027327077,0.09757981560834589,-0.03664583878353245,0.15839043928132296,0.03306271552617862,-0.07321951309938252,1.3608394404930821,1.3718865356712089,1
-0.10367367526946411,0.11991464601397442,0.029726578110669494,0.019639145693332055,0.13034926071941083,-0.08904824583003931,-0.004119473726272027,-0.03735560708722241,0.04406605810220862,0.0853557743293478,0.6521180576514409,0.9462356446648885,0
0.2183165691239382,0.01723847008351144,0.016972493260755946,-0.16724128752830408,0.06845434843856674,-0.02647324718189699,0.22044672383983316,0.11800920156568365,-0.04741140383961032,0.06445084393820902,-0.418601057651677,-0.46676199447171074,0
0.042535794414093775,-0.00958107807655869,0.07365815399060407,0.03245130118366818,-0.07729682452901511,0.19117646715451547,0.048847352605549954,-0.01877733807276552,0.01770922423600331,0.259784665771542,0.927949131425007,0.2814220381226935,0
-0.048235821501571796,0.008736224535666984,0.006657698856613475,0.03479622942601521,0.19388841014897573,0.11692647267801648,-0.2118150255713387,0.04346258827641018,-0.047236213650548246,-0.06343200895953297,0.5587403978527725,0.5242611935890957,0
0.16941788959397164,0.05679698362691568,0.052730606014295106,0.1637058107583474,0.11020293008812904,0.16622248717851457,0.20030731749682285,0.08741435390954233,-0.010201096967129744,-0.06829358211410924,1.2330970871512534,-1.456000177031948,1
0.22728493700956048,0.02017552601373543,0.05905995739515438,-0.07042313037055528,0.21728551638256838,-0.09638586842880324,-0.06295576713123421,0.16684730778205858,-0.01314127237950257,-0.07946903344182005,1.3263032623462798,0.1784537874042511,1
-0.25207875348782177,0.08183967730560798,0.012252320114993179,-0.11899246582707772,0.08351797156910948,-0.069726349762712,0.004465648915984111,0.005113504181815012,0.06042044235309345,0.05890335098583674,0.7549984140033181,1.3405613384373531,0
0.1592865407966491,0.00512794731461165,0.07923493417143475,-0.09675601825802457,-0.04425728848340679,0.010228042153138994,-0.17209061233114883,0.11913284477591646,0.022795690318303363,0.22758917247064528,0.04992253420748294,-0.7796285849067828,0
-0.10703490481249459,-0.023907091720083415,0.07788195491442965,0.0933538823638328,0.155088579333921,0.12068289946224167,-0.1269265589664844,-0.025339229428665982,0.006569838617357153,0.19511741391293472,-1.390068722742748,1.0998907713879065,0
0.06587886832566947,-0.010762930600880495,0.04125897448167776,-0.20364981966835977,0.041335094657203725,0.012560237461564538,0.24219042846574135,0.12833427756319388,-0.04333752135622953,0.175519885198229,0.19633829917377277,0.18085957613392867,0
0.22032099279997813,0.1361840173684762,0.011844014578699186,-0.0486451508692253,-0.021581120087521832,0.04651279643326167,0.28462641191476235,0.10024807496379409,-0.008208641058701074,0.2509371017940365,-1.4430437354259684,-0.4259046498665806,0
0.20725140388327074,0.024354297931670335,0.03884140014770328,-0.007353098291421667,0.20553948920842402,-0.02647022590110315,-0.07454124443402715,0.11203141142860548,0.06456790117934194,-0.15922289481397675,1.541318750493039,0.8863715198011766,1
0.13312929829208608,0.024806661409777248,0.024441909923419432,-0.011449024939490293,0.10663571183019482,0.0636366081110265,0.18181339653439232,-0.04820945950264398,0.05599535074443478,-0.1874222259996362,0.37590384781391917,-0.6240555651387318,0
-0.23942374545923978,-0.015605703094982465,0.012221046409681791,-0.04009894023564009,0.09938414365539044,0.16478176058723065,0.03614650726530927,0.07827192958966542,-0.0074010462625911586,0.18105628769369939,1.3568262158202355,0.20189008630427385,1
-0.25712084431903787,-0.007323618931724757,0.045232838250320345,-0.15669161044519325,-0.12027668469281896,0.1444367736217277,-0.19901404744614906,0.09825297013560505,-0.003251956702471852,0.22853421896144052,0.2771632614599737,-1.5622192971089477,0
0.20091584594591633,0.04133093345448949,0.019047441879033167,0.07447229443804199,0.12412357608780494,-0.015003948426367139,-0.0639181281670082,-0.021194638327763,0.027376122964616625,0.2585739814487148,-1.5679831663823967,0.45490158008848725,0
-0.21155550686438765,0.13444117058096855,0.07624358599454176,0.08092853442018888,-0.11682914748269405,-0.007899011827007488,-0.2179062160235853,0.09658569884210089,0.0787169761149477,-0.03028005181600596,1.3153765296236821,0.8018666394474658,1
0.014677295694216386,0.07910676115395135,0.012835798912359316,0.10741341982727903,-0.12526697842945583,0.08254984629811488,-0.021053296260188814,-0.028904130083262654,0.03256991650601883,0.11772819407189208,-1.2290382398403235,-1.0879211566998601,0
-0.020592624602814247,0.010112875372275454,0.07855847268810612,0.18914586083945167,-0.12225467040453204,0.18109552962983583,0.18144429173448368,-0.034333038217098974,0.017973486236816175,-0.19888403019933257,-1.085043819455888,-0.6167504739936248,0
-0.10153588064038632,0.06440778672697987,0.01263053422558173,0.018739908931982324,0.15761550057689067,-0.04184661339908401,0.05292597650926889,0.031244564874028227,0.046966903495468684,0.1321121090698448,1.1419616037846725,0.16704370302865224,1
0.031012775992002306,0.09911334843994563,0.05378810037721439,0.033244199668246904,0.1830430409743125,-0.03161493286819474,-0.23519228435361433,0.19197906377259813,-0.04020337583320968,0.23180332504851972,1.270149940317064,-0.9908396828153184,1
0.011322679671807834,0.1405094706341111,0.05746353825140699,0.012046183573456049,-0.016276153994200043,-0.10664033792485911,-0.12224533179473351,0.18914000738399275,-0.012962995102290722,0.15682876581546892,-0.5579160850296554,-0.35476625694006336,0
0.25576950062504417,-0.04805781151143172,0.04482232785363299,-0.014837570521498672,-0.1298140338274756,-0.0422011095689962,0.13441237145926804,-0.03388761999844469,0.053709890083713505,0.09391724471236909,-0.3439979573535461,-0.04956956516059763,0
-0.23406291692317874,0.13480704223871753,0.04036222917918465,-0.20874389619301117,0.0548163823599051,0.039769792260292425,0.10479145831537967,-0.05331890811301943,-0.04341393704199082,-0.04287635747246479,1.4170190354847791,-0.19368678843850806,0
-0.15313178174314457,-0.0068639820367288815,0.053998006817158814,-0.19847856214247248,0.060311101470032186,0.021861450890217543,-0.1290873052695931,0.0750481306439496,-0.020358188403754304,0.06377950786834954,0.48998947989210007,-0.5416120740967114,0
-0.019956037132153992,-0.05177864639226823,0.047422986929854735,0.10724878460976534,0.21838297037526838,-0.045547532144580405,-0.14668160762989058,0.01807281919928265,0.0650941583444647,-0.014351372862306228,-0.15412606111099403,1.0535109375333225,0
-0.29096004373882395,0.0741985590844415,0.03284635652093239,0.054212936421211,0.12931982690605626,-0.008372754546186925,0.10093628608118871,0.07611393275866138,-0.030912909765019085,0.22126967419311547,0.2795253776580833,-1.3759104422348138,0
0.10049399148798083,0.000137306905512051,0.03106079394733759,-0.04639509499734476,-0.14592820908605242,0.01772778920236831,-0.06744208423734491,-0.06149505483155772,0.05955789503995769,-0.1448384386924591,-0.47086428174884665,-0.3474912224422191,0
0.03399684217877319,-0.0182448327222162,0.048103467005570666,0.11032701562023645,0.17827652875545702,-0.010305171884206626,-0.24786223394730247,0.0982251673883813,-0.019267085276825538,0.17123917069213737,1.191525926552212,-1.3901070552920225,1
0.2422534653218032,0.08290366733534038,0.07408291485859685,0.061414401352269,-0.08816013255905873,0.13632147388028015,0.1340978140905229,0.19606084090800815,-0.017026298719958775,-0.05093562313410557,-0.4398113990405117,0.3479890884631449,0
0.05047060296236322,0.07094909491249249,0.007296805947881584,-0.14013651570979024,0.16063329128656878,-0.10280085857020745,0.16486339959502644,0.1312042142805034,0.034510266610854226,-0.013031283336391614,-0.23326267543468027,-0.04067715078944767,0
-0.24064284179139117,0.008902841673914058,0.07793933428610274,-0.08233120482460829,-0.05910444082628079,0.18942029348474998,-0.21775199741704873,-0.02004176979254215,0.0076968530260485835,0.17460231296328158,0.7911245959732727,-0.2399420063543709,0
0.2472118345562309,-0.05539753666602327,0.048221098090524286,-0.16075592074993067,0.20028687251903404,0.1778088304106184,-0.09207017395505981,0.15633567975380835,0.03204862689858755,-0.16636557374051997,-0.5297908686625594,0.5340925668265115,0
-0.1360201007227433,-0.05922361786825522,0.08066427017980328,-0.03493247711984504,0.010489111648026739,0.10987429621991984,0.0823923488256823,0.017320733448813172,-0.035224867957122014,0.1942954393880201,1.364905335503668,-0.07784883142744126,0
0.18085975128552179,-0.055184071243758494,0.0700032159930118,0.10787442697388688,0.21472034296800013,-0.036254159721457596,-0.08084247686613444,0.11238007378957801,0.06953792640751769,0.276317570639406,1.3699144674066501,1.2776735926943676,1
-0.21491904757181857,0.10956209062351868,0.06800416354426753,0.1276815544057961,-0.02319638953596817,0.1863372301645564,-0.19782872687353822,0.06808628319751567,0.02244806946671357,0.04998182849716429,1.119397442830998,0.03377536839033657,1
-0.26850855491584347,-0.01568675867198375,0.04029679489884837,0.08367349651272232,0.043443038989790156,0.0009373792215457699,-0.23789714323691583,0.14527533340244342,0.015165946484155812,0.05111077621291324,-0.11114787621386579,-0.4904178575774749,0
-0.15421600991854817,-0.044031710894986274,0.05622030852819378,-0.09500842571428192,-0.0419143684927768,0.19556094374572275,-0.04414443685702585,0.0725094006061742,0.001119877587275872,-0.0722388626691958,0.03941614537907112,-0.511862016758245,0
-0.04133678878509295,0.11587538815366732,0.07901752806482516,-0.20874330298718438,0.10712664807238104,-0.07132040915357288,-0.0023737116988667983,0.1613792357045019,-0.03883809443047123,0.27480130242632494,0.8101862010919636,1.4501556425840343,0
-0.30156069353557047,0.08345806051166813,0.03690537002477785,-0.11891690916213987,0.03404994413401663,-0.1036110549059358,0.3111202293046925,0.02528733770891818,0.013012869184522158,0.17316588861569307,-0.8743063119281789,-0.5502202260877302,0
0.2272212001678932,-0.013414751035392428,0.027417129726882854,0.08040545136386196,-0.1422851659783871,0.1111960407088661,-0.26467297006055757,0.17917684796326427,0.04319883203933968,0.0643637943216048,-0.589102269685603,-1.0104304706513383,0
0.10973354675330016,0.1371680877909433,0.06691582980150029,-0.20069279597034578,-0.13846090115962328,-0.04700001693667337,0.11182027127103883,0.1024562573145538,-0.006657843209943511,0.26655739145481827,-0.21702142212992226,-0.3445879051058063,0
-0.036906382049679,0.04253325365534437,-0.005711593483799465,0.0977304962149736,0.14534348775525507,-0.01021251499149485,0.031781464693685146,0.09782691868086343,-0.0012686219465196935,0.08921395007675628,-0.7198731009153952,-0.5405759980001932,1
0.09940904609767032,-0.03258194686843677,0.0645747203191311,-0.067262770172823,0.2102653514792529,0.07654969355898941,-0.2515345956478149,0.13165254406532426,-0.03132310371084161,0.2190573390705219,0.9263860589099264,-0.6814442416954778,0
-0.007080063401130932,0.0871707537865932,0.03090905437807669,-0.17460636047183048,0.20760307453065163,-0.00709208279609197,-0.08638540954432941,-0.011941217759445365,0.07798872940024866,0.2514564540081018,-0.23858631178712097,-0.698028498345523,0
0.14923251054850023,0.04345311181968059,0.07984669842615016,0.17104100328187294,0.14054374605000547,-0.08008053134991876,0.1389776190298902,0.19852387286369835,-0.0005522074774617983,0.2211916720622071,0.5523573743008734,-0.49075035822920166,0
0.06216786004216296,-0.03599245147544128,0.0354665943388308,-0.18891784518731608,-0.0037060515231530367,0.17173028118908779,-0.13307297044684177,0.18882295165863475,-0.03523182419366754,0.11364071807780349,1.5669856549674368,-0.27534431766828305,1
0.20294411510084415,0.1819295177257882,0.050249392107890825,0.12075474706009526,-0.14744710545175424,0.0228412112482321,-0.10061673196921886,0.15540405106882454,0.03804940775214992,0.08863451783101187,1.5288415159693451,1.0970894723644984,1
0.23440049872213303,-0.03495361750067503,0.02347781259408661,0.056502270692351364,-0.024925143827168317,0.1006994729366916,0.18140737872648982,0.15654650582591645,-0.02515653036555365,-0.12588319357111988,-1.150823077811587,-0.9661339135343355,0
-0.2338588439811296,0.01811384895782954,0.06828237976900582,0.1910967702174084,0.16533570837235811,-0.10731470676885314,0.061342054119810696,-0.018463210332171076,-0.00024084538447876475,-0.0039009153679396558,0.0355006937158624,-0.07997551995002272,0
-0.1592171614003207,0.09709368682974895,0.07840085383672563,-0.18493124118277643,0.16292546728786,-0.0413465402102733,-0.1788624271741715,0.17515186076078249,-0.04767342639948993,0.15148653157825806,-0.48355727687263483,1.3280423382981488,0
0.04341329972253738,0.15068466607549486,0.06666352954852552,0.07970680898361038,-0.009457479927771822,-0.05674938316526353,0.10051120630310256,0.06887950626768377,-0.038020303302127356,0.2579055446910893,-0.009135321927281836,-0.7424540591942498,0
0.20448508867686238,0.08107739500618294,0.058532346952627115,-0.14540195267542028,6.668555732808334e-05,0.08926747432698831,-0.12221092433486944,0.12296248641035878,-0.018271690433091035,-0.11246093352912377,-0.9113515256738828,-1.2838472613611587,0
-0.17121652293322984,0.12670808633035235,0.04369932781011117,-0.13476653257558172,0.06480204353001442,-0.03873951866910719,-0.021167152359397923,0.17233337371913954,0.04333669950757704,0.10683731578853764,-1.2371521734873794,-0.32666266829624235,0
0.11916246278693932,0.07884575023398846,0.04851654164350304,0.2022801189270388,-0.022215442929656798,0.13676055653344485,0.05609272966075579,-0.00032358294942940596,-0.041198641547213435,0.08942675512152973,1.4250886544434576,-1.1147548457609724,0
0.08920640858786377,0.05145600469492881,0.040674369619122824,0.05492679665138017,0.025402853070021214,0.1601349067300059,-0.22353985109444774,0.19655753531539308,-0.04366447012113184,-0.11297273007031124,0.2551156517595252,-0.834531376697267,0
-0.16236197774009045,-0.021990320792598585,0.0576706910902955,0.03479863395198435,-0.1345835417778719,0.03285433468530044,-0.14679301508114354,0.1933527989125748,-0.03421759191013987,0.08051746780868266,-0.8235768613351314,-1.5256425547830568,0
0.2359215262372703,0.02364025407279259,0.05995849846356137,-0.020777816151567957,0.10147424607870048,0.004033628049919247,-0.13601389180684653,-0.04042220567100374,-0.034999898138121356,0.2598249857162649,-0.014756064548456127,-1.0912551618078674,0
-0.009217148417439813,0.11449711034711268,0.023979086842626823,-0.023939250220488872,0.12428509534143223,-0.03812613464577688,0.03721262149814042,-0.006979673730966696,-0.047517624213734115,0.12626961308335208,-1.2945033611205248,0.6947882582010008,0
-0.2089163226572082,0.12067219571433513,0.07804689224516774,0.06255028702074444,0.2211806684917248,0.19584796029457774,0.1965785025731006,0.2017053292391833,0.031483958908278334,0.030403432871042496,0.0341542487088331,-0.45511137770362264,0
-0.24958869144709794,0.014246601951641152,0.015634789414667994,0.15161391256064605,-0.06777180354988438,-0.014761735087084074,0.03283845242331668,-0.04240457944213383,0.0740334155897229,0.027429861150461338,-1.1452147444748637,1.333401689727572,0
0.14505316008543895,0.0949527001282306,0.03415721633166212,-0.06975874443481,0.19645537573962735,0.12816315898169525,0.1482312944829972,0.05540186081868885,0.07656179718344731,0.13609725451288532,1.0305306264981156,1.0979236156806593,1
0.2010632037211076,0.12076595589846956,0.06161384549037388,-0.03085552848890591,0.04074152799075825,-0.04907978282263188,0.07718833019912902,0.035283226548808944,-0.003832068770741992,0.25426670661650974,-0.6866703540360076,0.6129745444084584,0
-0.1512932992219621,-0.05252055483402482,-0.004358777039964725,-0.028509319139840533,0.019803481256685324,-0.009817884540336635,0.1196716271613868,0.06580501094880675,-0.03850607458804311,-0.043519859799466265,-1.079402507151583,-0.15482258625640588,1
-0.19326125653372647,0.11116998021682514,0.05516721265951201,0.15420424417806144,0.13934341171579567,0.05584381829675006,-0.08652185335396664,-0.06099589405995452,0.0341877260250716,-0.07247600033607857,-1.2530132342039237,0.8315126578373382,0
-0.21280281695836373,-0.05159990233340632,0.07817610469939203,-0.08057864949268645,-0.004361502910032927,-0.082822799989317,-0.033577557436824335,0.19454871992607733,0.040135200281192024,0.01887672515334643,0.18752973574195342,-0.6096710651045393,0
0.03786700455935588,0.002486619946452523,0.0057645357742993255,0.0843841548837922,0.18409807885575624,0.16750759900013673,0.2196162300083785,0.0777721473674618,0.05216294291876053,0.24341400059895532,0.8410721594901667,-0.7288706094774011,1
-0.19565969099826958,0.18332746301140931,0.0763759571078228,0.1291766364325962,-0.04297594347791876,0.18293226795591055,-0.2505663592534765,-0.012809878004719999,0.030348473659798175,0.17724873667261973,0.058939631299210093,-0.065081579589777,0
-0.08857476735582362,0.051301779614342735,-0.0055836655067415236,0.1552949691105195,-0.026321732260552178,-0.04672135778258659,-0.030606613479916916,0.12535936421833788,0.06257618561022169,-0.10936047688887707,0.6571203949866595,0.928525073472515,0
0.003256905570134694,0.02960644843217225,0.010066130124749072,0.2107917980720292,0.12460273830729701,-0.04104522012552718,-0.21466793537822215,-0.009837023776012248,-0.016479454682008565,-0.1611076096680324,-0.7850415923504821,0.11878745285377379,1
-0.09607378763532112,0.05894349680363345,0.03330900484147828,0.14060083783799088,-0.05955723658358866,0.16310103535345816,0.2582328594085951,0.19126412206187457,-0.024948539430961286,-0.09428913459802821,1.1304204039165764,-0.3254301213580004,1
-0.2636373398648776,-0.04154769695724784,0.0470082268071907,0.1302301876321788,-0.05762126355486849,0.1772678679498066,0.19096938143924214,-0.042050004663716084,0.003762372122399271,-0.18247851847537477,0.9076272979664404,0.17445358809636757,0
0.08107115631316442,0.10681567872340664,0.017862899235154984,0.18470501665686662,0.20520132071986835,0.11807319979019576,0.0039742627948905485,-0.05007394873582144,-0.044316474176350124,-0.14768656392447765,-1.243017080913313,-1.1495048789278264,0
0.23131693864796593,-0.01678049152722144,0.016986214161196042,-0.1870698188321935,0.23143663113046747,0.1307105432595417,0.010796243452642906,0.08966227488447015,0.023409322338323546,-0.0900172103304333,-1.0204844184099078,-1.2485825307597285,0
-0.17097745777572018,0.07632132770626088,0.01995325127047922,0.09821459802874499,0.06472772137353991,0.05485790026433415,0.2832255038864848,0.022721100886851045,0.0326822015873572,-0.216201089674249,0.6257103403037656,-0.4499846090819781,0
-0.19321632270874034,-0.0591335334126148,0.05616082670297412,0.07021050833637377,0.10331331722804671,0.025935837707210224,0.1026036645182245,0.08854360022391283,-0.017601854870571733,0.04117669011409883,-0.5197865184756132,-1.0901663508760688,0
-0.06408966162374943,0.04673593362144525,0.08135554774159327,0.16818629410492503,-0.06419277737878828,0.17017811842765135,-0.18762806780592278,0.1631268263237592,-0.02465166922272916,-0.005049869975825766,-1.3591089211728211,-1.030330196313556,0
0.1689759074401243,0.06102365983268104,0.0020455235476233864,0.19271689807282277,0.057321414019525285,0.16113256763768152,0.23564568067094327,-0.058662833520454344,-0.014310392047016632,-0.04905208823743451,1.1130977721877466,-1.5047293711458576,0
-0.08962893054234877,0.13895748901552243,0.007693553769975974,0.08651806699273973,0.022126716844091177,-0.08594346008651815,-0.16481422185524153,-0.025240309038913826,0.030709274801532183,-0.17289749313295574,1.4324284832684129,-0.6939092172796432,1
-0.26682634551327805,0.15687766880848575,0.07906330581098368,-0.1915644806129983,0.21610902550415378,-0.022260812357903156,0.11734570960905838,-0.01630664701581426,0.055794291441852384,0.20151528213215633,1.564523686816029,-0.06747087264405449,1
-0.2692380560454346,0.10078904217900964,0.01676086378026186,-0.15685335213161905,-0.10120402429462394,0.1781535536291236,0.1282799959372421,-0.0491893829925312,0.07695124776092734,0.18459495807847384,0.36272242154059464,-1.1625624231728622,0
0.1040340905595229,0.10519081715859671,0.03401691166619335,0.006667974538502458,-0.14300432348970687,0.04520881144594899,-0.07052343665268337,0.0128425573166078,-0.01370378353506091,0.10576897865323129,0.9720786953079898,-0.3046969908406121,0
-0.22143779912764766,0.17482398774085792,0.012300538697581291,-0.03826122861047543,-0.08481080423152865,0.10698563762368674,-0.015015249151016485,0.04684750547596345,0.06310637180960613,0.16061334111279005,0.1680345408590349,-0.48903054836579263,0
0.23787677437659077,0.17350811850286169,0.05596349934127655,0.11140544136475822,0.19582534719494743,0.18665593470275582,-0.21986937024111536,0.20119047017296235,0.04127725586277489,0.0778825867823916,1.1104113633427086,-0.32356225716148845,1
0.1485674880396874,0.09992943163112183,0.01019195946132646,0.047894153830790154,-0.1042243345894227,0.04406228246537572,0.07027679853868057,0.10555927220464476,-0.029480106313955586,-0.1687920262832448,-1.2504470381754094,1.380721578791592,0
0.22168972105188606,0.13030556001028623,0.05968101306707209,-0.07033748646674687,-0.11588651630769467,0.164579210608308,0.02245538639077238,-0.03595485120679739,0.0199580132592799,0.11889959056587232,0.21523712485634583,-0.8343118134505596,0
0.04382061255621089,-0.049733612807937234,0.03126665419511232,0.13872604920429027,0.2353164603146784,0.005450726599694228,-0.2558481688603165,0.06780416280490131,-0.012859788313070532,0.22675188275254385,1.2323916560985968,0.6014800219172944,1
0.12437059973892245,0.02362173707737253,0.03934557600713201,0.180158912995672,-0.08087078647532221,-0.012012192911152395,0.245190073616809,0.05960039080307998,-0.00758071399346695,-0.19771931446835023,-0.07745296265640578,0.27874025858725626,0
-0.07966727308175747,0.008092026066274904,0.02548574325742777,0.06164750751772591,0.19273224557816993,0.09067518479564537,0.10657803303100605,0.15347096661752893,-0.026958057578968426,-0.06682725540447917,1.2443352164371098,-1.4877026204367403,1
0.260203859137952,0.020724294619078293,0.07003842271211949,-0.1736784728363408,0.02188243933634254,-0.00029654840496021184,-0.1507991980512506,0.035968014836889245,0.03471300580887622,0.02705539245353386,-0.938809293152462,0.8173287745945508,0
-0.03632373849610504,0.17966287379489138,-0.0014931907067531752,-0.09312031736650628,0.004859074890391696,0.07024425074171323,0.04855104529399257,0.087655648192979,0.06579019848871696,-0.0785036062448089,-1.5090124454955551,-0.7123617124150451,0
-0.03139185926876564,0.013440422168657332,0.01957786431759672,-0.0457138707607824,0.1421506893684389,0.03791785765485059,-0.17844228371507223,0.13839555139527976,0.036248248242729195,0.2547681309976134,-0.7629571508638426,0.8642324118866946,0
-0.03779370133539289,0.10634753655467524,0.03156846837922296,-0.15166264556365167,0.23050079324639428,0.11223896606191952,0.08484723492463381,0.06476792169911597,0.04234373976461786,-0.15332288891974843,-0.9836168765168604,-1.1363511230921293,0
-0.24046048893095062,-0.054300922292033725,0.060605667442796884,-0.1138475591185229,0.16926751935945217,0.1683909216953539,-0.16991337694180686,0.12491001520941447,0.010486274862462883,0.2397449525226508,-0.6393432851899412,-0.6223937380387798,0
-0.14378071380984755,0.16063526366798017,0.012505130877803226,0.13996872310665204,-0.08323413102755212,0.08875974612216153,-0.006367941751407036,-0.034871275598582885,-0.03193220418844467,-0.07654668882566718,1.0746406584724448,1.4873051897642828,0
-0.19508905907451896,0.05650902469341193,0.0007738577785390555,0.09271959730294405,0.15394463054674273,0.16505894024707013,0.24527839051959155,0.02681516010718006,-0.015617920212160907,0.22864449668570616,-0.5426835043856559,1.4737712105135612,1
-0.13249288466773232,0.12571985423287232,0.055003595867696306,0.20732847446856822,-0.01777655474392026,-0.023363546408125782,-0.04854711348255744,0.14431688213425353,-0.02072198514000844,0.2540284320686744,-0.013646519830766701,0.4853496941160029,0
0.1617906086279925,0.05714557492745373,0.05928699828241839,-0.05576899606013766,0.16092244083390767,0.14382428077643,0.06028932830345052,-0.004848488107686205,0.07517433392476047,0.25364730838019367,0.8661087230378499,-1.2180084101810347,1
-0.024332863677546,0.03197253537202567,0.03378282774262166,-0.19053344921764073,0.057278057028814916,0.09572588496730083,-0.2040964996770972,0.005054229599913154,0.04358127141744522,0.17753824162625712,1.1184524982860282,0.8495562107452133,1
0.16992334598810527,-0.017574464432093165,0.0038513595153423924,0.09832399897696259,0.016403433806120193,0.13467884311519834,-0.10391691481050541,-0.00615844210163994,0.021712486947608356,-0.1590113311287471,0.27942009238545484,0.04939276821053018,0
-0.12916334945434937,0.12698633233530462,0.002930957685690884,0.04872183077197717,0.07138896782568735,0.056647623853485235,0.012841852119695685,0.11300990173597616,0.060152537515599444,-0.1358266916108939,0.8584109647548399,1.1007645028623678,1
-0.03619087485425204,0.06509974114130171,0.009908708949255121,-0.17203173130709926,-0.13045355538228603,-0.09615403942366908,0.0645659491890962,-0.021420960917121208,0.05468412804455558,0.22981714445748117,0.009918791967362894,-1.2872271813640186,0
-0.07778633240397492,0.15526322532568676,0.028272449906777217,-0.16414203608489003,0.22970303392216573,0.04491663670279536,-0.06929346925443883,0.17376464389616345,0.06974223488316457,0.030278779224692604,1.5072397051271718,-0.7779325334619133,1
-0.18696546964701094,0.05700500367235874,0.012800409841321796,0.053090369068555965,0.14071707861239097,0.18821752764813016,0.22028311279687735,-0.03975625072133107,-0.021074284018276598,0.047589243619081706,-1.4931219937917035,0.6397329856814331,0
0.12021907128836629,0.02765751630582368,-0.0020308209817701296,0.005165771209816206,0.22674999879987,0.09947996415708596,-0.17558678891617968,0.07346090809923556,0.06648434171427856,-0.18931152725070577,-0.6171893021897662,1.181722261908204,0
0.09109052103018295,-0.022917587392388562,0.07435214912765638,-0.07370293229370611,-0.13962572957796385,-0.08212543203371439,-0.002598146089009601,-0.051960297527196185,0.05098587983640254,0.21337905392556092,1.0985558414949608,1.511163467336125,1
0.2500980228766048,-0.05210335432885376,0.05779742548160244,0.2124177682971452,0.1554555350118242,0.04664982362191453,0.24474404810668804,0.1246636706271411,-0.01080767101820259,-0.10492297254386247,-0.9063930491573883,1.5010542048737017,0
-0.12375934597174798,-0.016156167248580704,0.06872293551994157,0.088098283738899,-0.028945221679114647,-0.03501066606177665,-0.19331815097729566,-0.032781172515355124,0.03144003062346577,-0.162233182211667,1.1214779897090723,-0.8861132274082113,0
-0.29794991882273775,0.14887062075159893,0.025345651774685788,-0.06495449815256998,-0.11314969125220542,0.09395339138624223,-0.05978645743289118,0.15508917050791415,0.03209210535761749,0.22036967340896677,-0.1676863930310255,0.03826535974182521,0
0.08680411278018957,0.053193464689707703,0.054501827180702775,0.07059787180395949,-0.157455628867744,0.10561138545322174,-0.11573000354741664,0.08073984602775955,-0.03378443636880317,-0.20480287958269583,-0.7129880980056312,-0.16579525014009966,1
-0.30134142810625764,-0.027247376994005465,0.04274258206538778,-0.04072850341990272,0.22815118776408483,0.13918478718226443,-0.18252828043987662,0.04767766125191214,0.006764849323128548,-0.03655070639359986,-0.08236925924886163,-1.4476694012333733,0
0.054881796961044504,0.027493600761550274,0.055988448411179836,-0.0875628896814804,0.170637321091478,0.1866752409190628,-0.0968703485980971,0.14496004505996624,0.05528304037760706,0.027281303534805568,-0.2614607227726997,1.1620995233872444,0
-0.0790102528664923,-0.008812002467763667,0.04886977766413124,-0.02522859007366965,-0.12544110434109962,0.19256361579799197,-0.12585978062746556,0.0725802267132423,0.036744051336009026,-0.15912104186791454,0.9762220823286352,-0.5013183832711425,1
-0.029520437374305653,0.06920819889610944,0.07866687076606317,0.17513360407298523,-0.11577727496996781,0.00497762674875718,0.03167063640098594,0.18073362605825619,0.05568106645496816,-0.024460795281843223,-1.3264877428189956,1.1763551931868304,0
-0.15718772170658146,0.08907817550116334,0.024284540523421636,0.05317694592946354,0.0020771337917054045,0.1352418675648271,0.2849722332612993,0.008944372263852682,0.016791762783207154,0.14322347626951762,-0.08910122414204147,-0.8020726720823582,0
0.021658380135740396,-0.023022316676230205,0.07080632098957007,-0.02955612429240065,-0.09018902860590458,-0.04790561351043655,0.18724742444665587,0.1848957865185975,7.668626210086127e-05,-0.1771132083516265,-0.4951308803825174,-0.39692423967669144,0
-0.10007772616879909,0.04431099328188268,0.022572474308527758,-0.01313800389269601,0.09466025871115435,0.05756539624687196,-0.1724170068402096,0.06737725901870018,0.010525262783324683,0.05455830083375354,0.21015764727277708,-0.9614911958946243,0
-0.00858790894359529,0.007598900356705546,0.049086025100457856,-0.052362947274417815,-0.07272452920863429,0.0927248474438574,-0.039457991263041586,-0.02085565352943338,0.05469735062815673,-0.0019956951409343116,0.9554292549215837,-0.755845725148392,0
0.18994924044221312,0.13926733152709891,0.0014030310330980858,0.014823245904856591,0.09867189360764456,0.04363745140563352,-0.041567924716508026,0.18704450961017352,0.04099799223318712,0.263020173116706,-1.1580164233524641,0.43438748636234137,0
0.10349276138888658,0.09789382014190215,0.07249824014921907,0.049373212663471444,-0.13030413938436258,0.07020215561023016,-0.20796649532951741,0.1884880001732865,0.03412829151979521,0.05947497694626905,-0.9524473254547496,0.09357391824945926,0
-0.11626599727428685,0.1050334611314849,0.046850241393297465,0.001137334525958933,-0.06005382515123606,0.05286873965148792,-0.00021327151550681878,0.16256487151770704,0.06554746719987137,0.16049887427290702,1.324968009398077,0.022997295922238203,1
0.21804896868302776,0.18216869447999318,0.0035010682606392285,0.07989775291725287,0.008198445634221063,-0.06220541899580492,0.3103234561435724,0.18423807621183874,0.07674558230944914,-0.14482760737535955,-1.5509775122110097,-1.334504743601015,0
0.07453940151094884,0.046374496762486464,0.03888525567150698,-0.19362174676137694,0.08197925289529528,0.1547491110091287,-0.2658828106263007,-0.020233667010017393,0.017804109305876822,0.062113689202759476,-0.5686586508408706,0.7837322123938717,0
0.11379965076005144,-0.00032104284083898926,0.05049764000570975,0.026434006345096794,0.010451627396335234,0.07255901557936709,0.13487363991228518,0.08878410372648002,0.022819553455167882,0.00014732837569067514,1.0759186157054799,0.8101255425187082,1
-0.05342649910646552,0.047451957727615485,0.01106957812478699,0.09647845560638768,-0.1074759650774948,0.16969531440627944,0.09423758521044218,-0.0496019606261134,0.03569243861198379,-0.03684966416536764,0.0549664673957444,0.5682351243929993,0
0.17249832384790742,0.07883564440829027,0.07543264886944455,0.06476031432903373,0.18633848604852743,-0.05868726771225096,0.25595045349577183,0.11240967688210796,-0.009434758954205154,0.27887000847545984,0.5177975521902385,0.640661337594328,0
-0.30954835800700115,0.0750570376720966,0.056668303317229454,-0.20413308061291963,0.1417741013508727,0.09121585756176323,-0.10843548897101313,0.1196428731352917,-0.03130195997365602,0.19264547785183508,-0.5268518746287203,1.0253602850771768,0
-0.02166784791709181,0.03844541354411718,0.023324937263237592,0.15906963409134972,-0.03941562870581551,0.015379422964015343,-0.09387173598392304,0.1111198206444344,0.0553835802789943,-0.13468587767348097,-1.1369953112264288,0.4895745505979854,0
-0.22086590875036116,0.03962141300413606,0.062420206582914056,0.019023861941165843,-0.13901834563344356,0.0831741338689726,0.19291957593991338,0.04151080820179652,-0.01682578243838789,0.1628252561442727,-1.4969622180176494,-0.6948500330530928,0
0.14859580993266647,0.15682620074264927,9.218481424702954e-05,-0.16438630177872818,0.1853977784332771,0.03746938819599521,-0.04036641498527782,0.08906155276304292,-0.040476207824918765,0.10317359052291727,-0.20906196770328922,-0.8021551521393292,0
-0.04628066342605419,0.17458461545562484,0.05448751835084284,-0.18586071683040187,0.10514997887226818,-0.08930190273114694,-0.08963773442765888,0.10027058084252272,-0.020555029301854558,-0.19727745804435756,0.3223662491160306,-0.5014559788871009,0
-0.0070276062132310635,0.004117755973473525,0.05429795743605964,0.16870944378519054,-0.1258400133445043,0.1323589472395164,-0.17713312524320518,0.024572154810270544,-0.0025727346524303182,-0.11385909156151795,0.6028591704536546,-0.059948527750151026,0
0.14249694132004015,0.18334317746103093,0.07683345297454527,-0.026199069022033505,-0.10730354034300098,-0.10424839555512096,0.040207493133661454,0.1650241814510845,-0.01392181570801524,-0.11751526208530166,1.1914247882945188,-1.187892497645359,1
-0.0536582921258954,0.11656301970836422,0.03396654332486068,-0.05227522904684781,0.014439732947054223,0.12689290233790365,0.16924272768043835,0.05163580865637718,-0.013958137483011904,-0.1471940018853049,1.3200574850945872,-0.2891167736425859,1
-0.21830102795605605,0.10857847176560537,0.06623759913003499,0.10159689548192452,0.12620545925429055,0.19581124050213067,0.28976963063367367,0.008557784635340362,-0.029500586592966015,-0.14016252078227917,0.8092298753517342,0.4075336126362439,0
-0.11763515969637475,0.06969945985338258,0.04767118010469032,0.04190036362513444,0.1512152952501778,0.06688611599891656,0.22519010260876432,-0.04015411271166886,0.06106019424583986,0.07652221031483711,0.29897726194227947,1.5191963707272438,0
0.2263082876406976,0.14653095490234633,0.0747442078996977,-0.048393266574928984,-0.06992559311921594,-0.05171652981483268,0.2383394236055434,0.1560508428721302,0.07653366379759927,0.2046604550194078,-0.8547482203818173,-0.8268122287033592,0
-0.21819073411740136,0.055899334360108424,0.06168643564079941,-0.13668962077310554,0.20232755280914522,0.10108215144684496,-0.08669726553781426,0.17168593283934047,0.028034120146386204,0.14755317577304497,-0.4067882836384433,-0.5706932584982138,0
-0.30551455670032013,0.07154010043420006,0.061050918415093205,0.19962158309967082,0.1931071921767183,-0.080975322031299,0.30014530483963464,-0.023005914191280355,-0.042692293873696066,0.1553786233489983,0.9793079122228938,1.2999747751160384,0
0.1604794507533585,-0.00958306220699269,0.005951174777342656,-0.18501183527682027,0.07028168922161648,0.04111737587351866,-0.20423333692445392,0.060380121431400036,0.024062546522873776,0.14249022390541974,-1.5484030453521942,1.1145277038998744,0
0.06910181159758072,0.10718641293926048,0.016523171510145478,-0.20156019746286866,0.21427252891873338,0.12289235587494649,-0.15107622924401817,0.08704452811945593,0.027566915873266568,-0.15371303122987795,0.8379451737508334,-1.0467625108905905,0
-0.021341628537662805,-0.012863109402766158,0.06439052935973043,-0.01100961450926724,0.09262646586622753,-0.016757791137799044,-0.23397810451002665,-0.01891694180213529,0.07553128307801396,0.0931865891955371,-0.9515253282872421,-0.6554333425169679,0
0.12634060347076437,0.05864063497888805,0.052380073864446444,-0.058512282066976895,0.08568140405847482,-0.09664646652301018,-0.24110776154006244,0.1487011171255417,-0.03211840104656504,-0.20928764573592842,-0.2044637551166275,-0.5585871566487954,0
0.021320053542714656,0.14487220867684603,0.059698861119113905,-0.19022873642043212,0.06196009670503683,0.05776633778704515,-0.06483072334895826,0.13672961096746586,0.07438558052403177,-0.14319497328350667,1.2073770603313585,0.8257894457057302,1
-0.052085064248335255,0.13422665961077715,0.004777496212523647,-0.1930908097104556,0.11619015893113194,0.1959303461333014,-0.21261926352376392,0.1660214613336809,0.0009697566975564176,-0.20789555471564009,-0.8618563409911136,-0.2458979379795203,0
0.0850051238404067,0.010618664034835593,0.035707624967485016,-0.12515307853787683,0.1677212191718811,0.17479617230066202,-0.033999858566830826,0.056163285073684927,0.07675507103783151,-0.14571119559493903,-0.6215590454342251,-1.114969547464813,0
0.19246414543616347,0.01173879227102785,0.018859523095780525,-0.07220278722064247,-0.1535255238657628,-0.05568560556441584,0.3082887337934531,0.0032960566047602335,-0.04538136790970372,-0.078019769091242,1.5207459969949737,-0.8687670731715068,0
-0.2734207939802386,0.13305973551431025,0.06692638838820114,-0.11982851762855312,0.15597002420199574,0.0027430451270270967,-0.02255199473887226,0.18507350608780235,0.0652388234372949,-0.030103361746792456,0.891529322258662,-0.26277564538214704,1
-0.01708333742984469,0.10662226118189369,0.0003816481341848577,0.17891429865274305,0.12447988858029135,-0.07799748721823391,0.23557739672740907,0.13411704410671837,-0.008184822178457264,0.042499035994340434,1.0296818220716368,1.136130812247073,1
-0.15151768934734905,0.0989849623880315,0.07008145760394865,0.20779838056492034,-0.13211328601095398,0.04612053963627741,0.23828488521977387,-0.061697516329687584,0.007559553192098438,0.07364215852130676,-1.0306951213451594,0.3521506097278746,0
-0.27516688813783274,0.13183868350000766,0.017680203266572058,0.13849529959852652,0.005958303540674781,-0.09441991447364252,0.2905320871568896,0.14386551333579078,-0.0037841529477937383,-0.08224373195357504,-0.21461834656206658,0.17049614477793784,0
-0.14630371190642338,0.17151264678641512,0.021967691460853093,0.0877107421370184,-0.008987659927963243,-0.08156678567660114,0.2744812221709376,-0.01918565990673729,0.07193538496759104,-0.1649673148234994,1.1759475812153803,0.00011371490418832231,1
0.06500704149864239,-0.013340300746587375,0.04573184644728957,-0.13368147306747752,0.18606651985171135,-0.09231197088989994,0.0392002597509265,-0.045748642157224836,0.04026244494249093,0.248098696200199,1.2431370464442761,-0.05232805850133082,1
-0.17685639745169765,-0.030017275402648,0.07129615797243022,-0.17565207491343568,0.08883277024913816,0.004524745218284498,0.3089786228707896,0.07201389281922585,0.02171149818663376,0.2392128616048035,-0.14057670837536596,-0.6224444026487823,0
0.14396230195303777,0.09513791393199872,0.030776960111704724,-0.1857106769457876,0.12403250431691976,0.1061070511450419,-0.1999384836934618,-0.0016962410427027938,0.044969635564424085,-0.14194195540053367,0.679600171873542,0.39464396141757785,0
-0.11006341053979324,0.003395743639498225,0.02584072044141796,-0.058093100136454856,0.0801988240215804,0.119403089665712,0.23138810492220607,-0.05460184634160167,0.04426218509150699,-0.060333044173947664,-1.5599278512485222,0.5460182248399807,0
0.0034183775280918205,0.07416422831532446,0.02161576350870195,0.20024812062095432,-0.11778050693947135,-0.06590366844746327,0.10547643693785363,0.07346187027258844,-0.014357783723283134,-0.0652522937158716,1.1943143295202396,1.4890534151028938,0
0.013941272063766053,0.00014413197880301654,0.02769144271960187,0.1733526881388014,0.19097509964115317,-0.08643107050830545,0.11117334951857044,-0.022082937342927537,-0.021155412728659173,0.21257726806873653,-1.4064412465951734,1.3498374680123122,0
0.18855709252439362,0.11797127874436517,0.0624051396803436,0.12479254907948711,0.040695117979073464,0.1813476160655345,-0.151507370666852,0.07099367989543134,-0.0074965106031613105,0.19184863284617945,-0.6504609247402148,-1.18480530541837,0
0.13093834457863085,0.0165897667599179,0.013803364086029373,-0.09894994339907034,0.12238810251385973,-0.02002764594606432,-0.0343774370552527,0.08175663712072412,0.07143664947859651,0.17791404002962444,0.9427801129318445,1.3044764206554553,1
0.17183236774939553,0.12204721275009056,0.03890448210630694,-0.18042658483662144,0.12156274130514044,0.05061103038591899,-0.08816435110622506,-0.05990473573981058,-0.01859720547889894,0.08430581164322579,-0.609338991207995,-0.749523648784125,0
0.15743690127553883,0.01801185889032371,-0.0005883421142626015,-0.15088382494243038,-0.01841972012970075,0.1406307211340098,0.09969827927318159,0.16696011252181267,0.07824484219137766,-0.11571668749431535,0.7904206597889469,1.1800642272977664,1
-0.02967809201927285,0.019815364690865186,0.023068707236723506,0.07595185688450518,0.08565531161629975,-0.010350988014337148,-0.19885091238331987,0.09036986292277116,0.04589167312729496,0.06095136719827396,-0.5404539087514788,1.1613500841943478,0
0.13386482811810846,0.12139521931992919,-0.007087715321572085,-0.011126743252510785,0.01301697933146495,0.09147002529985335,-0.19514631548186273,0.10178620959703069,0.07221784507714316,-0.03177111504576252,-1.0117516221963676,0.7265768829733179,0
-0.2798288030090553,0.16744458082655547,0.08054714747971707,-0.20755524848559223,0.1964535243312301,-0.05444490155699318,0.05748323136483113,0.11678600035384287,-0.0023579082856411207,0.0462476859644366,-0.5272022701792451,-0.16215664198863955,1
0.257583994372998,-0.009832617768358823,-0.007094233996951516,0.1892475530194882,0.009774517879705236,0.0140889455708893,-0.10790770543070849,-0.055701956131832396,-0.014344962652711866,-0.021078011346936626,0.7095193389022942,-0.5166997925193204,0
0.19148999776818826,0.16251315982826317,0.02076614557005161,0.19570280829856185,0.18230251386854607,0.17546831946275993,0.14141091579491816,-0.01010422718997598,-0.023141476610895245,0.23462952662162886,-0.48661212131418985,-0.32637491337932434,0
0.10057618576338384,-0.007730096039157856,0.02690498878394151,0.19919913866069106,-0.15235700683570927,0.11047578970513777,0.2991377341985302,-0.03499336912804322,-0.013403071079745664,0.05519136472370492,0.32114304579206965,1.3226637785356783,0
-0.2785662481276298,-0.028517371837853443,0.026104413482306802,-0.07358907079947055,-0.07314262685728519,0.14877404075069256,-0.25193768618443074,0.15676820594026555,0.0690161752449327,0.09642297447434725,1.0344056789124603,-0.6998108192480237,1
0.013252263881661841,0.03189701899142608,0.012765781995642683,0.03665707279275204,-0.15963818759025686,-0.023191044198201408,0.11229755151670229,0.05779230675642327,-0.029432108784497955,-0.21557218770427802,1.2974984237170195,0.7949161797255517,0
-0.006120500187007327,-0.0275702954580185,0.04769357611796726,0.21234602891339516,0.07142888690864849,0.05344683510983281,0.0929563786835127,0.17007591710507575,0.07210130203051549,-0.19586615466771973,-1.1235359191328147,1.2565837106292175,0
0.13029365764052397,-0.04840168025792688,0.07393048976108796,-0.20125063158223047,0.07842804610277754,-0.023446253532203185,0.004919827675607558,0.054313852941978547,0.047096451858444896,0.03019821655695276,0.4716665409305658,0.5708185337846958,0
0.21831912595483888,0.13391080416975876,0.05886436147797337,-0.003760123300058177,0.1962698793352286,0.04084047057759854,0.27106350520041944,0.14978152588058138,-0.028846054881487296,-0.19290958166675415,-1.2999632290662482,-0.9710106092546746,0
0.03262443612031951,0.17832614356274895,0.04149215057024136,-0.06286870094330438,0.06355041460654073,-0.09884531679877726,0.06784914196793024,0.17609408904061594,-0.04735873635392741,0.20319756958911353,0.5898083681786239,-1.4417762243464933,0
0.1730158028009266,0.12651044273831394,0.03655631613212844,-0.10627824950071975,-0.04605566470907836,0.07926580652804982,-0.12490911470662791,0.023500139228055647,0.0701779905666224,0.14565286886856613,-0.7295829719120634,0.8625661420552533,0
-0.3094287566252607,5.917503481868425e-05,0.05171411993492597,-0.02466489532624963,-0.11545200860388578,0.13080773628089754,-0.24024874348429037,0.0812761802369904,0.023446101577301107,0.09932578034055592,0.896294230129296,-1.550876521820102,0
0.19719594988471129,0.166867782493286,0.03573383152212095,-0.20121470342861275,0.06984704243908446,-0.011136117128693904,-0.16185505170622327,-0.01785700488757455,-0.025167727089760544,-0.05206915666041015,0.7274525400888583,-1.2815972295087072,0
-0.028624534757223485,0.04468031420431229,0.005209358645465683,0.1603346924596749,-0.13840634039427274,-0.034441956580578054,0.09228433744362047,0.12317759304085302,0.053726567623344615,-0.012647418585882808,1.025677040429503,-0.46459273566365855,1
0.013124305667996161,0.025431743385067526,0.021759487252247994,-0.20279977069514724,0.2153118849205029,-0.08902784579865039,-0.11068641896025888,0.18111540051063357,0.045378125397656344,0.07063583693531636,-0.96736269526182,-1.3705052863526437,0
0.15111276612383656,0.001428521641347158,0.07879571814985244,-0.11212870316235675,0.0874611275902678,0.058842156839443466,-0.1846544671863844,0.03343504727661632,0.05120664606566516,-0.11074402441954753,0.41627363012799967,-1.372399759272484,0
0.046754561296096786,0.09126448761869199,0.03471586670081267,0.06710748845792347,0.13425935531722905,0.08131823912354177,0.05669352322694293,0.09787591295078338,0.00308402601536812,-0.18106028347900352,-0.46984732259506345,-0.42026900510040166,0
0.21910326405344843,-0.05323071556386455,0.0413679432825305,-0.10338353302395765,0.062273320480926236,0.12117517925176446,0.15827044887127995,0.12914659614921156,0.05090607840556213,-0.1801981590398613,1.1317490989542394,-0.7834016266805554,1
0.21571693038776013,0.13122050709082514,0.0017325634405516172,-0.10711012313190958,0.02010409409792313,0.18622881502378086,-0.2040078026957859,0.08765448597390796,-0.004612360008319383,0.10447565500398595,-1.0409328613810302,-0.3139215132369433,0
0.13801221476034048,-0.03726851578691402,0.06625784805004832,-0.12033315209642781,0.07329443880260395,-0.0015634893494358981,0.08551531258982448,0.008179827073300075,0.02427060703187446,-0.21215838803825843,-1.1128703467989796,0.22040614151466564,0
-0.04715747314991331,0.06212654663895105,0.048409089531964974,-0.02638204169018879,0.1831507133537303,0.015524220362422361,0.27816494739264286,0.16935327394734326,0.0055110915015307155,-0.0347227277450228,-0.4925478579915181,1.0720960125917707,0
-0.20613643077331967,-0.0007790205445503406,0.00524740214466504,0.11163539203194761,0.1227094628342224,-0.04984044817919613,0.043308925706743884,0.13955273099899482,0.07223188118033301,-0.1276466420859546,0.3090783692305592,0.313659076626706,0
0.04575397661391861,-0.02626769178189161,0.009531255346276225,0.11998239513308939,0.05447988992019798,-0.058585674133136846,-0.04262754797913998,-0.026968744200984406,-0.0018972432363020195,-0.017654881401093503,0.508957162327017,1.1900721982805391,0
0.1929617527139285,0.15674389719951184,-0.00779884127275332,0.06112301190259689,-0.12302362678676361,0.13962629064575882,0.24169857868670674,0.10051694063835281,0.02987677099632076,-0.031904104265001204,0.5095240440302391,-1.0796411980898475,0
-0.23604804651991576,0.10426332387962842,0.03465308915610335,-0.13486079438405568,0.07279362980994478,0.13510724530395055,0.07336930190866858,0.07752404365706858,0.0596332775878069,-0.21088959103614222,1.1011685843172112,0.7917141751128207,1
-0.20171685012458845,0.1791394732111941,0.028635182562747084,-0.06821090162050561,-0.09320205039009231,0.1968622620196232,0.22808750488013724,-0.04403002874560122,0.02386341276318449,-0.14308851418419236,-0.23006842932849492,0.9141580073489812,0
-0.24942985827987135,0.07620215101767208,0.0746606235701853,-0.06570325722051287,-0.13999643702461292,0.18082885819629474,-0.18540932801659554,0.06308385393619997,0.021189619296504647,-0.09858789042765645,1.2474707160539389,1.2886947470713046,1
-0.27262387000550337,0.06428631328100531,0.06842643758765059,-0.15635410108255002,0.11725308409040269,0.018360054154838268,-0.2471079911314035,0.07919281407892409,-0.015938313342797036,0.08408943473492311,0.39917556248006614,-0.8577177382547899,0
0.21412957990208364,7.347986167823006e-05,0.07730892641507975,-0.12357050169754431,-0.1321226313720546,-0.04872785515656773,0.2042737162037473,0.11663139577303971,0.07525184252237824,0.13597668927164117,0.7374279135127015,0.8438123017409469,1
0.23685979575655441,0.13335840924272213,0.042512481156114834,0.13914479661061818,-0.08922887135457591,0.16714492202342457,0.31116733535642116,0.1133482522443219,-0.023057590914812725,-0.1445594672236083,-1.4189392220276626,0.1968875865565991,0
0.11671298244754291,0.17171926664087422,0.03767841675521455,0.16534654441761293,-0.09565181882030456,-0.0517452488958671,0.029106942914292777,0.02539184436928406,0.006961288204266114,0.17982405268046206,1.2038169117673816,-0.17301143158414822,1
-0.2621413458197278,0.14696342929373846,0.01030043819311801,0.10074856179140596,0.07420500749611192,0.010123942544488493,-0.11261728143707411,-0.04733882791062898,-0.003078282498611931,-0.11672762984946662,0.08907338598133707,-1.1616541781335206,0
-0.19084720749686906,-0.00513662082573485,0.022884304368128897,-0.014357783364090465,0.04326022540207247,0.09521150770637321,0.07320870073038244,0.06483750019192563,0.002067154654553073,-0.0843481135668426,0.0498958573952073,1.2679028233648275,0
0.1745938044401209,0.08329712224459174,0.049532111396592846,0.005146246645735958,0.20748928447310028,0.021097872640407134,-0.02031835123580142,0.1736043235171769,0.028830362792182748,0.006632896149254497,-1.3507068195704,-0.9568296541513074,0
0.14697514885915874,0.008580925676575854,-0.007512005982910017,-0.20171341694045636,0.22722264186568758,0.06326957415681375,0.015607382553681215,0.18017838887773302,-0.0032930318851968066,0.1782365576327963,1.1118386644251428,-1.4013337534439911,1
0.13160045307370533,0.17577770103106716,0.010183079393146489,-0.20253827959355722,0.16508965136197012,0.015604268042524794,0.04766688679104303,-0.003707617553725194,0.058881161434025914,0.14162270362161186,0.854919646071419,0.1585404204933496,0
0.24743553982218786,0.06495110411587193,0.04839503777077778,0.07504105785066312,0.03378229698493704,0.06416712730100874,-0.13822256348535886,0.03328588157892244,0.04114672088183147,-0.19688062459104785,-1.354721235556379,1.2208837566503405,0
-0.15681893403559913,0.10944347320799894,0.011485017984906,0.19660275702513025,0.23208265805491224,0.032233902833485845,-0.03510989569455178,-0.04163299016379292,0.05081666983691188,-0.13548563746110015,-1.0804699517425267,1.4202119449840824,0
-0.24253434612751298,0.10688974668177148,0.03428125260091999,0.01882429406595948,-0.08901906478120879,0.1132020887039426,-0.17104420915586083,0.17156439848687277,0.009683110568863881,0.09878334511251499,-0.9949393140316901,1.425491492318644,0
-0.002505295270693042,0.0385972563293369,0.03393103067580504,-0.06550102754879386,0.21446779996274917,-0.030376628654614615,-0.030520226917598203,0.14325062437234073,-0.0016877124248520572,0.22369336429426498,-0.8173868993588785,-1.4030739207529552,0
0.047918718237466684,0.06431723062229733,0.07669305353662287,-0.031064858737928108,-0.10643171151902903,-0.0069215555794663736,-0.039860840267312486,0.09166304901920574,-0.013084952694245117,0.05682886135408702,0.9461364043178071,1.1801520233682565,0
0.061008048425214845,-0.0037381326095922915,0.06473125505334912,-0.09593940394877469,0.06942409514257505,-0.015920126107788757,-0.22847935040677525,0.02199477482415002,-0.021009867017772632,0.2267016468040168,-0.10990054791897008,1.1494243656772454,0
-0.030327585227208742,-0.005646529235513398,0.02750287542909365,-0.13239637880898597,0.1699308336426003,-0.07091512198346037,0.23820498789116284,-0.05039091242649457,-0.009899826159277945,-0.1468170624485033,0.8538355068347692,0.39395723874698074,0
0.22608187499551463,0.029706024613735546,-0.004332805651309341,0.11204426075474355,0.06930448179834836,0.1449018300196182,-0.020798788430515552,0.13266224609260946,-0.026206675672552263,0.27971998042789625,0.6445306867080942,1.0372890795265814,0
-0.19089127500341735,0.13113006765166596,0.07017276110787797,0.1606517959903635,0.028218961864886566,0.02329958715558786,0.21520055357512274,0.0906998505051842,0.030907047451584124,-0.09909416483493605,-0.4686953915261056,-0.2824413882506305,0
0.06889665875683015,-0.011635025527911805,0.02881117095197953,0.14885358299728058,0.05621860870083681,0.16583133580110726,-0.13288467612451835,0.05378960641594309,0.015574686854127356,-0.017472231135320565,0.5367493232538714,-0.6331056693114834,0
-0.014808241425366075,-0.02569434106425718,0.04910108052837919,0.14103967040594628,-0.15219299870670075,0.031878760546563495,0.01773721618410279,0.12792188054760084,-0.03842908769365673,-0.014766370016894043,-0.7198899559155998,0.21165664439086762,1
0.11738260283227869,0.029177138587144782,0.07551528030067989,-0.17724321729811693,-0.12401911268903362,0.053705440219801864,0.00507053521764933,0.10629529265530582,-0.01885001766053484,-0.10407524271045586,-1.4339052500904312,1.0072472439092628,0
0.10444467033667831,0.09658505145931953,-0.0004665172548089123,0.09068340353740717,0.18807495142940117,0.1416105632819666,-0.26236976878448687,0.08018219223307999,0.06795778821806107,0.08085015666148063,1.024465553500484,0.6768081509488939,1
0.08015472291827913,0.12838839913938715,0.07483398009743523,0.1729432758704847,-0.025794515939369655,0.07670394579034812,-0.20872833783416997,-0.03755418255046441,-0.03884155544467329,0.2438052465056826,0.6672393565405141,-0.6876204124452007,0
-0.06432866948126087,0.019617963987262302,0.04079546092522009,-0.20876040263944287,-0.009615140819643264,0.038714412320266844,0.197551083789902,0.12282088167900881,0.0598926204963281,-0.029514135731799618,1.4647353957615252,0.2779332586013257,1
0.23968843639797904,-0.007287862112303346,0.007835594853755033,0.18926982472743747,0.2159481060172488,-0.061986861554028765,0.17795366587516875,0.05110281039168031,0.014534371609174451,0.031213425623163843,-1.1355160243140852,0.9351690048156149,0
0.13070090668241052,-0.05811922484380271,0.04904774348692499,0.06597349111853384,0.13826935061146034,0.17495812696200008,0.16891219160471832,0.13106585531297782,-0.01571259790202919,0.2764020939603561,-0.7405983163542322,0.29700072861083315,0
-0.024859871699310088,0.03649699454447858,0.045872072508706146,-0.062139590012223106,-0.0651195933138488,0.1755781657303409,0.2696409152203004,0.06868795924178234,0.07414983505466638,-0.00995521018313339,1.0029144524017914,0.9962347685337922,1
0.05030840215908011,0.12626003071735548,0.02944606884699393,-0.03788395010737253,-0.12713102374830815,0.18739878600071286,-0.1355294714819814,0.06816483078081359,-0.03336860451477889,0.10477994879485183,0.48860466887169607,1.0551222792340622,0
-0.009658031048276505,-0.027958274715677495,-0.00705772651624657,-0.1201294654718912,0.12664636412078872,0.14523093154660965,-0.0698934853676289,0.07918032288339102,-0.0174599943520015,0.22063309016509644,-0.48032278778672644,-0.1389741052895883,1
-0.2617642109185097,0.04698762441195964,0.08190956639250489,-0.1129698623458278,0.10531828355453304,0.17880217724085562,0.180124931132204,0.09846631116901261,0.01637250039565394,0.2446339266313546,-0.0076626760260032345,-0.5953387906455844,0
-0.0654870803699415,0.12480507060983759,0.07511812023621728,0.02283908801202783,-0.03743357649220842,-0.09195868146211703,0.20099890300791057,0.10194346096993023,-0.014538112578065178,0.2191288736017795,1.4726344604235087,-0.8759903110153118,1
0.03229690361173404,0.17840953999188258,0.0714034567973529,-0.1658650822068536,0.22829285551945372,0.05990432637495058,0.2651296154145939,0.13852201547521165,0.03424217352706603,-0.054137546603185316,-1.4358469647374523,-0.38303256296386445,0
0.08065538430209013,0.15076721721210995,-0.007819933218122936,-0.12202119261369374,0.10634601147961881,-0.020987832381611726,-0.1854650979357106,-0.04086651168895572,0.03301319592481189,0.07893199137937387,1.1342852539379462,1.0011697987192656,1
-0.23432635350617514,0.1351855713682911,0.08169892153897823,-0.057588804312366876,0.18246697998152767,0.12510677897429445,0.26023736568686284,0.04968283137489031,-0.03505695291856335,-0.15750009661182432,0.8166159403775961,0.6381717062852774,0
-0.050593434012469574,-0.044989097591502644,-0.0019757926062227817,0.04311266306706124,0.20355749616435098,0.014382957213976894,0.10915851129238408,0.0807887509528579,0.06496651283449464,0.19678879493710247,-1.1526121999322227,1.1881218065044383,0
0.17340168015309937,0.16712226077202164,0.04553514792308663,-0.1355753411223693,0.06088463665827454,0.09559976588655134,-0.10974998638924974,0.19475502340116943,-0.018815750708750252,0.2359696912672262,1.5514440750687448,1.1827037487817778,1
-0.0011049531652687627,0.0935590660004352,0.0709092723196818,0.01857799852589115,-0.12284533152343065,0.1752177897936935,0.05979664853212663,0.009267505232432457,0.06612103555739099,-0.15623122954157287,-0.3367590552854216,-1.268317804979604,0
0.04570055360142322,0.0649763852418706,0.07632383860728756,-0.09883509316287262,0.23190690307885126,-0.10160986427387864,-0.19887807784668693,-0.013434824346015915,-0.037813082179557714,0.0012092152693434777,0.9677003035190836,1.214570649341183,0
0.11446320439466395,-0.05769647927161778,0.07057716984998859,-0.042323817746339504,0.12953284357401895,0.1142386043373046,-0.16472914244691741,0.07375158230026341,0.0695871442659438,-0.08570644995240681,1.3143583100770722,-1.4119140428174888,1
-0.10588317835187178,0.03493230074374855,0.03306179234309893,0.13207380310924277,0.013795500980793352,0.04081987884774452,-0.1387954509308456,0.19881227744663485,0.06529588031255198,0.08160863836467394,0.2282909868302283,-1.3084718479923527,0
0.2374202987764485,-0.020148780450344773,0.012439579274613324,0.16426266221753094,0.0061112980692856755,0.005711485687176068,0.16920179813459313,0.10414236504153793,-0.00425917115567067,-0.01881530395114922,1.4835312594410677,-0.3939146288578883,1
-0.18107314487562448,0.0714495382789499,0.06296057293576487,-0.03279135036733319,-0.008346947736323163,0.09093153302402804,-0.1764622644833914,0.03814796688294382,-0.02150391319060595,0.1071083386540235,1.5064899657721889,-1.1641515807044749,1
0.029236099866193188,0.14359528779112377,0.05775965361021239,0.18864663895927591,0.10904224270569285,-0.000990011622679296,-0.133349876128507,-0.047570707072885764,-0.012693320351036194,-0.14832447622309575,1.140295804705061,-1.568690880924254,0
0.08421975576547813,0.018008957087439992,0.038145935499282066,-0.1183020038393465,0.039010024611861094,0.04809117582787445,-0.0930725085315024,0.006077620548292584,0.07636063717093201,0.050284327314821436,-0.6672616531784684,0.4433360668983817,0
-0.20844288366368563,0.02737734656232481,0.07968258638552421,-0.13585836656746325,-0.040042493996116965,0.1945411018173951,0.011024636089944972,0.0216629284675057,0.0325666395115783,0.030029606008974474,-1.2689382516185916,0.4401377190599034,0
0.1407303766574038,0.008488424821851873,0.06521635978193449,0.14842588817842522,0.1760826853109626,0.1568784593703934,0.14824025008990083,-0.024877141361225368,-0.04132369219988991,-0.04714493470413331,-0.2432964015218957,-1.2653246679252546,0
0.1130004901203645,0.11649738263533496,0.0802223076640376,-0.04060157167169967,0.15094607111932895,0.11859520029856274,0.30490948995681866,0.1420319677724068,-0.011933821243023147,-0.20864833397615318,0.32179347357400334,-0.124957860668931,0
0.15338393416589852,0.1337455722112184,0.05877755748595638,0.10773881540412727,0.20784641771233442,0.17134288040169576,-0.047957112117195055,-0.054345553443471584,-0.043000906491318894,0.005387307317011092,-0.4034825461840912,-0.21729765630366504,0
-0.08078200214741948,0.01397593916266765,0.03796878221188302,0.14200989203168574,0.09186797010876252,-0.06486385969936292,-0.05779463197175297,0.08433686792723089,0.020375851749021665,0.1959186959426645,1.06693313890841,-1.1427329408429945,1
-0.18402524432700626,0.03603423464183404,0.018881326689790073,-0.03733910866593407,-0.14398866533563548,-0.0873747379734031,0.2178464319186153,-0.03540723979949928,0.05663401018303656,-0.0641407461524644,0.18461185289388782,-0.9859462771551927,0
-0.3051440995153698,0.027052520121928422,0.06782132675240965,0.17896263416235114,-0.13572885082792854,-0.0980838013779903,-0.17556681209371106,0.1400949247183015,-0.0219166479815178,-0.10170246327695937,-0.7922910778328903,-1.0820450480312904,0
0.07174626252116983,-0.01954512059866218,0.02657712653470454,-0.11009836185741745,0.10586219063788144,0.13041036025148553,-0.18521565866697204,0.1749109453007461,0.010805984394365836,0.1782406733755306,-0.04539683619486845,-0.5915789676907516,0
-0.3042735765515551,0.11553296802177104,-0.0008184929388763444,-0.0669329647376328,0.14937086395685678,0.120964422187363,0.10317812644353369,0.12098502207138848,0.03470707050380195,0.10196280398788746,1.0618444871035042,0.20697282304934728,1
-0.05930739946675562,-0.04842682323992197,0.034542352788392613,-0.013755032064415917,-0.089356808611817,0.1317314296823207,0.14018270773685287,0.0854246206048937,0.06955259032472523,-0.0737293907250364,1.046372158627123,-0.927179327686805,1
-0.00044486774133156715,-0.00947319935744742,0.07086679616378093,-0.0812960204374997,0.03424134390153952,0.054018080197908824,-0.08939651778314459,0.13272530122268772,0.039888231827339304,0.16127384669580833,-1.399465733797379,0.6419071653472457,0
-0.055239640800638035,0.11505787512296878,0.02620356062341762,-0.02509260469147956,-0.09531500022851945,0.09981303371640893,-0.22296661684307367,0.19938531550230118,-0.02967351845854631,-0.026199566139210234,-1.4588768369802474,0.7132462779798929,0
-0.12778321887348068,0.11549689032326069,0.00801665129045289,-0.09839725719497229,-0.1200437892098721,-0.006398548354390229,0.2774061586158203,0.03797837896430477,0.05070498497991635,0.012862560209437573,0.014648972440120644,1.4712621062346527,0
-0.2973679168709516,0.1511988057496272,0.03602619769104984,-0.06150438138372627,0.19889028362457628,-0.003836273016766631,0.2985111417923676,0.1850651092077296,-0.013919345411989525,-0.04722557602076527,-0.6943765911320458,1.4605655729129092,0
0.10711769246775077,-0.028038221789441833,0.010636935044016655,0.001644082398258001,0.13517177772630334,0.11805484582847114,0.08501885484837451,0.009421264615268862,0.004786732002609408,-0.09405934303169997,-1.0777296144157518,1.0862798645620388,0
0.030765201494959593,-0.008928058031392697,-0.0041675024241184,0.0827887211217439,-0.15147670781818703,0.18863149803485502,-0.06471185196086038,-0.06079231793689067,0.06431032598541561,0.08138546618035417,1.1468546992245165,-1.2249061134240693,1
-0.10958269226498246,0.100113212380147,0.028833776618381154,0.025191932914956028,-0.05012435828235577,-0.006036932203157375,-0.21991800151773241,0.14408305623452963,-0.0036528790316752158,0.26754994333299886,0.7732997743909704,-0.3797921975878129,0
-0.13748965631795046,0.10954991168535297,0.0653704180213406,-0.004060840346435002,-0.014849407667068798,0.11967856138129146,-0.1566624230260863,0.09598233442789139,0.045159452607526365,-0.0826197165792815,1.4277734233849395,0.7129390352494196,1
-0.24539857189731984,0.019407570903698698,0.028861487768209366,0.11808875220591758,0.0645556710199402,0.02962904723641982,-0.08295548038775166,-0.06145867472672961,-0.04534293023251698,-0.09692133591227696,0.02501274843288126,-0.08774310507301397,0
0.03299772330353845,0.08799717666359708,-0.003967496853816871,0.04114053492749542,-0.10238249600297432,0.0075625765167267045,0.3054504020478086,0.07549957955171041,-0.043570961465860474,-0.043724779238630274,1.1968591067654504,-1.4079519319870952,0
0.240485555719882,0.044106891788707206,-0.0061181885058112515,0.018579235526276966,0.10758191945805756,0.03159046874740462,0.26983911510069625,0.17596239457669413,-0.03027959197891472,-0.17655743984709305,0.4979134497667672,0.7947628771180872,0
0.032341311802689454,0.006675121774572676,0.07833139451897277,-0.08001851997231516,0.15825871694625748,0.14628827275092826,-0.21051383225121528,-0.0010393951202505788,-0.020608882359954707,0.2400873965607406,0.3175203080578508,0.8132136134778196,0
-0.03854646036998871,0.05188442233336013,0.07400189954814897,-0.023553140168503045,0.1347640945096597,0.02194651880501869,-0.20852539604712186,-0.04849292427405562,-0.021490727276945818,0.14214954234496538,1.4513515066392821,-0.9145077645429194,0
-0.25431292950233886,0.09228050351470804,0.06492386685942218,0.05413897081347935,0.2296816519570708,-0.10252745613374797,-0.25842848503738297,0.06968225420017368,-0.014111557561940775,0.12440728155100336,1.187011916235844,0.5994359879868278,0
0.21346120794694662,-0.05221181792324458,0.05447730408228711,-0.04739600152631368,0.10411778786042397,-0.07772792776644612,0.274997015614201,0.1853432440014302,0.017983069525918507,0.036620007264585724,-0.2789791469952394,-0.18330445082385216,0
-0.000957246934606415,0.08403496082833845,0.06993464892351575,0.0483827335076521,-0.08258214988275332,0.1712821005173048,-0.14247558831204704,-0.018859436589538314,0.07857857452605573,-0.11033287860724235,1.0612562524549725,0.9821979390771671,1
0.161751555368225,-0.04470167177487008,0.036470752456890396,-0.18098148088355062,0.009601682479812357,-0.002585305270847729,-0.1881127640587958,0.18365426659890408,0.032633629001295086,0.20208239680036758,0.5253071666908664,0.7747336000654508,0
0.11638931967085292,0.015276043105266313,0.06723797119136019,0.009962399434598201,-0.052566537864129584,0.010170220472152325,-0.09311494828494174,0.06074421628199028,0.051212022815832356,0.024355803519444108,-0.7864988885065416,0.7409765218060838,0
0.178135799858555,0.04217621145629878,0.03209563350739976,0.11291616696939033,0.17628206653454187,0.048415460329657656,0.09859202394099176,0.0007068232588533507,0.07071454619950907,0.0655655923907921,-0.7950075234243296,-0.4783098237246264,0
0.05260519145889031,0.030380602978933455,0.03283482287910611,0.07843760924360493,0.15514237518679824,-0.0009364426933655967,0.2380365796896744,-0.004625711648714892,0.023501146291458885,-0.14117113669455572,-0.7504408183598469,0.5174565939780538,0
-0.3061230612138924,0.1635561602387749,0.02178743632811258,0.08420100064174535,-0.1237998380754744,0.08811138198592658,0.2590077250750653,0.0842776390317041,-0.0019693634449027067,0.17753201045361014,0.24887604570257205,1.1852323308340338,0
0.06911462578041316,0.10241938121756095,0.060244968632921655,-0.0762243570691854,-0.0012506884064840962,0.1853531310817123,0.06448715586784576,0.07192971615008598,0.07728357164957865,-0.10232405043387949,-1.1005550774274973,-0.09594230101389178,0
0.0963041851191278,0.17600237737828076,0.05138053773843586,-0.0775821553458459,-0.002686162799892089,-0.08014500990382611,0.2672625722251407,-0.028509340158481236,0.021319853156655133,-0.017061533445327598,-0.6195485409224756,-1.4871170348228089,0
0.05068241693378961,-0.05188816085747919,0.07968338463452665,0.17437173214801444,-0.12661727109392656,0.15738419674906895,-0.07728274953444644,-0.04468262610333848,-0.009074615065148194,0.1851284807097167,0.017759493470277166,0.7626010747506957,0
0.09978950676271586,0.11293513852403875,0.0594222957668631,0.01861749487326969,0.16409648041713365,0.08813906755717554,-0.19490364861624232,0.15172075913133837,-0.0068348697796788704,0.13359869556516527,1.1413646211485042,-0.8155064710559276,1
-0.22000563356140393,0.10980149727559477,0.06906230449635783,0.14441448916754673,0.08791260172449633,-0.03814048602372472,-0.0844389591609965,0.1370111460286037,0.004212826285279692,0.1472251685270012,-1.1990836484303962,1.3951325820901002,0
0.03342819925939161,0.08689141064249109,0.04895190600445115,-0.09656717199494876,0.1609790266578538,0.041192316811160395,0.17386360407129692,0.09905685776251155,0.004874639630483693,0.12099178978496608,-0.20999940849297682,0.39175899180961404,0
0.059282011212821506,-0.038565405234060116,0.07462297941072873,-0.06828731896585374,-0.07115754224151744,0.12792882005608533,-0.13364049270116818,0.20077552924534695,0.005435579295791013,-0.06904678304065778,-1.55902575931665,1.4655559844703185,0
-0.2581768143621447,-0.058275450910106344,0.02166829559835745,-0.07869843378566421,0.010156165903410952,-0.0364579013234437,-0.23117782058929603,-0.043715332001599355,-0.024800983466005747,-0.059140468631293935,-1.2768927885626902,-0.3326949429895121,0
0.2162616459645333,0.004229193469693193,0.007258435940288185,0.07108792811378933,0.03422156077051272,-0.09309736618560818,0.18857948599191687,0.12662321756954634,0.07607189114512855,0.24934380530865094,0.6757437135715396,-0.7642234177529782,1
-0.07784659327318916,0.15694344244520483,0.04216463004558099,-0.07231634462583961,-0.1563519601567379,0.07138767932491141,0.03668553088313864,0.15214944518374954,-0.024184666393975148,0.1883604921060459,-1.5609840831622872,-0.22635091766155768,0
-0.08510556193651161,0.021262229809133115,0.031312299570604676,-0.11541894580258966,-0.08749453319453845,0.13809040505939574,-0.1356456419495297,0.13234251001386563,0.042335055224115486,-0.19965355468159918,0.9183460064612359,-0.7444498135154292,1
0.14389643459510876,0.13763049435047353,0.04486556202858412,0.21000255958299668,-0.08918634049256029,-0.08544597064249672,0.1401584685126092,0.015192263295490019,0.029252337141896373,-0.021871270779644097,-1.3439332943252258,-1.489290157253639,0
-0.23127186026759305,-0.013461568355714812,0.05261008001673477,0.12089728071804867,0.1693493770624535,-0.03699882921077678,0.24317542576534223,0.09864889804990429,0.05652533021344014,-0.18222691785399248,0.9044582658126938,-0.23792842251563417,1
0.018208030604052794,-0.0353660969705018,0.0408796906710128,0.07138815033046103,-0.01696043792169119,0.04524114734791934,-0.09812674575252978,0.16765096016979472,0.028107221686550485,0.05730548099622371,-0.4160237965325917,-0.5630639820848895,0
-0.1522369964180871,0.09683989738659332,0.07928692430392667,-0.19998118653387287,0.08794671296585524,-0.0596690115186274,0.20516688491725288,0.1068815273643722,0.07095831344602711,0.11600567353197913,0.2944887525701718,1.0188806116914917,0
0.20561959291700233,-0.0029087615729562546,-0.0005056313066092652,0.09438586591902792,0.03882469175929015,-0.09299326707922848,-0.1054508070612889,0.023868478296807147,0.0368167694736119,0.017772908698461126,-0.13737140555449723,-0.6925584856608535,0
-0.1530437183247791,0.10434806496341748,0.025342919368182924,-0.033078068881365774,0.05996236156471535,0.10469892128666791,0.279694939881474,0.008601142011838522,-0.0347469435836789,-0.003467759917713392,-1.0462567485932603,0.09916186253156845,0
0.19806355976135342,0.13511051985054454,0.03679399345577809,-0.01967976515559028,-0.14398073657286528,0.056269080625605344,0.07739144518407243,0.17323869684554397,0.01566118530896736,-0.138138506389997,0.3931744395030903,-0.15870451598605895,0
0.22562027485492292,0.13378092163146746,0.06685963404288155,0.14534545011297229,-0.12224942580885571,0.10669095442114895,0.14025644548222677,-0.0030837324342287767,0.014337745696716052,0.1124594781022393,0.9613659398139347,0.13404045935560172,0
0.1990372295039436,0.16521367055394134,0.07583510837857789,-0.2078963194179162,-0.07262000639273683,0.1033561951214357,-0.08123762418748229,-0.0463805518662095,0.04887868199320858,-0.20203930420200927,-1.379668978476444,-1.543430830059501,0
-0.06022120703835371,0.1626489571989084,0.029106496856026617,-0.06338180617084899,-0.11759853915018942,0.0017253778850167267,-0.07241095738864428,0.16131818090967612,0.06879226765342077,-0.20534491567069862,-0.19362308781399373,-1.3141403023652156,0
-0.03468885760896612,0.012822906199983941,0.015567770025231065,-0.11496107366044625,0.04790713936742386,-0.10218013584743908,0.1602568742742509,0.016898019656376134,0.006239732528677357,0.04528713197609438,1.0426947993868,-0.0758936136427022,0
0.07851742288273666,0.1525167309394561,0.035140139279386126,-0.02712147517816832,-0.0662289660735833,0.05869446970064701,0.07589578544879605,0.0485063703854858,-0.029464836117114278,-0.0807169360146853,-0.4555762006542665,0.699926730169899,0
0.02038894341396924,0.17332514647354041,0.008120851805600088,-0.1864930972303445,-0.04280512716779106,-0.059680378744445185,0.13515166925780803,-0.06101237594961261,0.07652461982300504,0.20833942644338002,-0.3931182006332157,-0.5431016463243834,0
0.04752189204464313,0.18259566227475482,0.017238498760170636,0.21149283804572194,-0.08875278952209156,0.00029998982498957716,0.2739802888366927,0.03544868813035243,-0.021288233546945097,-0.18670983213221384,-0.02175514989350491,-0.3780825748493508,0
-0.07112063920511869,0.07264833758819844,0.06584460702147119,-0.20426921981740184,0.17287337700591843,0.06858103289615614,0.17044225702203453,0.1376329560775701,0.06667212278536536,-0.16989271466060826,0.0056671193388531105,-0.9663031788428036,0
0.09980662245811006,-0.035971883307600344,0.047717836218428886,0.12820220080673456,-0.0512966016276208,0.08543352867857265,0.21903365397064278,0.07599183448015226,-0.023273485948982958,0.05651567280477229,-1.522976597359095,1.1343000194217512,0
0.07709675086549433,0.046065370110390635,0.07163949968800465,0.12471228742344442,0.1584853316566382,0.05297049875866511,-0.15382988335953254,0.1290239077608758,-0.03916469482681713,0.040584693800512744,1.5178127326940711,1.2427947200973246,1
0.0807138064672766,0.042621941255865506,0.02982375605667088,-0.15803023565001165,-0.04061260624432146,0.028015985151841505,0.23243566783568187,0.17491730990275242,0.07306299588883568,-0.1664772578346816,1.556176233978199,-0.4052612108179705,1
0.05537174017184693,0.11171154588735707,0.06334096624841183,-0.00031405355078012454,0.060232295166219196,0.18551561397169414,-0.12854227157903816,0.15000297812837637,0.04239309233349957,-0.1467162798864048,-1.3024039380616999,-0.5502641386085636,0
0.134395616452552,-0.028617434640001528,0.004649726851753442,0.07887574890985255,-0.117643189674713,-0.07294486374134644,-0.03576921280891768,-0.06111055119464298,0.043619239682963884,0.051814292858029715,-0.8589935030867027,0.00021266217276361132,1
-0.2817259073335424,-0.042278814910345956,0.03604960156558305,0.0013555367172836952,-0.025907498017416764,0.0821627834399867,-0.04324951095100432,0.09267547700395465,-0.003534377908046296,0.13852688858789855,-0.2336384387722772,-0.7400125157763986,0
0.08091267631821142,0.13147793642130312,-0.0020513396194874476,0.04791510409794747,0.15280750701594997,-0.07253691446617669,0.25448699831275945,0.04715129143140917,0.04569421271788941,0.2298653364421853,0.31983330120205,1.4050677186240297,0
0.09124094381135595,0.001816580841124349,0.01830456156872763,0.14971486187059146,-0.002451825676229924,0.14337613658098214,-0.23820845733174056,-0.004820563076139581,-0.026329934897921858,0.045294709584659726,0.7758665656183277,0.3227435407002264,0
0.25298834320686,0.1339826064242566,0.06103226777100676,-0.15282170798785313,-0.015787035034370733,0.10010512966297722,-0.25498076267697195,0.052222389813255915,0.0698927281525545,-0.17537075349027947,-0.25080906061415464,0.027381500852269758,0
-0.2042746277319209,-0.011890169919410928,0.07652942366735369,0.04528751497453676,0.13711445785188986,0.004262438490755957,0.23804473308635687,0.09134714420640275,0.028186931104368068,0.15706128095319907,0.45202795235282855,0.6491905524964301,0
-0.244541966426376,0.15164708228357832,0.015657853416614416,0.21119185312664973,-0.0074937694081328166,-0.07090657177703401,-0.0845104356932328,0.08912519459187743,0.0017507691376862505,0.19494998613081707,0.7018995354351623,0.6729001542863775,0
-0.0036494472424231095,0.13235399908365297,0.0728952075099068,-0.04298107724029007,0.20586959427998464,-0.09653979083622515,0.12425183047066501,0.14424508588171733,0.00602533039930845,-0.21078088226239425,-0.4246922838871936,1.2846495831529439,0
-0.22566777485401449,-0.0212272912083108,0.061810704128813884,-0.1307230404098864,0.03153639525465449,0.18851086102957865,0.17179730653844433,0.0821600363505835,0.019108892286066603,-0.13320149503481943,0.8591436363505955,-0.43467042029412806,0
-0.2648070967830393,-0.032913934116129154,0.04705013517747722,-0.1281174517229022,-0.10098625100680841,0.15701123914245285,-0.19686402377498874,0.12405620011745389,0.004992549196323824,0.0711022142162703,-0.7083506385809138,0.8366516850415338,0
0.1560466809439977,0.056323624005076636,-0.0015580095687725603,-0.06474726198573097,0.04034720271068576,-0.06617936509413162,0.04878736646278753,0.07728323236720216,0.02856754027879603,0.18581038787899837,0.9322400599600764,1.0622989016166333,1
-0.04046482528705997,0.05186734971721464,0.05150633473432756,0.051111287900475366,-0.1555825842700936,0.19218411394556956,0.27824666344017335,0.011846922337504534,0.0229537595305052,0.16607397483292333,0.9783319855305666,-1.4009224282033037,0
-0.3018877391298085,0.10632262418483249,0.0004189118106467972,0.07379411308027006,0.07244262061521947,0.08792778862040465,-0.15793451609275616,0.06799104929481528,0.030485867999205774,-0.06722654129261013,-1.4854216966164222,0.16759238721552228,0
0.17943253966957845,0.05366878313740925,0.051995561327390555,0.00772438875800191,0.17010660452980492,0.047607048752285525,-0.21347195732943755,-0.0101801572800745,-0.046225199472928316,0.19636042760720837,-1.5670002530502711,-0.8511479486730543,0
0.09740535774732978,0.14135505340061963,0.08158846471547536,0.06630887402049357,-0.06024202691769695,-0.0765828317516784,0.0739183908796201,0.14127618586154925,0.02333286426082022,-0.06560806966080981,-1.3021687528046892,-0.8414416450460213,0
-0.14835600452027548,0.14540025098193657,0.04431760572881947,-0.09011514631011325,-0.030020887016664916,0.06687752922675122,-0.022660012398910273,-0.020087058106847043,0.02953608567812685,0.12569718406991073,-1.1772989675251508,-0.3679300439417923,0
0.01832530790514375,0.02139464320841894,0.02272537862523716,-0.07565280401842903,0.01618795392796535,0.14017485300228372,0.004029758342423695,0.20021470215536194,-0.00018860911433987715,0.1307345089775759,0.6898117191557029,1.4047848547435484,0
0.1968410346174682,0.06515279397744969,0.03686802614910056,0.18858572574006166,0.20950967210390686,0.19662760612948604,-0.17691263662578605,-0.06158894287644383,0.007569078143900197,0.14764332261853205,-1.2070825480494811,1.4314911695227692,0
0.02079077199504592,-0.007721540064866771,0.05835812215459514,-0.11290525667784182,0.17269755940932102,-0.0012695338379992982,0.07907110386172378,0.08135627375770901,-0.01030085747778288,0.0016328335495723323,-0.0632883316149897,0.2316715457799443,0
-0.280865984073707,0.11420466535465335,0.008534530952977116,-0.004461584835153742,0.025376699871780123,0.04089338903351178,-0.24954539061332992,0.009494205496497099,-0.04147175298586988,-0.010332534688443418,0.2257733066758043,-1.3743724413091438,0
-0.27572565247296754,-0.030538221153167677,0.05203491624204783,0.014614553022819443,0.1698234523488666,-0.04493259521046111,-0.1978312159297207,0.03319626417699298,0.0329102032415189,0.024901552874909583,0.9625143976090837,1.244633355581101,0
0.07599366003914876,0.012844728451941442,0.05275914667733915,-0.08526762420296993,-0.03548806777735712,-0.04350720019184169,0.3019960289349982,-0.058283194125401186,-0.03176482153295312,0.19872517608377768,-0.5742191018924829,-0.1292292545185052,0
-0.16201079218895753,0.11029542767290165,0.029305988640323574,0.14541068065891777,0.13578360126191868,0.05450329241809271,-0.12331257528593845,0.1470041318336833,0.06195139755969986,0.1987213704575009,0.663721279782796,-1.0794554790662796,1
0.09104860981276214,0.17024692026103377,0.01589206152463525,0.12248079090222319,0.11269152100095986,0.16054867445451187,0.13387169039407298,0.16287918484108388,-0.0022923678513668694,-0.13801595062268746,0.18363088449435128,0.7369689551446983,0
-0.23723388271114929,0.09591223091593601,0.08164172640614824,0.16841922561788436,0.1056000163032314,0.1342843530316666,-0.20006923491625977,0.06937238818317026,0.019570290581947397,0.1721326369029398,0.2220692557661914,0.9358541862844969,0
0.08770732781484719,0.06050236509362321,0.06845125296085382,-0.0063948088450014595,0.1749140100410716,0.04740575269456054,0.18562187306479433,0.12805170569708332,-0.014152852794907793,-0.06270860707652964,-0.4446342542797832,-1.552004971760799,0
0.08735552779089523,-0.0241479188515134,0.060538921994949174,-0.11554645995820119,0.07507039545521135,0.06461351515898053,-0.14968107254598084,0.06740758061928254,0.06363323860116513,0.12143959398200424,-0.7517505573283039,-0.5497197647967951,0
0.05635357260903667,0.07770359958326101,0.07708992152950732,0.01284994253028418,-0.0006985163622162394,0.1470550008159705,0.2768287848032577,0.06410583455770069,-0.030497987523242644,0.08563688723624033,0.6430623862145926,0.6046181322354209,0
0.11625408112140223,0.06987116399346582,0.01933154089014813,0.056184185022058075,-0.006132079858798017,0.13251355540222493,-0.26571700635290735,0.1538155818468316,-0.009015949577738817,0.2599223586364956,0.04478183120656687,0.9014149439927681,0
0.2487171151196927,0.06220438030112202,0.03945092873560757,0.1745503470217848,0.20346989428365092,0.10507587914421573,0.29894665639381346,0.024429502496932584,-0.018433860255233366,-0.2017095774774746,0.07467607943728694,-1.1441333823112987,0
-0.13757750825610662,0.08170333685006362,-0.003639361072175421,-0.06025142812072007,0.13601230662332764,-0.07568693700468397,0.14633556462693398,0.13930727786266825,0.024244960681847824,0.22343369120415082,0.33236553134115443,0.8853081636453266,0
0.07679066112315719,-0.0017219858216810588,0.02903195191626633,0.053492616156281314,0.12186639435752783,0.1487930132849165,0.1408644334950624,0.14303249059442977,0.028090043930705633,-0.15814370435806996,1.190364200660724,-0.9515623372503569,1
0.09770411235499299,-0.03298011184361925,0.030949078976871543,-0.10164354653923167,0.0643925348112088,0.011612814023753387,-0.15086598419967373,-0.06137105784045163,-0.007119417685489675,0.039883694362055494,0.6648533301421036,-1.4100045089036783,0
-0.018907020609093883,0.07850618581962282,0.050919914141421455,-0.0710417702435451,-0.12072639720657882,0.17355300036264187,0.28407169314202385,0.05334743241879539,0.02574361372358909,-0.20182386196228938,1.1304746782540434,1.3136535726576215,1
0.11101537187786958,-0.004143533310020646,0.008715661395314187,-0.20641653976008376,-0.15104474353414743,0.016152356391081132,0.046089575366720814,0.09058613610723301,0.010182502911205107,0.011799409897117474,-1.0730944318482087,-1.1532367576057478,0
-0.17639008565734116,0.14862565596993932,0.054555385229633824,-0.008349243666160855,-0.051081622098901824,-0.06584735931697618,-0.24583612228107332,0.16285560359495418,0.02736875704794113,-0.19348648142215102,0.45900258943563776,1.5194292442571642,0
-0.16184637840669536,0.07409538225631895,0.028238347275683643,0.16300887196366243,0.12469237137335554,0.17031218292371797,0.23200523096877929,0.1811020485860561,0.07641607319538153,-0.06156832684286498,-1.3420629213436912,0.9014001985519056,0
0.04753860326741516,0.10639296850919766,-5.6957056799275194e-05,0.13716037249591606,0.14989257754596735,0.08420741544917318,-0.01531412785990538,-0.021901509538146333,0.016231319577481848,-0.1372494129329548,-0.1300467930283533,-0.5431581032380006,0
-0.17088985715338348,0.047945717917719025,0.04469844242271058,-0.05459811280908089,0.2213638988433002,-0.10571338928650832,0.26097591115951535,-0.06235172792494761,-0.02041600072310796,0.2781444416915919,-0.9057542672707651,1.2109057384304986,0
0.10375697039125359,0.039966023316009555,0.06317692233644898,-0.1444711647380129,0.15417834050622087,0.17909600698010808,0.2290343298485305,0.1330535426870588,0.03472559052932046,0.04232987645532485,1.186690440304451,-1.3990570579815595,1
0.05864989784744029,0.04644721877674868,0.06322976947825555,-0.18706835319606116,0.16178991227956135,0.13979728298816124,-0.1351992270340584,-0.05257123233776076,0.0426328474805593,-0.11705368443159202,-0.03466520662723216,-0.3632231445800751,0
-0.18093659100525955,-0.04925444932028306,0.06303581219080012,0.034698064241630966,0.1757706021301662,0.18613874681347792,0.08570927125343442,-0.001250780138840002,-0.03615455260331869,0.21359615251454026,-1.0379565142885476,0.8902863716247242,0
0.1910605729911436,0.09344294546522666,0.046812650342173204,0.1920130721689401,0.13918339983664918,0.10092689021790163,-0.015239867962533404,0.06544953338977288,0.0014304302315359396,0.2533203995509168,-0.23297997280484206,-0.46936517502242214,0
-0.29141346602595924,0.14816330028115507,0.029890509404342364,0.1016876615962512,-0.14426416517388352,0.16516912146276197,0.1144995220253438,0.058442844286477835,-0.00939870844118177,-0.06190190722177208,-0.7510542835897488,-1.5253710871356243,0
-0.046696875296766194,0.05097507868272684,0.029372773802331918,0.08728650983810993,0.006087731622217568,-0.08036135800371384,0.22577659939992917,0.04987543680569578,0.03522140216142339,0.24517079079260193,-0.5611008779407713,0.04824405532427578,0
-0.00011074526373833216,0.14745796690275276,0.06675667664474166,-0.13441639804993719,0.08791111306993238,0.1565794918825863,0.1975528441803936,-0.029554356427168096,0.0073638848809490925,0.04091126455237673,0.4967283603358228,1.053684068161975,0
-0.039574125750495126,0.0129764023177239,0.02255587043889974,0.1522085804278211,0.18280355550590632,0.14030778998355964,0.26155935109553874,0.18928271856285864,0.014485174690216068,-0.16824369967079308,1.5469266347285446,-1.0628211342412186,1
-0.09447594470992907,0.17815411951267593,0.02272119649311632,0.17375383733866256,0.07448412382711703,-0.096334633032235,0.23056746641906334,0.13901663642423287,0.033597835898390646,0.08872031632484487,-0.8674476281910241,1.3073287082755318,0
-0.2960181776648114,-0.0219511512093885,0.022521068504091264,0.018646337930463802,-0.10832470130297174,0.06257839096990797,-0.1150580945732243,0.004621509281975425,0.07234802705378596,0.27615640227835203,-0.8166256631759701,-0.5835168386101803,0
0.1052133217021689,-0.016034136238130346,0.04365496131440488,0.16786913538065157,-0.009596814079927962,0.17583648227894894,0.14259269104898947,0.01706297051674227,-0.03586686511647436,0.18833569144669318,-1.4493708216852,1.2755174127587894,0
-0.2535982090646948,0.17606589757049249,0.014032706839645883,0.198677460599065,0.10954943598762762,-0.01584580460867152,-0.0453513064610975,0.14293715158973136,0.007328637702968273,-0.17913628640079657,-0.35385725929317347,0.06713384822546065,0
0.08659465262459687,0.06255409598309696,0.014259147828393007,-0.009311331923738564,0.1521817764129641,-0.08263723633338205,0.30839362163770845,0.16481161750928705,-0.00757095159716694,0.21573750587874105,-0.7400301352271453,-1.5086130890410647,0
-0.232610536911579,0.1611890520584329,0.0328601412067506,0.12961705104030852,-0.04153335482637284,-0.013554049905215068,0.2909804132230771,0.0687975672771631,-0.040310320380154314,0.19843563758376795,0.5079243315625825,-1.4944815063859285,0
0.21294590104552596,-0.04177455203942607,0.044854302108213104,0.20499022086855007,0.20842497168921092,0.05271625899910018,0.12645289078462607,0.09725044504791935,-0.0221233559572775,0.10777884812430391,0.32400621624818604,0.14186093795168975,0
-0.07183417389633404,0.1481025378277406,0.013609908417923748,-0.10392031523920424,-0.15720373156748566,-0.06022668244043629,0.29907960475558615,0.05219421633960321,-0.02314948151204127,0.2629268579203561,-0.11898927887613575,-1.0460246847435455,0
0.1487923095602665,0.12877118589230352,0.009148803725558138,0.0892714629371279,0.08624347031839211,0.09848474543895258,-0.11344597161002962,0.15184726096786044,0.02303674734045888,0.14354381684556353,-0.522385983423308,1.4492143815791716,0
0.1360206083487424,0.011061589167503647,-0.0031220139018668163,0.0329855282562761,-0.14644637106153768,0.11035557042210309,0.15906272731286325,0.08631619375243596,-0.026576319139825565,0.21829021907280635,0.10031815168947555,-1.3984391941011018,0
0.01283582004108852,-0.03930889487374424,0.05920215711101466,-0.18424789740885927,0.06886406642359749,-0.05587956400560957,-0.1472567258685518,-0.000853942443789342,-0.046093236882182614,0.22628736669752667,1.1123158771084471,1.235200061874982,0
-0.28006340141106034,0.1312199286138119,-0.007415244731628203,-0.011675173160051705,-0.11763240619564712,0.07296862187885039,0.3104618805797743,-0.01704551639370768,0.07345673660889807,0.21320789028222373,0.47141008179585575,1.412758085050273,0
0.17884604924786363,0.08535206937516238,0.07072046462459805,-0.16279942774747072,0.13349821670494239,0.08428357390546012,-0.23285361393461954,0.014571689103468649,-0.02049276848572707,-0.015185807024057335,-1.0660789737263525,0.9126393128806922,0
-0.14294033515362511,0.08662210271751258,0.004214157447689245,-0.10801685782082059,-0.03455622095732361,0.029478491331312556,-0.24544972834682915,0.20168564091270444,-0.009800359014244614,-0.07365111938359942,0.3648632051019134,1.2181836696648178,0
-0.050712389514513845,0.0011197233010979274,0.04335114595823744,-0.005780626892140067,0.007378293264460267,0.19262716564466525,0.3090781663793294,0.08606037863371457,-0.039281079177106305,0.06506758157902162,0.8748285002458907,-1.3653208020098997,0
-0.18913442666662056,-0.013185349611129264,0.005792533546772657,0.1366162003219683,0.03389456966072124,-0.004389273266758947,-0.0794618435617897,0.010294023407474262,0.06406097818650407,-0.012950788041560524,0.7102947635512236,1.0819058065952005,0
0.05176402162031246,0.11477308611073275,0.06660447173576492,-0.1671445882164761,-0.15932216502184685,-0.092086951066857,0.1416785962232669,0.1845732862612496,-0.005904063804720749,0.17138757471434926,0.027864906642679488,0.634163469492947,0
-0.042690898558562895,-0.019043469398884794,0.061453600507914666,0.13620805009644038,0.11989799133891454,0.15580648381595902,-0.05261406084523146,0.12000515284009089,-0.014436245204418434,0.005288955001188533,-0.5427280849057476,0.6430010401294017,0
-0.2921284896063745,0.10406827584206202,0.07144590410177948,-0.07702225139858104,0.00981714749072296,-0.10643048129095682,-0.028489082258734505,0.011856487337205332,0.024934890729236645,0.2345628496892115,-0.8972367159889296,0.8219314407113407,0
0.09193441276211634,-0.022366650979712396,0.02343722842116024,-0.16210896688057702,0.014374233967824696,0.16315956275484123,0.010923734717572797,0.05808644787180152,-0.02135329125382806,-0.062302257079821705,0.8528478643324273,-0.4149267339845357,0
0.10679360329618631,-0.0492351384410577,0.003618496709947218,-0.07826575155819018,0.19674694227888434,-0.04061620524248977,0.1532288872738286,-0.01823465640912795,0.029837011708036085,0.07494687002693798,1.2920698244372388,1.484922014663679,1
-0.2197650880358707,0.15646073225962775,0.0436751766023525,-0.12030089225087864,0.003520115521339434,-0.08704581935634009,0.007705946499011573,0.049555456897919875,-0.031070415551823553,0.004262946375068993,-1.4704081401738127,-0.23930118845289838,0
0.09061641197011383,0.06289983000654278,0.06189125353962954,-0.09160011548692167,0.1046492143506832,-0.1059682543842326,-0.2254986042796938,0.10253993258881616,-0.02348123502226947,0.12550839718857074,0.16499408502400081,0.44681473569078967,0
-0.0876041461845963,0.08983571745644223,0.05675447771490155,0.13505197890300596,-0.029293031051607687,0.14773297706014699,-0.06241415631519165,-0.060685101113236495,0.02947721857027677,-0.09631481830976665,-0.7106174224700443,-1.4278043932122613,0
0.16216471559353635,0.16316396734756047,0.0792935682318864,-0.0819214265842379,0.020384557861259228,0.1373031215678581,-0.08345900433802439,0.03930955713438511,-0.017807438309461302,0.06777163903195674,-1.1998710218231459,-0.7349185689142003,0
-0.2988530113228387,0.11977751248621088,0.04795692306586895,-0.11736046848371001,-0.035546079030108715,0.1844610039977977,0.09733906790661884,0.09492764664805473,0.03324303309987048,0.2573511339177399,-1.2815370331755127,-0.18681123797480237,0
-0.09664123520751011,0.13562262008696518,0.002950620281827191,-0.12250695404029692,-0.0697511516042258,0.08661841488256791,0.1039269075990144,0.035804103649859434,-0.012870333524318406,0.15821781919039526,1.1205032776754955,-0.7309381076090522,0
-0.19213271255175035,0.1604295582484749,0.029532280124804442,0.061584986153440935,-0.11221988369432259,-0.03006346877468849,0.1380981530422179,0.08299610131755267,0.049834609195699986,0.06332338555379027,-0.7702098807668445,-0.6869899441189882,0
-0.06913710087969646,0.158545835864194,0.025765882553473656,-0.07102999441536931,0.14844948633389843,-0.10399019852594074,-0.16781416818849404,-0.04355582664870849,0.017057535314815978,0.0954107534979581,0.5779218394232253,-0.22731713711274182,0
-0.1392052958521775,0.01217676308046789,0.0007870929480661738,-0.13687052605886021,0.17522318677659876,0.10620417168282067,-0.0960843288396043,0.007119374224805811,-0.03773398821193912,-0.04310567635116089,0.606453428814911,1.0883686074382173,0
0.11352179451542732,0.057228077250974604,0.004212659961777885,0.06744618211115105,0.21044107989242627,-0.08370442846091687,0.22377824231046284,-0.01490550010887727,0.041056357231814986,-0.12500031816080598,-0.3782095237855112,-0.71863070581677,0
-0.0020176064451057907,0.08670663119911615,0.04813154377139188,0.07870682990954747,-0.13278189659753653,0.10706023957714392,-0.17799996416430422,0.11649289111624747,-0.032172653120352966,0.021650310901392494,-1.1525586557195133,0.27879127909994117,0
0.049099281437763154,-0.03801314275603672,0.055610776936119335,-0.1278699721797178,-0.04682765590598853,0.007933923237240362,0.1818744658279477,0.1871076577416429,0.06935298859593801,-0.1315362168498699,-0.5728776331930209,-0.7753786264691581,0
-0.14742146702286626,0.08248433293770671,0.08083096838069571,-0.13113200798370517,-0.011710721703191596,0.157154000612175,0.10878842443050546,0.18538149780491525,0.03223177950746618,-0.06560052771502861,0.3253691951340729,-0.5101047853809704,0
0.2228003435031311,0.05650043421387023,0.03762716060764272,-0.07304693654099101,-0.05371284915255817,0.19648456205477893,0.2982553512325027,0.07752009083251885,0.0732539809254027,-0.03950860636650111,0.022565274172095195,-0.6708307857980855,0
0.09857893753611358,0.11546431722145048,0.049703221203139275,0.15037373935077358,-0.004918429882099867,0.1515379161007474,-0.16131689258886234,-0.009657986699727547,0.043094016694595505,0.15597406789496496,1.0725881938046398,0.7573445307897229,1
-0.2805892119775568,0.06412678798769368,0.07145202225978281,0.2007381857447641,0.17948863238474672,0.04195178821523096,0.2323315181504757,-0.005952970139721389,0.06895141044019111,0.06503204535382759,-1.4650350980846203,-1.433938294134029,0
0.13697899616008757,-0.0010040464659763285,0.001218150706604474,0.09997967347108572,0.21695597502817032,0.08680166242574228,-0.18495529853643689,0.10759570169425631,-0.033112116150176216,-0.06562296255405611,-0.5356456414090487,0.6546275727577313,1
-0.12841367589376793,-0.035743620232276355,0.020028119431277525,0.06381419060336191,-0.04566724904933943,-0.06386745325686415,0.047895544786216826,0.13664084005211086,0.05740357311209565,0.018019457319651128,-0.36596800725104295,0.4894696428495078,0
0.07323770941355795,0.0689503100881465,-0.002590238408928659,-0.08733081506623913,-0.03350036511608906,0.012988159774878869,0.2829933189351681,-0.007300378265671099,0.020793535285796222,0.2755974854516057,0.3730631769750159,1.0326797204915346,0
0.23804286003203962,0.02242480215014464,-0.003686129363208183,-0.027585936672580663,-0.06483818159508604,0.14228703037067694,-0.14016266705266625,0.15425873632074025,-0.043319397948719196,0.2448040947108158,1.3494668088303132,-0.22555501898269426,1
-0.27048078848114265,0.1530739445761067,0.06745584972035665,0.0413470801628697,-0.1458632244661979,0.0819710093436749,0.09018524753067558,0.08480531574681344,0.03220720123144162,0.2641303910810767,-0.6403912946828455,0.17991994711337256,0
-0.26009270554376945,-0.026864504270552522,0.057378237768814566,0.20517600776362788,0.012517000418122037,-0.07760516570920448,-0.06311457961545278,0.039274412386858915,0.07851990244957889,0.12444347694214594,0.58996475796344,0.042927120071623026,0
-0.2848976049081272,0.09959456940791872,0.053054879264169824,-0.18563399689256732,-0.027283121765406287,0.1679040069716497,0.21116250943412962,0.08930456219598568,0.013571206402423916,0.27640814880653397,1.060313667703802,0.5584941039180167,1
-0.2716888905483692,-0.007818077525461063,-0.005207986695613969,0.1569641033178446,0.11472435240481171,-0.0533187490601513,0.29648100578506664,0.19020575674879944,-0.019415600784297722,0.10480780424743888,0.03230202521377823,1.094153969281442,0
0.0823530275716215,-0.005579479194890928,0.07381097292899395,0.14453108773092233,0.1982800842487451,0.1235840880214745,-0.17203259379663569,0.03280760095529163,0.04202690362029593,-0.05579843266779694,1.2657206696285994,-0.17578342256825308,1
-0.21080126827984424,0.06673155471345593,0.054279697750625994,0.00869957739489377,0.09399432376547079,0.026117710726807103,0.1830936127014346,0.10933590828582371,0.024986472453291095,-0.00020299105523474692,0.19209396245481014,1.3945586085928092,0
0.06969866229506666,-0.009703527100336416,0.07007256204752743,0.1334707618383108,0.04889834784729158,0.15091014608962655,0.12084315739317342,-0.025179672502972816,0.046066284273150626,0.27787414247856757,-0.6968964071793861,-1.488430461767799,0
0.03013021344758876,0.04164655252279803,0.04986009147466511,0.03795690710762248,0.15184148013742454,-0.0858831195762034,-0.012417435486444195,0.16488863070158105,-0.0018881214905127064,0.03374427614787723,-1.562908063195976,-0.8134400039722811,0
-0.04678545335131484,0.03769355689525927,0.05686101391714861,0.04872650731015299,0.188378651442223,0.15324066417503907,-0.12785244981567023,-0.0578684568934456,0.06048999925318929,-0.05292265587666442,-0.35477013746767017,0.7207211772761919,0
0.08477803747025714,0.008737532073902834,0.008016090835407004,0.0028636611121249933,0.1369667782277612,-0.02526975682671352,0.15050470309178504,0.059625973923341916,0.0033145053802072777,-0.0378387482898668,-1.3078071255625856,1.058527012092931,0
0.19161351366344154,-0.03461201469394213,0.07898514015597818,-0.16449704064158893,-0.01678761298899284,0.07744500139033467,0.217545349055293,-0.02456546910908152,-0.030007839001631797,0.09556314229270738,-0.33526828885283355,0.7891992467379725,0
0.15795954453553268,-0.04077463002403303,0.06865102907726092,-0.1940513565677699,0.19571975637787975,0.19010593376014867,0.11890490006788945,0.19773083534048122,0.05636972684655017,-0.19421288697622516,0.13850262022609572,0.8036434892274433,0
-0.053524562602062176,0.09236455385291822,0.0356868941855613,0.07631050077208579,0.017880178154155046,-0.09452814498981459,-0.13656705273159692,0.19994380484927812,-0.004031808091484429,-0.05508358728576432,1.5219389554642302,-0.03552234470771576,1
-0.18055378392343477,0.09807588062148581,-0.004214908024984905,-0.18183964943564696,0.12363971947663172,0.08624953219220521,0.1262613833407069,-0.001457851803982009,0.07703483628192682,0.06082899501683639,1.3802654610710474,-1.0268214227246246,1
-0.08037476511669006,0.022276890577513475,0.0605313448373446,0.10608884368877824,0.03250452310499277,-0.10258645014119426,-0.16606953274459055,-0.04924102127133325,0.059544106661129456,-0.07244703344050801,-0.15034385177813459,1.355081632464825,0
-0.2684168411504128,0.17896389533872664,0.020571185998019603,0.18450529002022975,0.11017061906366243,0.06518198742770828,0.007775926982727277,0.11922908767995577,0.03915274872608701,-0.2110058582964648,-0.6408218590288913,-0.7530565019311837,0
-0.11010398597979623,0.03955050107028267,0.05419389145854281,-0.05098212589960596,-0.012116433563051338,-0.08815214049126727,-0.0262967643696011,-0.02300649909193534,0.06063189002894519,-0.050248131012231106,0.660968419475991,-0.9565225084592714,0
0.1209995449198103,0.17138598213018238,0.013663386949099316,0.029876905406139853,-0.14398685382675985,-0.07677543032721874,-0.055274594933652305,0.11793914618958487,0.05760049085722639,-0.08900328938406374,-0.7585975970986374,-0.253073483205418,0
-0.3092787026173436,-0.046245636725424324,0.04513846593624243,0.00022440684903640706,-0.05305295582662667,-0.1055150347799782,0.0613340116754747,0.1536644674720379,-0.03921245422445342,0.14919850009504357,-0.7670650936901113,-0.9218277715601285,0
-0.2850222879125955,0.16549540042291314,0.035320875491649015,-0.04100999423849677,0.18093324860593069,0.1504364427118785,0.15352780993673004,0.1567723667278876,-0.032135753803931535,0.16132571094823886,-0.8126844058925544,-0.4874092132263643,0
-0.10037615457964941,-0.04627220863173584,0.029594662148020773,0.10998042747826442,0.03820058121519615,0.12543881474351107,-0.24707933335766932,-0.015685652036982467,0.02359117845689737,-0.025040805760975893,1.45908734352865,0.5966274519698336,1
0.06576486409361187,0.042174819946629735,0.04121619239184744,0.17594892107864923,0.10631494710740058,0.13750244379480747,-0.09294423651065123,0.13428582522272653,-0.030219803407676184,0.15579828386875347,0.030042005771618863,-1.4634298686118483,0
-0.2458727171399879,0.14267115657948468,0.0019497388337404963,-0.007702236844265797,0.11008860765580958,0.04021072890869648,-0.070718701227307,0.11828800623486979,0.03593094472043458,0.0729941117847033,1.2683148677717522,0.06012656187874588,1
-0.08155785209102803,-0.042748472352073345,0.04077038591630443,0.09589407168138525,-0.04167740950344742,-0.06457548253807696,0.260385511674473,0.16586591897921077,0.030546434048575863,0.17407339673803654,-0.32102870605165723,-0.5179532636402608,0
-0.17268221166042297,0.09612340014844598,0.0750163986958376,0.0818136900543942,-0.14972137017826456,0.17226455360959825,0.16881965056979015,0.04372226523189632,0.07736504069371973,0.14185743884572957,-0.26874047198587103,0.9795773913578378,0
-0.29004895306028566,0.1291596658386964,0.02704906092646901,0.15745338295347872,0.18782969505500813,0.145262762003327,0.18359684516734037,0.14749702995409963,-0.010287437702742055,-0.014514595391082935,-0.8450975235665884,-0.9143085463437538,0
0.05781692900562185,0.0897661691354388,0.014312029812227192,0.05006072110871218,0.01983943488917919,0.19610049240163235,0.2321497576324134,0.07655134194266577,0.05465251683272272,-0.13460193677382742,1.5530387534006336,-0.4253228948922092,1
0.10415446629185765,-0.046576122920384516,0.010215403637265617,0.017184956480336328,-0.13524150271614593,0.021847477555672207,0.011586849468359917,0.1812185546595075,-0.007861370170214876,-0.13253610035082142,0.5897404432803446,-0.9404483613504706,0
0.11796759782747535,0.0488886349096925,0.010012154685426097,0.1844888011916384,0.15166287812599422,-0.07262483364510831,-0.11179457171954857,0.1620824526703319,0.03993374046550888,0.2529354592243016,1.363109855794992,-0.9589296214762136,1
-0.2689204319551983,0.022514761473741166,0.06013124488755123,0.09063281603549783,-0.15927106388686973,-0.045908541721037976,0.1832339132244592,-0.029175830493664727,-0.006503663924899296,-0.12498371115144899,1.3366894176564956,-0.5606779824284451,0
-0.277564861790227,0.07108890515726385,0.0548647299995,-0.18559448178098611,0.09065286966418573,-0.0056037191941218645,0.21505819278965654,0.14838994296666136,0.05280663853331696,-0.018416921824472354,0.7625873734667261,1.4102687214805532,1
-0.0955277687373563,-0.03984902392031086,-0.001965543267976969,-0.10366245690826918,-0.041509263757466275,0.17543582331658325,0.31138678840551626,-0.02454139850580095,0.07169140451640629,0.1343455937511027,-0.8817932014888705,-0.11301844661892124,0
0.09664411941976692,0.08512231071401777,0.010993001859474244,-0.10660375434876558,0.20073778047325752,-0.04191357103704531,-0.24879741780058964,0.007864960802171195,0.013055186026856812,-0.02670251286505665,-0.9271731004211242,0.14837101010944131,0
0.19723576078203003,0.08536797615011255,0.03955997385570366,-0.142218970086189,-0.05281277973715756,0.15702216464806718,0.18403487307735988,0.055778103038232815,0.06741038060029683,0.19023478409658515,0.6260176547668228,0.21358400084066598,0
0.14548880965549876,0.13742416990118142,0.0002611939272242278,-0.11498788388746202,0.0034054140622563622,-0.030750856347633054,-0.2044333325857923,0.10373905327536734,0.0164699658974449,-0.13932322232452604,-0.31315674625341994,0.7332577856166298,0
-0.09302817528794771,0.13356866036938944,0.07278768429127776,-0.10626950113019167,0.1801547055739392,0.16452380445995812,0.08383787116042851,0.1971815132475732,-0.01667821637534359,-0.18200249915980743,1.268309265342398,1.2014970865395085,1
-0.11401571456651374,-0.04604591859840919,-0.002164808199141264,-0.171590666497774,-0.08740867924332112,0.18851438887328253,-0.10458884340050903,0.15351656396433508,-0.04544521868280341,-0.056547657284214764,-0.04830281124321956,-0.39911966649669406,1
-0.14982770114228308,0.1418508593156927,0.002989921655827869,-0.18745751299915514,0.22230346723050787,0.015971765015400957,0.11335654335521339,-0.028919759937219222,-0.01997637303222368,0.01200755093253289,0.42602271998299224,0.24004678192149775,0
0.19470092192461513,0.13079777983361415,0.04205103931490621,-0.015812847695694077,0.08515635188761006,0.11568593832714824,-0.18937430785823103,0.1629285865898794,0.014177523387970292,0.24787380440475246,1.4863317878824749,0.25977520397827636,1
-0.09220219460653631,0.06869500233217893,0.040964796797988465,0.13771913886913978,-0.10424892452818696,0.08237974903475787,0.27819074048666614,0.2010192171768377,-0.04662859788750671,0.2663432990947544,1.5155045223371062,0.9286700305105773,1
-0.1714270355982693,0.08822513176544627,-0.00467082634961199,-0.10918723903037056,-0.04111694903808362,0.17179921412619337,0.07037632057857224,0.12473699549613446,0.037851147440789074,-0.02158014958563062,0.5832614085145955,0.0005095788283870917,0
-0.04956563448795975,0.1698130980822981,0.014555365399373531,0.08526770280856538,0.16712505435046598,0.16910803883539327,-0.09759414239660921,0.18372358637377006,0.029220499959581175,0.03603562999449386,0.4892575539682984,1.4654199264832226,0
0.15336879237656548,0.09883989191095163,0.06455319462542747,0.15180859985478712,0.0842873511259278,-0.09630622499245922,-0.09512720889281545,0.16963931009837316,0.031627570829506,0.22540293951130766,0.826047709860527,0.8918102430046912,1
0.18205734476251645,0.12614163027795938,0.026245865651037866,-0.2003734774185996,0.188401232952357,0.1323705885005,-0.007470679029969951,0.08190799492080622,-0.021989053109265803,-0.011749435795063268,-0.2074717106157713,0.5653496196475094,0
0.1727513590441606,0.028802602482226436,0.06594770018808402,-0.00960334068567334,-0.13208981524414143,0.002773636525429654,-0.17587200020851196,0.1208675573001558,0.06771127857173635,0.16239746661666185,0.48897798438203144,0.16149311168291725,0
0.13276650331356615,0.07901210788537139,0.05682663639333872,-0.03409911244918831,-0.13208577724913403,0.10772904235857866,0.15028584892888203,-0.0033743685173746943,0.07310885088666957,-0.19017102918574183,-0.16290819580171334,0.9478778691914564,0
-0.13541450205855599,0.16278979967352944,0.06701128943348424,0.10462532679881181,0.21747956932291623,0.0920117132710738,0.018997566078724992,0.11613553650294806,0.004335862959268917,-0.05502333320177383,1.0266381329028118,0.15904642485366427,1
0.14798516654886956,0.17082191492331592,0.08051535412035299,-0.12263328045144765,0.06611015331422443,0.06812308710044646,-0.1655821750897863,0.09126545401475403,-0.0018880028802388121,0.2513780567414897,0.3300570326478658,0.08398855213860368,0
0.20171176911523997,0.1197688500221751,0.011460692780352513,-0.09987155523888926,0.22433874102106416,-0.08438036784452174,-0.1997164086262549,0.19622741831984344,0.050648718841750415,0.15411535399256712,0.21764535841183497,-0.8155875375943055,0
0.16953507287070402,0.020616690781055158,0.009470966754002118,-0.2053131921786102,0.08634397537620267,-0.01788382197681683,0.23249951621224368,0.012437161019523357,-0.028679161013280916,0.2603296977823044,0.15852479429398159,-1.2381870300638549,0
0.21979839588943934,-0.020076252382315675,0.03376810323220371,-0.12363389985820168,0.029432265896416565,0.13384131124039353,0.2216478523871076,-0.06143143161929583,0.0015043005246159202,0.2770118895929229,0.44604799132753326,-1.450617604415064,0
-0.08961323501719029,0.019080214672435036,0.032611030570416644,-0.022037518102784315,0.040548654835382864,0.03418797109298263,0.03128985180381366,-0.05513158138100936,-0.04100345946178291,-0.03207158317386111,-0.5836168093321418,1.4889216568201145,1
-0.24956484642963667,0.06104729284611703,0.046866356824793884,-0.00652182166527529,0.1160446968419071,0.19670888181351331,-0.21164903550771408,0.07378838624117753,0.01709132697146447,0.06281552333847731,0.9161732510143012,-1.1128234157897117,0
-0.2873170597825694,0.12104813489553759,0.05218499345285012,-0.07025660603574194,0.23141374685457677,0.14531154421340864,0.04484935167667725,0.19938485250561563,0.05739713973389911,-0.14776449054997245,1.2499141228329755,-0.1405597817757922,1
0.06179717979161936,0.1696819869566537,0.036645800155856736,-0.17722791176521224,0.029649249816766393,0.13280911922667676,-0.05989332471853376,-0.055365346381174615,-0.009438653708399164,0.12224370336912008,0.38223090329701703,-1.0776012067012686,0
-0.2363844171040646,0.05644237061888317,0.0048170763626990305,-0.16384583037015954,0.11613660283878363,-0.059313124405383055,-0.17788529673251052,0.0941453186708994,-0.04237774316422073,-0.1998558908395524,0.0771260627061583,-1.4333359523094233,0
-0.0003418353699589649,0.18252738655380132,0.031440382235308026,0.03358324782234512,0.2038026564547311,0.039884316106840956,0.18470834207494008,0.082545805177871,0.03292797793643473,0.24646388121836596,-0.6312726203557285,1.531987704985853,0
-0.027260834839724357,0.0883160814397213,0.03283436856352759,-0.09963923329758358,-0.13397840492815977,0.18080402607227536,0.0936760275344024,0.1684364307703268,-0.011016148387390692,-0.07828838409552075,-1.2087655597626843,0.4202791634902321,0
-0.027100967489271877,0.16858204913532904,0.07151760198952675,-0.0006409828537519979,-0.02204064289184582,0.0790867010629831,0.08695006082337509,0.11827291579830293,0.020038099349128174,-0.20295075527945972,-0.6206564965931548,1.2735372201234145,0
0.1153112828263424,0.1715067468549824,0.022797508618786416,0.0162048067772462,-0.03265445935715991,0.16976383740124973,-0.10092470170336229,0.12092966830291357,-0.025700521457812552,-0.16400242856918834,0.11642289679375462,-1.5245826801498055,0
0.17170250190136344,0.18393916853226475,0.04850953823972258,0.015635845434218143,0.15140328713629508,-0.08806693128053979,0.20107837280038576,0.13800323823751706,0.01926951888442642,-0.20482050682626052,-0.5579087368482318,1.4091459027802198,0
0.22716182308940364,0.09604467160227748,0.038285796785651485,-0.0034623702375339294,0.14866898511492466,-0.008787065679898842,-0.21277754477409902,0.11649576137696252,-0.006169121525077335,-0.05467319627253778,1.545282410909895,1.3303469543293869,1
0.2159647210678169,0.14683415970718375,0.08196247368653159,0.19781406209313873,-0.03562221902208605,0.008591294562386345,0.13673733486642942,-0.05834252819634879,0.07817656275542713,-0.2108460774093986,-1.1701729999491277,0.7189720988418069,0
0.2116302382743111,0.09742049308272313,0.0461745637462183,-0.08296604649992598,0.07382575081775494,0.12118864909036589,0.030987650651393805,0.1436238293343102,-0.03907694645427069,-0.049818255678898776,0.8826239928493,-0.7644381965880108,0
0.04396306787822385,0.06715080334642193,0.07701685708957694,-0.14112988631738582,-0.041587072409539294,0.1555611063580679,0.1181797080282832,0.08106417567770738,0.00218896262517803,-0.012139263861719679,-1.0509418367321781,-1.215551923013586,0
0.22020721339249733,0.17733872551754717,0.04163788834687758,0.047884814678534116,0.09973367677790074,0.1484812680855725,0.11405150702456329,-0.03221676218092828,0.07164850933801759,0.11171693034445726,0.6870385266071934,-1.1578583619900902,0
-0.040440385751100094,0.10831501592057824,0.062468123921990484,-0.17677251562590868,0.0011502781021473785,0.1273370177866573,0.306927853720386,-0.059454033232119195,-0.014314511963774909,0.014422873095857214,0.7157767113515796,0.7872060099385412,0
-0.0032538029889708775,0.0987024715865876,0.029747379710137436,-0.05357761015254861,0.23007613993472104,0.03816057129394482,0.1945204619762081,0.013403927856699971,0.057409522442162395,0.1924780119810451,0.8264089888786448,-0.7095741399385843,0
0.07847251991685966,0.048326769901333486,0.06222985931231398,-0.08020725500890735,0.031605097026406265,0.19453948869349486,-0.1640606925098374,-0.02345490210444165,-0.029868741809216358,0.27901675138446413,0.6093685877107917,1.1197029176279696,0
0.08579871008529077,0.12552412834764373,0.039826633970052344,0.20547426501847404,-0.1447061416463802,0.08187280022250817,0.0835987846293132,0.022413110318662666,0.06619484942588681,0.058103245923082664,-0.337440078342099,-0.9638757160482175,0
-0.2513056720518494,0.15910238348438954,0.0146961994105131,0.17348806979423648,-0.1125569381270282,0.19264312198692712,0.21494463540555825,-0.03179861900685445,-0.03699093183351484,0.1824241389812616,-1.2468846609377833,1.4710922671723663,0
0.14686931137235087,0.16159963584065776,0.06167340762695041,0.166253923128048,0.06154030811109379,0.130312775150292,-0.06824280706719701,0.14509900561440348,0.03832379230256956,0.0689936062232668,1.4389893816023,-0.7780785325635889,1
0.042467001482094924,0.06471974035213258,0.015622641482947251,-0.07028120425276935,0.22737432662301355,0.01210325469894677,0.1258236435293214,0.08742308482494174,0.06497252946271544,0.1597252901981949,0.18680097028936382,0.2908529389049166,0
0.09562326306884283,-0.02019240205158078,0.037681633847278656,-0.07560623233750668,-0.13447442953520633,0.1966731687991276,0.27053020977548914,0.13513331232916861,-0.02240593770297504,0.27426180903320285,-1.4957606078715822,0.9059668791386428,0
-0.28832780630853655,-0.017241257876543792,0.0534641920604815,0.1735617998488581,-0.09052043465684194,-0.010779693051846811,0.07300913660329855,0.20180451874576635,0.05353735765064406,0.24202819020062552,0.866008161039409,1.244321621856635,1
-0.02189565721042963,-0.029254478450271296,0.056398140748340445,0.0443278625500198,0.03203194703958573,-0.0236247963984781,0.18649286372146223,0.1544057732493959,-0.0017075082968997651,0.24411402670895713,-1.3684387464144283,0.17465270694262336,0
-0.21722655847516598,0.060970434786874014,-0.0007810792987488031,0.09376218551718307,0.15465477194793997,0.06010626143301087,0.2496796430013768,0.18980627246481543,0.008872028635691871,-0.17200299304995423,-1.1072793431122985,0.31110639251661176,0
-0.07998190064073626,0.10737783461264203,0.05250968027055887,0.04597368368159338,-0.09762637878347367,-0.02029224558930963,-0.04874741073992156,0.1554655715244602,0.03863864952644064,0.10377798679490471,0.14790362678577385,-0.9915009113780234,0
-0.29001840678317486,-0.010505278085881017,0.004707081350468807,-0.18288621472903457,-0.033634374964560676,0.13278953607250452,-0.2008476836430111,-0.03306951339765063,-0.03214393141816676,-0.08234578497577816,-1.2863585152917894,-0.29448768201349806,0
-0.15414209823461256,0.1832119108031665,0.022521538741680766,-0.1206323793985289,0.0361348161849013,-0.037542211334983144,0.05649123718804566,0.04341151962700475,0.06586512137649769,0.24418979486300876,-1.0299304299303103,-0.028936531488499062,0
-0.040909506896192216,0.014904492345971188,0.06445433919331175,-0.19760713532349355,0.10215915369091966,-0.00891012929128436,0.010964393453176957,0.022875905809146696,-0.0016308342161864692,0.11837978931904333,0.8904703108317309,0.6480579426081376,0
-0.28772049124787574,0.14903922409360523,0.036670750413399594,0.05162238549947151,0.033278662362227096,0.0812990924472298,0.09546852610176781,-0.0585554884675669,0.019741131917180063,0.032910276902679586,0.8914259505210025,-0.48834001103688673,0
-0.17745614923417402,-0.04621827307567848,0.06489760283925011,0.1557864047464531,-0.06482271838350485,0.10222757261028084,-0.26463404673258734,0.12815874022009277,0.01105901099704372,0.17698893347247754,-0.21570440028328086,-0.7412170558035249,0
0.16954784915396975,-0.05008656891049141,0.008962447159652873,-0.0357164707683614,0.07597015187290881,-0.10595289592394547,0.06546598334613601,0.03755094816113552,0.032013926705329654,0.23379707192443397,0.7810168400104642,1.4532153225437814,0
-0.04728176062997047,-0.030627653075767033,0.06398537995827157,0.16426826646718934,0.16113564989140666,0.18155777889956137,0.0034522543556790297,0.10995872132926976,-0.02655225478140903,0.2684475229188036,-0.1969986521823459,1.3615321437935652,0
0.14923523454210796,0.08337718945624781,0.0782019465192638,0.11556075362309248,0.18718399833987226,0.05924651407315548,0.03198151420133821,0.1377247784040688,-0.034585989385886085,-0.18941675509098477,-0.6433043270783495,0.0036010773894974424,0
0.2354443172145428,-0.04430863518048907,0.016420821456540197,0.17117866870144638,-0.12468610636047599,0.030200429523731254,-0.06991877418857081,0.17012340504201817,0.017815020565064427,-0.07214802730910963,0.6479355169074112,0.1801927339735847,0
0.10668813952703082,0.09113549648005048,0.04651417167067383,-0.024845482204150726,-0.04362346889541148,-0.0875677218881395,0.280758561793082,0.04761539617904717,0.015004512743899981,-0.029777846299598315,-0.6339062597164331,-1.324527570239644,0
-0.25782135611299695,0.08865974966400886,0.03597408687014075,0.12544217832166482,0.2347101192466337,0.11954293993291229,0.2332268712455492,0.07037766994343833,-0.0005134571954595463,0.10295701323096904,-0.6877289172546325,1.4970318567437226,0
-0.023993742537056995,-0.03178020516933645,0.011612839286357257,0.16285765155203152,-0.1028126660443543,0.13999437345740498,-0.05179595040344176,0.11292020060360153,0.0675758334418782,0.1712409599897571,1.4851418167682333,0.44675418905946196,1
-0.1052846357480813,0.11901845497502583,0.06254354634079795,0.12404723137532014,0.1328860550695607,-0.03685456965510252,-0.10014127043854301,0.1865682453317703,0.022354605657202334,0.15811782379143022,-0.1609520066825585,0.5782370821355369,0
0.1856077624152393,0.004173595832561161,0.07230277218989345,-0.08310129840057442,0.014466810071472241,0.15216164244001312,-0.07991808882243265,0.014355268183394956,0.036917670184066415,0.2797943121195109,1.2830648210295663,-0.045525477323222985,1
-0.010474460824205,0.040531530329300874,0.06005769139510733,0.024611818758422582,0.15572970783454576,0.11940481171759026,0.3028076916121152,0.1518820226418783,-0.0394338349025369,0.17058630631169172,-0.11795751433629587,-0.6630018302216596,0
0.03457498154423877,0.12340636709019304,0.00987317539797352,-0.02608525675967044,0.05465115739444712,0.018522328281544848,0.23963900934434212,-0.017870081044231413,0.04997138589964395,0.16984793771805448,-0.738500564823572,-0.28673961617522403,0
-0.22466421057570735,-0.011957989406715386,0.04024465405742643,-0.11495845545026877,0.15915576548554383,0.08046869158285269,-0.23474542022224743,0.03209956004796241,0.060991750532761305,-0.07856371556872102,-1.4654958705778964,1.0513965830907857,0
0.2210305272857485,0.049966343840078656,0.03660345994301473,0.030950313003704655,-0.016233101952035422,0.11374033052747681,-0.2590573465632408,-0.019641459476614047,-0.02395425192222656,0.09901758455367168,-0.891011740188982,-0.559899966181689,0
0.17624425913563474,0.14014523285536243,-0.001075044220180836,-0.149391704333976,-0.021532782168664916,-0.0725318149696594,0.17148899383364924,0.07075680805299181,0.004201494981837632,0.1434791037916763,-1.201310971025583,-0.918932666654278,0
0.06238318222814648,0.02491276710605146,0.040989968062979734,-0.10026072730405546,0.22982680567936314,0.025371332148914766,0.25166285851259884,0.1960821747534124,0.020062511518691817,0.14598379863809643,-0.8712797864894921,0.31385088960275453,0
0.23358409589855816,0.051742493215352764,0.07315212781608468,0.0672110100147883,-0.11846627777873175,0.01971212473237008,-0.15411915131597434,-0.017617114784640293,0.04280801408098098,-0.20133085937271242,-0.9372285189923414,-0.1598475518258704,0
-0.03181221710534027,0.013444190994998731,-0.00025867258376850895,0.0387340509404725,-0.023627325548985223,0.0828647660408425,0.05424768369846461,-0.005175575833121268,0.010657306562462762,-0.0633711654945808,0.3724089528960304,1.1028349073378243,0
-0.30592239596950543,0.006002682413657201,0.04019206646798472,-0.008653811897369024,0.2120851839973768,0.14985050656958843,0.16761975901983572,0.07340340779642024,0.006503002417519922,-0.19808108090831938,-1.2759615937223514,0.7353503886688408,0
-0.12863555278404717,0.08828441394517275,0.06044625103430029,0.011174993443746867,-0.10089216546703847,0.17364153700385415,-0.20216896698814635,0.19384807910177018,0.00822453768253393,0.2534703325137684,-0.8547267563070513,0.5521344977906903,0
0.14616688951143153,-0.03763148914117196,-0.0005203539200002525,-0.05946278833247082,0.08129355468593502,-0.10466904930274397,0.0307464980936899,0.19545454367768036,0.060994223948998005,-0.10087868090105698,-0.09414497931662069,1.3012981286864702,0
-0.16173821475415173,0.16535639841742045,0.08256993938281498,-0.10739976026212467,-0.07615559004590583,0.009586194614861404,-0.009383676224045179,-0.03893287263132448,-0.029169746922500846,-0.005434946939401469,0.35228426107251565,-1.1787335005046438,0
0.11835799001888858,0.07115918417267714,0.03125176478302978,0.14135235918971867,-0.09439488133145565,0.16319073256822914,-0.23908809061069133,0.1816375995912221,-0.030298623596042493,0.18672199104754125,0.8584721134255562,-1.4563647262713943,0
0.022288692427958112,-0.054864478101180676,0.06226887779193127,-0.16700779495637277,0.053629440102517106,-0.006232615519766768,0.1719996767621934,0.16308200940716877,0.01099003190414058,0.15984940270394024,-0.11283266610800768,-0.6514045112236405,0
-0.1280486741777484,0.053368784262756444,0.012851862919228692,-0.016152242671053557,-0.06276582457491046,0.13874409210397373,0.08559497273253514,0.10491457727367043,-0.033920062244151394,-0.21550163283578075,-0.16659484966636895,-0.46384321897200165,0
0.2216154707598295,0.07137863559272384,0.011460805961629617,0.08533443908061228,0.1173971661324002,-0.08752136815247974,0.13407018390633046,-0.006334458986259617,-0.015619597001999636,-0.20063883115277525,-1.5500234068715983,0.766020084023207,0
-0.18053523180453224,0.13357376866247173,0.061163015041972385,-0.03671526423953536,-0.13310034940383952,-0.022040208448514315,-0.17172940593973157,0.1910045938373219,0.05583087967624942,-0.17733728566524698,1.5615134481715163,0.8637191032023408,1
-0.29432852007506266,0.019016271337203808,0.00355233037929306,-0.11578227695841592,-0.0308379372235284,0.017222096555441782,0.0036918909757835405,0.07502147167552764,-0.000969800794078865,0.03104544078166621,0.9035198121439068,1.4476040829550796,0
-0.27395148824389504,0.08324569111012314,0.009551060046976947,-0.051227266111791736,0.05622657891602989,0.12427213789266123,0.29853068431556795,0.06799416962107402,-0.015307711997446197,0.1765384564355482,-0.8111212424277618,-0.4933697391223053,1
0.17294742858782947,0.0388703162201897,0.04254318956560868,-0.159401535980904,-0.137952830616454,0.19335915425663663,-0.16393331766189811,0.02619553675579439,0.016116208995383755,-0.030420473568357143,0.6455902469095369,1.0995781589084006,0
-0.029695526409993678,0.04739762925253718,0.06444674561904051,-0.07813468454857736,0.21214448449155282,-0.021239426679304257,-0.0757037729052557,0.18849124181461993,0.058715560570158795,-0.058952694343126555,0.3167508299024593,-1.4286830835699316,0
-0.2633688209883834,0.012286384467728034,0.040234782292374136,0.14047152498847343,0.06341218174863228,0.041897609481365394,0.2894916489077709,-0.03175058521003254,0.051051010695643786,-0.15319391389068315,1.1697633821657052,0.19008691245682519,1
-0.1609431258713029,0.07286417002005505,0.07182210790620472,-0.010328845343509863,-0.15750513553724163,-0.09024460430764158,0.09874783731723052,0.11673063954154297,0.003061060238976239,-0.09576316912829023,0.4781970201409502,-1.2722557759056126,0
-0.2702970487448833,0.040286220832322805,0.04092330876422419,0.19827062292764497,0.07434052343206568,-0.04396313280768062,0.2142756983406081,0.014543030651575722,0.07378585375406978,-0.05481240995762365,-0.8577744035218626,0.18906904289198656,0
0.18286060328098225,-0.04990663828533711,0.06913918115979056,0.09498288173219116,-0.02776675707313675,0.041995099154009397,0.10296127344469724,0.18696382001935213,0.05105336547542766,-0.0036122381190889508,-1.1440848463577924,0.5595204242173468,0
-0.06956590239706287,0.13327226957234034,0.04704818812871031,0.12117127389347354,0.04171786511610276,0.008452639047344002,0.16237341680391132,-0.03774131517162627,0.07623788379005772,0.2543389371219781,0.4919772590646596,1.030785884128372,0
-0.0195947728453415,0.061806099159850164,0.06643430887991925,-0.0901960951535156,0.17635620874254437,-0.04623273141202243,0.24143509873962032,0.08054480426182678,0.05906158988382178,0.028461921338177876,-0.31515213903477046,1.0471689893199903,0
-0.07285289006968812,-0.005836203553144355,0.00022842800572534655,0.03946809213499847,0.08180820945611295,0.08183748699756963,-0.24598379157702946,-0.05528322045680424,0.06568443509404627,0.12886873259480738,0.33214829710522586,-1.3505756586672357,0
-0.2199061914206102,0.1370769808367386,0.05762660212778428,0.060044638833712194,0.0935681522170308,0.15449236036103436,-0.07445325309794942,0.022673632422277656,0.006061542425048347,0.2748323272485378,1.2199121598031992,-1.305679376611263,1
0.1516556749844682,-0.01612213828763772,0.028779305895657015,0.06118993592668087,0.23102871478871634,-0.06039058070156994,-0.005811515643690202,0.17692745565050694,0.04413272599681242,0.08831994636133991,-0.027503584956801497,1.343867876174049,0
-0.09809262865429602,0.002646881321120176,0.06538040465432282,0.094730635936226,0.17053054243915589,-0.055322768086917315,-0.08805178967769484,0.1406929666409718,-0.027160318023946344,-0.1439797317379114,0.7578549847204632,0.5323533473993878,0
-0.26749137830339076,0.016695401896923923,0.07147554518944077,-0.18604144158176975,0.0640014312063415,0.06423536623714157,0.039815575335526154,0.07113742638175391,-0.04572143201921684,-0.19268182629360284,-0.03146103437629466,-1.1722833487193294,0
-0.07872484721475287,0.05556490678036209,0.08114294159344079,0.1194229262312243,0.14476325770157633,0.04646021406667808,0.2523219623661681,0.09114596025430954,0.03540048663406109,0.1745439583195116,0.0870664730356312,1.4941722464934577,0
0.25399915151378566,0.08353473964933567,0.01213065986563822,0.11764259995887838,-0.03258055434109794,0.06853654305181828,-0.2173054636655382,0.15096310169522673,0.07376159501369295,-0.1694752696578069,-0.01147955728583816,-0.9226777371150923,0
-0.24993622801745563,0.0006220809342848549,0.027550739944023264,0.1437926434533519,0.035231150292964586,-0.06573098554616943,-0.1190810647922832,0.06105460064567296,-0.04292699125293521,0.09686261297267043,0.6453210593444914,-0.6317574450219462,0
0.10820723187371034,0.15133364553588732,0.006288044454081477,0.0447972270059146,0.14908539451684377,0.049819900549906565,-0.1917745032359331,-0.03637402831927314,0.028956015838080065,0.03067728299310668,0.10245547613090045,-1.138203309879387,0
0.10241255770505009,0.17982620537712912,0.05504090673939155,-0.17089471522695596,-0.12940367515233964,0.14137351505346724,-0.058680592231263845,0.18187276086234216,-0.03290719447717863,-0.11759185064212987,-0.9378765989781871,0.37954842184829407,0
0.18469828555157458,-0.03534960143280935,0.02663643225678446,0.06331376409026818,0.20362529749868236,-0.03459946562473039,0.08005205146727506,-0.02458226619131927,0.04689162908143141,-0.1529509840463799,-0.5605033379929036,0.6887246656176538,0
0.08037822484646728,0.1297976941790897,0.015393672309517083,-0.1022137088780434,0.07589449492079303,0.0848177267919221,0.14962877859279372,0.09091265183801181,-0.025775216663833513,0.24231632042041848,-0.32444803937525757,1.4031710198300529,0
0.21498972904622843,0.16291262445160148,0.007213683546812346,-0.10907309260420724,0.07815241875281395,-0.004658405374907207,0.15562483400423333,0.07560507464849808,-0.01415189937145691,-0.012276961763549615,0.411794875638432,-0.9209494412684665,0
-0.10076076028059375,-0.03392539253745221,0.024046201079381487,0.056585573824927515,0.14069450532470057,0.16083306848711293,0.28938994005617347,0.07744544619640215,0.06375495020323049,-0.0861880495133027,-1.0176973406493426,1.359562726079566,0
0.12819437223899816,0.12884369699964343,0.01787746943457652,0.16454969083267573,0.19281667273580722,0.18175452537101056,-0.0025593897060232074,0.19856616456244522,0.051665698136092605,0.10787302711457855,0.02813979552735124,-1.309863417121453,0
0.12558057332211825,0.08314993163399914,0.0825125283085222,-0.10448268803123706,0.09394950713167316,-0.009550643925606797,-0.0024442345295271894,0.027093915362623358,-0.005466419690420207,-0.029252215020022454,0.6514864540472118,-1.291758339609311,0
0.10308546727364565,0.016240821047273854,-0.006106628695611783,-0.17549480363680492,-0.08257625660739304,-0.0928050489283641,0.28024604163534106,0.08775721884323204,0.0020778305649201967,0.048095534897187625,1.316243863819624,-1.208758441434768,1
0.24343474006462823,-0.027671338624048678,0.005823794664638917,0.055821539387933106,-0.09996312832509571,-0.06905930636956548,0.12065823427092537,0.10105698259334464,-0.020285960208169206,0.19221963044745846,-1.3899605532558132,0.3936245609648634,0
0.11108496992261119,0.09005473129229269,0.046456253892191685,0.08017596092911178,0.09581357103199589,0.15918927311365821,0.06177225522647084,0.043577747799212765,0.049277941281704846,-0.08759637182015148,-1.4061164842224252,0.17296058382835544,0
-0.03719111022089283,0.1205779145944108,0.048961401002777225,-0.17371595670039772,0.016675525752544357,0.14014913099565704,0.30954981932287773,0.06090127037130687,-0.03700752259995727,-0.03453177949443895,-0.5460463466914389,0.08807081027565711,0
0.18301332432523293,0.07175669522158737,0.029752241071368406,-0.04203406573903676,-0.14890262824640108,0.05077376295278754,0.007821710815971217,0.028928709974717665,0.03565166485609776,-0.012279776323226327,0.7131683090958483,0.1285629694827799,0
-0.1040157082558407,0.03743915180083976,0.07059514414397065,-0.05855925285907257,0.013826449990047701,0.1367802915859078,0.07514511314367223,0.18441180309014477,0.011800189350710845,0.021457642700884155,1.391084949526092,0.6120656339654074,1
-0.00299205980177486,-0.013918352916068993,0.03315449364380142,-0.09017044833563287,-0.15186984644784082,0.037422610982055377,0.1066402940197278,0.026905432579320182,0.05060205817672346,-0.14375700910322337,1.4121390955075206,0.7635728934802575,1
0.21593834431159337,0.03953922276773428,0.03009877823508821,0.14982737560206233,0.04991436027905097,-0.07178620438614042,-0.2009972546619691,-0.027858132253824594,0.0511397210920769,0.08242334420243566,0.4546771899003288,-1.493517532318217,0
-0.24192988792311215,0.12111245488764355,0.07240747888847489,0.014568363126604672,0.14579265024802623,-0.0211424041902369,0.0715539922279107,0.05329658569029645,-0.036783174779919964,0.025595974764332313,-0.22404840904830237,0.0020779282068543736,0
-0.039069626264347235,0.15323947530741577,0.06370923754239975,-0.0013387059495283127,-0.09227719073672722,0.15133573863090077,-0.17884701029293268,0.01066619620777949,-0.03214251410666702,0.011525439672083138,1.3538719881375723,-0.3269207362370854,0
-0.04811485067288779,0.17698162387454375,0.04607360595688895,0.04556865499829077,-0.0907160729435281,-0.04951641124364569,0.06632189888128848,0.1280871983358932,-0.02193898526069771,0.023934216222798288,-0.6943160952027272,1.4652758586574592,1
-0.1853312025885279,-0.025219164425039145,0.021069987869122588,0.15738644358748288,0.15866502004735872,-0.07650226898215493,-0.2166657587556352,0.06781688884006515,-0.01271937921596479,0.19234211085992267,1.4376989146543921,-0.6596960797163326,1
-0.25068619357780203,0.17682493120793968,0.061623400003543785,0.09945397791986405,0.21210530839336061,0.03595630086596846,-0.18130492427792863,0.06886124684163009,0.05551113892726961,0.21026276517388318,0.1560873036916195,-0.3680344855423412,0
-0.17109267129985806,-0.0033365423711358352,0.04520211364359604,-0.031648730438961103,-0.09635170065326804,0.12474590413549469,0.04057216191982427,0.07507304442694276,-0.023892267929056014,-0.09657678252846517,0.8012156021197996,1.3318084239880654,0
-0.21109801189875085,0.13839902271911178,0.06352973818823714,0.13455638193553898,0.07019251043584065,-0.0001808853096901819,0.1788614515296983,0.06437780532948556,-0.01976240058421486,-0.01656950262764076,1.0870555742280128,-1.545037991294476,0
0.20211786948745075,0.04066491560629784,0.017829148499523623,0.196883677612747,-0.064326506012474,-0.1041214058993747,0.224480620493406,0.18984839671166145,0.03862711932320238,-0.013958154050827204,-0.6328984761174827,-0.38699035746089905,0
0.19510623746096395,-0.03452456568867174,0.07078517533630943,0.051038830476018204,-0.14733097011955926,-0.07441825604956244,-0.24113931214883258,0.18829166395304323,0.006199955799179972,0.1388487444991179,0.23926041508460383,0.4502312645243698,0
-0.03624196387846895,0.16550301424925878,0.03926693060503392,0.12351790964481763,0.08908514502367884,0.051281026153952,0.2814600336612504,0.06851708913851426,0.06530022031597747,-0.19832517146893186,0.3264844728210228,-0.19336880863954153,0
0.203099784621882,0.05866537760253114,0.03483563119505649,0.13269700486064112,-0.027482668606730737,0.17837447118063882,-0.12237336288645143,-0.04285983226444058,0.050018121081457895,-0.015409681599853953,-0.7847445380553888,0.47715579101266115,0
0.2496596340697334,0.07976814646509511,0.0820374885135487,-0.06469446791571201,0.0037735535095312356,-0.0429129607323743,-0.01835252470260032,-0.04613673680242275,-0.047837279245213055,0.008580288091371013,0.6070683451907046,0.9876143257081609,0
-0.0156084514564645,0.04905770772185662,0.03980329483985856,0.11793937697764917,0.1580951600307796,0.1481423630228209,-0.14451959696958072,0.05853371863495095,0.05751322316848434,0.251116362843818,-0.8264515107398259,-1.1905792744045975,0
0.12584284667404505,0.18209123962893628,0.030643634675115477,-0.1401458291267246,0.17017768485540774,0.10920716602941555,-0.18351243898842987,0.023011907222752523,0.022273797252516186,0.1467131800144281,0.5916521937297079,0.7263999058814175,0
-0.18841749056888546,0.12177874648268686,0.002510535105646498,0.0006525135930106618,0.056039067167643036,-0.003990266841115558,0.1935170504127373,-0.0478791854606269,0.0507184563222572,0.10432303296222042,1.4661760271948607,-1.0221296266854545,1
-0.19673756739842468,0.1355799728956019,0.009017797523727729,0.20876191222382923,-0.14713848519743794,0.06124379384710249,-0.17023134761966813,0.045346917298500516,-0.02913955348309805,-0.12005368303637431,1.2858967447981822,-0.012007070225955818,0
0.0998637400793036,0.05096878817514157,-0.0038930301135853083,0.187000780661089,0.1033936927751507,-0.02689432348007069,-0.01352950141085485,0.06684259629104239,0.024392918061066207,0.20922441625635538,1.100696816629042,1.4604669455118702,1
0.10416780972687806,0.18131724296491183,0.041977601951285526,0.07686803804039238,0.1320113893846097,0.12272781709651676,-0.25335723685929057,-0.02882498691725037,-0.01901921684345173,-0.08151577341219027,-0.7721744237468977,0.6223211832045219,0
-0.23056161799193317,0.04436545020123775,0.014043566232501147,0.14087713212593916,0.20322995746081518,-0.057394763337781596,-0.02633779983250134,0.18942299076556382,0.03545023051722593,0.21450705337926898,-1.3817953814748072,1.33719556001244,0
0.08380083580938885,-0.026022252227125522,0.06823403329284909,0.10916036148779651,-0.03940238279076323,0.0446225772510247,0.19517142957106226,0.1846827006410377,-0.0032330148761500477,0.17575280339900443,-0.9344024270159321,-0.44689128919614984,0
0.08090186625552936,-0.022291761446065518,0.05914693575828925,0.0961486120586253,0.13375282930859667,-0.002305480612936603,0.16078709425974475,0.1560346356029015,-0.003871321246816724,-0.11304154508802403,0.7797183030371986,0.8596100069065156,0
-0.048660052101960116,0.15481831025127807,0.004316937801956718,0.13272709185833825,0.034197902031762456,-0.09454020740059674,0.2955675109704671,0.14320906127073033,-0.020664153186038228,0.24209408355664466,0.6058056904714995,1.3218266533344958,0
-0.23980348814316726,-0.014096023098345567,0.06043672707345314,0.17636290655662645,-0.07498763288582526,0.03306592166176067,-0.17788635899866972,0.06386545765484714,0.033603111201685354,-0.20701962481782582,-1.2318962518136138,0.4207724876581267,0
-0.051745430723000474,0.15863293910451215,0.0042091865662768745,-0.18824861366551227,0.03618122563851375,0.05509302381055897,-0.11310766616308593,0.1917474927699738,-0.015720244550180985,-0.08217701518680398,0.297687373243001,-1.442039210946719,0
-0.005206028672255669,-0.05485967008734648,0.024242146323106676,-0.11527168719329574,0.04219344302017941,0.10071030578218723,-0.04030980907778789,0.07955975135584684,0.04848772955339126,-0.09409271523552132,1.1859851343588936,-0.655067244937202,1
-0.29151448888657805,-0.02281376666810992,-0.006910964595405741,0.024843676978441614,0.07745374804765912,0.054481744207480004,-0.02767033682801298,0.07735684972498758,-0.02330512471455004,0.19373981821264927,1.0014953065324856,-0.8130358934480612,0
-0.09801045900978184,0.1333895423169186,0.009498825518394458,-0.07433609959832857,0.21201204735253704,-0.05068229419039021,-0.20259384539712205,0.08193793027915264,0.026611636470783767,0.0800683885047502,-0.16845787496514486,-0.5164132639912196,0
-0.1737724298058361,0.17147158143225943,0.012666570206251483,-0.20262195499553992,0.06469029485881828,-0.04563248401947063,0.09639558611004001,-0.0019224619423421838,0.006398676898416604,-0.12715455613398893,0.6995039794053237,-1.2746496876139255,0
-0.11888057627240506,-0.011038571097818063,0.06607287900873916,0.0983876225147094,-0.09406865284159988,-0.08222194633362491,-0.2525959663598698,-0.0025945195992536987,0.013007188137814062,-0.017811723428356657,1.526201064218902,0.3089259953513199,1
-0.2679020838969632,-0.02078303129746236,-0.005617696084723307,-0.1515062809932105,0.049477318588151076,-0.08410308108710735,-0.23284118760530992,-0.03128754482272435,0.037013677182431745,-0.2066210740444418,-0.45232371111542635,-0.16721430933155546,0
-0.11967545480165212,0.056170553987598584,0.03899127505059616,-0.03238336114536286,0.032418255437264204,-0.0038745426386336823,-0.08108268145465095,-0.055309721780352664,0.03731647760210234,0.0900524829484057,-0.32722417526272074,1.5051468141391775,0
-0.04137633247772632,0.15531200532626335,0.03227912272059642,-0.00803321166118598,0.09046512140077584,-0.04165042394690362,-0.1416676993066139,0.07228057532795251,-0.03920421597050541,-0.09880095742016137,-0.736521343043739,0.7067449298554871,0
-0.2974812204722782,-0.04470393777090821,0.07546331246400306,0.194503853399079,0.09369208340209195,-0.05109383464914029,-0.054406623292985734,0.0182410560448983,0.05169677754196267,0.050267543506172324,0.24134510394142894,0.7892035542562514,0
0.18602630959511418,0.04504936401731317,0.02986651616073974,-0.003178280861986016,0.07417585264418658,0.16524192920437597,-0.0024950034755432116,0.18342030544379478,0.0020326640866623197,-0.055179371675514205,0.38863644245214846,0.49833749555333795,0
0.17434286790631565,-0.040198909771770305,0.02232584639372839,-0.10406188288487994,0.13459973096256211,0.17697906768203125,0.20531177357229435,0.022083513589006107,0.009909267355102419,-0.0936511696436439,1.0659387805265161,-1.026731614213137,0
0.23331816232217256,0.13871842939337925,0.05658159289610615,0.1172585986906895,-0.02576813404264447,-0.01725046502032411,-0.04668688627958614,-0.014509205516842913,0.04677509228130784,0.019481566036427145,-0.3253506368790766,1.444715977142183,0
-0.22334977580445103,-0.0061938611682112316,0.029255051521970273,-0.15971248709495323,0.11282508553572806,0.11749568127575208,0.1501060324562301,0.06180358235149455,0.05906224882047187,0.084383002120518,0.6847939632340909,0.6711941962531818,0
0.10155763196383027,-0.029462973066461878,0.06757099009163595,-0.08076233314669537,0.0057312131832920055,0.033655427471943916,-0.07569690039315924,-0.033858488013111074,-0.02261677719773101,0.18243866319989396,0.5247717793772011,-1.2453557143290157,0
0.15823784200980828,0.03848582098418735,0.06335820659487329,0.03374000651566453,-0.04676798850651774,0.18994461138093172,0.27002445929341423,-0.03286433496498775,0.05858084858595283,-0.17767952740794796,1.370850776388511,0.9627858354172132,1
-0.21719565299622498,0.13959681389496223,0.0388024054431048,-0.1847660549021171,0.15597366495451237,0.13297500946048485,0.011575367920207968,0.13079235359660205,-0.04281483661987526,-0.05838772718956664,-1.537008470307881,-0.20079476971609256,0
-0.05438247373523364,0.16753576924754318,0.06703994062087254,0.025947772471306613,0.06820221972475496,0.1630742494037974,0.23214444854329103,-0.039184589258667774,0.011155035930846054,-0.12152823316003857,-1.5354076248140187,1.4134518007627979,0
0.03753180639705539,0.134019924561456,0.07482413728527557,-0.031139341936798265,0.00708068740079143,-0.06076184908713285,-0.15470205177366694,-0.03543021674291566,0.07589456446817054,-0.15291477287543903,-0.43273625344265776,-1.4246331926344822,0
-0.004627777995326987,0.1531047887085609,0.0769753991230961,-0.10838502963004555,0.20064580410567123,-0.03062232395049927,0.19841530918730566,-0.058500001128095586,0.019991345200951194,0.14390833091394364,-0.07504455947146238,1.2483020967813705,0
-0.14131254362455348,0.14833950964377168,0.021355659370288896,-0.111117183783638,-0.15952623107047237,-0.03560608296416422,-0.19893317442938258,0.11593869214276237,-0.029540309181030167,0.07423003073111353,-0.39222359941018836,0.12312191920809168,0
-0.14895464558598456,0.01570190180056004,0.05011698785919988,0.18699042554771594,0.23244766781342097,0.0014730056052459362,0.28034988232513325,0.09938157486558813,0.06708643401097472,-0.20240650020221063,-0.879371584854207,0.5862833929547342,0
0.14867234399881446,-0.025893100799490476,0.008001735571166516,0.037532292913252385,0.21892623913441023,0.06548872140513054,0.15661627476292156,-0.01289064531573677,0.0680639498029558,-0.18850127262926106,0.250628245154908,-0.47659593831235525,0
-0.18301303555645124,0.10220133695787054,0.053604535098474765,-0.12037916320785154,-0.15670834242968976,-0.08484155744844825,-0.26725239222127906,0.1768777205177124,0.030956378652789385,-0.14753724196897094,0.4046375982902133,0.970460505028875,0
0.15248503600417918,0.16642314531924518,0.00642976706617405,0.010846709562449403,-0.11201927163629885,0.13520233994334996,-0.028703277150338796,0.12146229062588146,-0.04406245859484965,0.16976845176453884,-1.5408470297702002,-0.25947876831805594,0
-0.20613820524694532,0.13297893238956285,0.004144416852056772,0.07051341693477775,0.14838513508714835,0.010310253844713124,-0.1260503946146607,0.028569707701740554,-0.010282470090693545,0.09788949022754714,0.5118584416181522,0.6511815643682983,0
-0.14767712457689094,0.007973659772556721,0.008045796426160455,0.0930868156407425,-0.150702155252594,0.1744311137538243,0.17102625587514358,0.04402019188199123,0.06105625732427683,0.09048988536204858,0.8837476874921826,-0.7870822864344558,1
0.0676249846172331,-0.025469639106832705,0.03963031317911936,-0.1608557472854897,0.01611624895522315,0.08048489810006249,-0.17747562612332102,-0.0037982388940003137,0.05526171793105637,-0.08934631686690031,-1.4212652256354747,-0.3487010830825441,0
0.22367283575026925,0.10951512004512232,0.04421913157368333,0.14533957514959855,0.10124686535789523,0.13993250713121025,0.11294303759732982,0.16600028887323537,0.03125354538938112,-0.0848003045302719,-0.3897131184207112,1.3001758568926671,0
-0.01879761791074841,0.17723696017568724,0.06092968326549879,0.1178711560793751,0.10267199033490132,0.16810222207481895,0.15827403088199887,0.005785591499951032,0.01545620760131565,-0.015598855208641987,0.617064363759215,1.1045525109591858,0
-0.14917762363541712,-0.017199125030964935,0.011699610992497202,0.17745678708646678,-0.02422720190550412,0.14492665682272793,-0.23022330063371277,0.19708406986154384,0.04911332970725481,0.23366917007284058,-0.19408757206458405,1.4300772693371984,0
-0.10577541964797224,0.04574826134740197,0.06013796862705924,-0.18881643529411854,-0.1456394515617071,0.1593876536294147,-0.2038141785482724,0.12812700661747134,-0.022594075699627396,-0.03452027998944926,-1.377726239095035,0.5203817801385309,0
0.16144623622386267,0.15379273122837414,0.01212967353903082,-0.06720237411624613,0.17121096022725285,-0.08016878052350349,-0.1998258647809083,0.0642815534896028,0.05232955903154185,-0.049521177123688837,0.02477467030865066,-1.1837328162839165,0
0.22583621719809405,0.09931219590395976,0.05388457500122551,0.18477104716859688,0.09478455060000929,0.13299765693695287,0.0008397790822157192,-0.002242619930390183,0.05770686911989123,0.12335117204076976,1.4892046306782267,-0.2593999462716825,1
0.1556081045821492,0.0063589388327465884,0.06171881456449975,-0.17935771232058853,0.08729660210631876,0.19721846828525696,0.2340639452636667,0.16901481535000717,0.03840196911331141,0.01260612865207325,-0.3521413489001579,1.0838891503217118,0
0.004332760907114819,0.0719732226223225,0.041340261817158164,-0.03577619495056525,-0.020441530638345334,-0.0067357832928435085,-0.13739829698459827,0.05343101948784133,-0.03297085040047552,0.2311175464594797,-1.5129258428494634,1.4200248554869932,0
-0.1743648297230484,0.1483564580198668,0.057370548008882555,0.1793936848294871,0.18440021492280084,0.10635864667440703,-0.17968978245598233,0.08264966774303298,-0.004797506851449473,0.22327892366884913,-0.08906504168957374,0.5660883023560104,0
0.07255528860009414,0.022910124049994637,0.05354987630967997,0.04956821111984977,0.04216569370846068,0.160450764471402,-0.12505600691536792,0.14833891972874763,0.03956280921620489,-0.07666640747457235,0.9173746400074696,-0.2038797468035929,1
0.03003608595316426,0.15680306092941357,0.002665452538655518,-0.15413907005256403,0.027763066193974173,-0.021721492797614705,-0.10717965625684897,0.10634886727643267,0.004137020887728569,0.20287194910723974,0.0682695488142262,-1.5230332743674466,0
-0.08450957220514696,0.0028699340464335074,0.03476616018746799,0.09463636398150505,0.21709064397293648,-0.094649245376265,0.04038661715079517,0.10563382427420295,-0.037033553713752734,0.19519278488849265,0.5752672677563269,1.3613521692878268,0
0.004240076101175494,-0.022452643709389784,0.05909172364386757,-0.14347329749920884,0.12507548165345278,0.1390334363105866,0.06568681369774743,0.009151489053414924,0.007572561915288767,0.0457675628680885,0.018707357101924726,0.2660464061126433,0
-0.08305659338198812,0.12520005615026847,0.06201522440498135,0.084427496460103,-0.052368287066663174,0.03567978153665302,-0.016967228660593747,0.15344911808228634,0.05461755598343343,0.21350677027480805,-0.5976290545157938,1.462203036655062,0
0.18653554772568293,-0.018941692952158494,-0.0044065420614960125,-0.16533744081527743,0.07987521848333504,0.02111382764411543,-0.15458043162252705,0.0771649944477091,0.05174323279444093,0.20841435248676835,-1.2200451113614976,0.8940862624356682,0
0.033827064404805984,0.14442315348919996,0.029849537857490598,0.15043740681920542,0.19452696490394433,0.10188058445177436,-0.017957590366802,0.011949512111578367,-0.006655823836326832,-0.15055410907286962,1.312415223945939,-0.2480579497860853,1
-0.28827630671553944,0.15502395171615863,0.05098624093155024,0.14671247916063873,0.015827143950450318,-0.03919424985619431,-0.09945108522606941,0.16348170340353385,-0.03244468935551084,0.13024010321895638,-0.07602378011939281,1.2412073344138175,0
-0.3110046739351125,0.05721224097732648,0.003622025112741109,0.1534679482417879,-0.1214207350733374,-0.03113600730625181,-0.2589329706952504,0.20001074226800483,0.03346465607982335,0.10310444823561041,-1.5191471905934137,0.6437259886261384,0
-0.23004163626343643,0.13365000208463118,0.06525759828371187,-0.19466728946614856,-0.10758503840335411,0.05939870420633914,-0.2152861811047368,0.012132578265585614,0.0033018684567561324,-0.13821782784038678,-0.32131660672297224,-1.3602361823056106,0
0.05426613329180524,0.056045504595891374,0.029422510951182392,-0.0017872029056780203,0.19599235398429576,0.01330162869391012,0.10432032740030106,0.15798939971389633,0.030883047942288924,-0.10405733568504039,-1.16606037811389,-1.3520635639458587,0
0.10450407350280572,0.1277752697383504,0.05496749239736447,-0.20847998402224638,0.1462400753105912,0.07693144392311965,0.30458058378692854,0.13964473065700908,0.006667974588647443,0.11926662391741985,0.5039653018773402,0.8516052737463033,0
-0.006703550556238946,-0.009711018244731223,-5.762194957792052e-05,0.09993923396975124,-0.008039784898438207,0.12302258924002107,0.015209306781035603,0.15159737416389807,0.045918627892722025,0.16292113893745433,0.1550420033561688,0.8877160025769346,0
-0.08028581122485387,0.13372111407972448,0.03642395444984285,-0.11055988615983003,0.08886631933056413,0.0355922712003878,-0.11462405239429543,0.038619004894345374,-0.027618419009860118,0.2735270745495272,-1.5098462730622881,-0.061584919203401256,0
0.12583915537391605,0.0871258040814582,0.05757803775722589,0.03714610696303594,-0.13617158036499552,-0.045512945046544045,0.1775434817907094,0.13693780757386592,0.0477284753984558,-0.2086769545461737,-1.076795922355913,-0.4762127194305592,0
0.08515329835221008,0.0067814793679431135,0.06184380979993498,0.20531051615485463,-0.0597380104735316,0.1317119091459782,0.0827194783243066,0.009681233944200576,-0.010565953070186374,0.14679857848655734,0.27363323122700867,-0.33254795991107566,0
0.1885782998740852,0.08397603125191186,0.06083996336992306,0.045067158803234475,0.044346799687913246,0.1273754551494362,-0.24888407379043231,0.01993852539761687,0.031692550302969455,0.25215619715084503,0.9566560488902496,1.0765956468720483,0
0.12050067368202183,0.05862708570670197,0.03093658951839307,-0.15521957104607118,0.08343489717280717,-0.0915416854413339,-0.019099214016007254,0.0003239497498806754,0.07340627801423714,-0.03598149901923953,0.21645235123417828,0.04556134154807845,0
-0.2340445952982324,0.0263931577402777,0.0627037487840203,0.05266463288979084,0.013055312707216021,0.14280772988996682,-0.26509829966653886,0.156042765007938,-0.040355372221367425,0.21558626741138362,0.02896207918358451,-0.09626224148127771,0
-0.3015127923517718,0.06869123876756589,0.06722559123091398,0.02046051630273335,-0.01761696082433631,0.03607609234858905,-0.22078456339682181,0.06870600162591084,-0.04437540340478672,0.10337170468954834,0.9490199555819909,-0.14129180933644436,0
-0.30278101552533776,0.16514157177286165,0.042483372911511844,0.06355347197553302,0.1484243231866077,0.0836328385959515,-0.028344779404523346,0.10341850811210074,-0.015873828749814058,0.06230586403116642,-0.39763459085980846,1.363026003152328,0
-0.02044858906291691,-0.0025342561243263464,0.05004863104954359,-0.17175843006205394,0.011710903188811211,0.15665543884718103,0.17703065540087348,0.12347562788004665,0.011792628816247923,0.005506764591377444,1.443046900687085,0.8717699380745374,1
0.01823745713178415,-0.05821547452337107,0.004411183607259769,-0.2046829538377802,-0.05988045074213759,-0.106337081090039,-0.02587554376105325,0.06343848207604144,0.007540072724799243,-0.11729305350722871,-1.052285902153284,-0.6341295107876539,1
-0.14570230207417983,0.016646900297489733,0.04125812819444011,-0.11112266900060805,-0.026385899959883247,0.030506313133672386,-0.04386085359939035,0.15382991055887815,0.05979516123723315,-0.016325523056491653,0.8984212268450162,1.4979287482303396,1
-0.02416581343353419,0.18241713417822653,0.06123306965452742,-0.09823844242502301,-0.06941577893193229,-0.058988880283686346,0.19919600016945777,0.018609927585935285,0.037822899161167406,0.0517791415861287,-0.515913105710863,-0.7281662933070823,0
-0.2761840290986573,0.022944908138530826,0.039194397698764274,0.1297908626427568,0.12256127342671846,0.06008662129183667,0.20048677463340636,0.052474120160557705,-0.04084708216557757,0.21571716976366648,-0.6438356145142458,-1.4752456238428715,0
-0.08784217357180388,0.08387931518755617,0.02203178922059176,-0.03679610656852353,-0.10175714963774556,0.11871831984189701,-0.1052371419797376,0.017253180909191396,-0.0029756838657198983,-0.0018133959917480957,-1.2651369607356975,-0.22541404529746067,0
0.07484403560053932,0.04371399202633454,0.035724927273692295,-0.15062099524678957,0.04634546884469212,0.16003914841285927,-0.0009351907868143661,0.1855032891615926,-0.02814536923449351,0.1494143397407425,1.1769289124346212,0.032874749423220884,1
0.0674830257208826,-0.054066873247245406,0.05935518096517739,0.001296785986184379,0.047406475324721115,-0.0919934821131589,-0.1584419828016197,0.17836199872579236,-0.007880165679912399,-0.02079028681569975,-1.1233373413651873,0.5326988320116424,0
0.11213656855616339,0.16493275062306126,0.04300500844447466,-0.09341984646969458,-0.13201636369026937,-0.026334146817435983,0.0904851998410583,0.19504644456481254,-0.03786102370095491,-0.02352612152252967,0.3600948474957564,-0.641319860141418,0
0.061078667707950285,0.053343543711530786,0.01621517544097123,-0.005861068500287087,-0.009066134794345204,0.10886316107126845,-0.16814258960275727,0.06866218297144527,0.07375849965539202,0.04763990362443368,0.6903224684534932,0.35123052398154786,0
-0.1726961495997961,0.12349809769525047,0.0019129390720353055,0.1502729572644369,-0.08862321908766173,0.01273441921445212,0.2915194798228835,0.09067486343350076,-0.014417559156891878,-0.21591502046019181,0.6951959807686208,-0.38181021616600286,0
-0.010532165169707508,0.05862582362845857,0.07567817935661739,0.1130736568366133,0.2059768449982461,0.048608646471367783,-0.008914754701502603,0.08715628706658529,-0.0006976453714928887,-0.11162553116755981,-0.5874976648540375,-0.7372644534574835,0
-0.12594482175256985,0.04921979611584952,0.01243871007994311,0.027994899396295764,-0.018241885659663448,0.1595872427175708,0.03838122454493348,0.04633999084201612,0.04718861468215957,0.23286794843350253,-0.8960782877607658,1.015175521563637,0
-0.10828545222704392,0.1018038842506146,0.0661424509180778,0.20377081261760754,0.02090812297741257,0.09633834739906141,-0.09781596174356752,-0.03940497255257121,-0.015805178774214612,-0.20903647905484465,-1.100485192321845,-0.5172113155391762,0
0.07632704443123595,0.09039891808752751,0.007210047692948239,0.07491176449663256,-0.08592107132471029,-0.10569645612404208,0.29416650475070516,-0.05539704027524987,-0.004553806120414429,0.10009482202340445,0.746550374851884,-1.1393661473656256,0
0.10182650694745082,0.08719290498369953,0.03903809865029208,0.1647421647152601,-0.11730921129003125,0.035793035325006245,-0.12909892738321074,-0.05279962877132658,0.07629203620141332,0.1479840322706206,1.3820239595445283,1.156394541962866,1
-0.18309788188084053,0.10734029137174353,0.023789229578597627,0.17892336885198956,-0.07794206908619725,-0.0007958282276343542,0.27194850483750266,0.1714006591837337,-0.010716522772329824,0.023463340351629725,-0.34894461820489675,0.26774485817761584,0
0.05281096950545855,0.10142121853919445,0.0755964099814976,0.008690341953690561,-0.08814607305719475,0.036694846267219555,0.15446991919229203,0.06760087470881057,-0.008167580967786033,0.11439410204131292,-0.994918211043453,-0.2196795339840476,0
-0.11075366355449767,0.11528988590696182,0.04237013606284912,-0.17715041923920233,0.0258592947533281,-0.09861591763597347,0.18975144097264973,0.13169680385028532,-0.041500123264010765,0.0317128652176302,-0.534914361271299,-1.3233992194091388,0
0.20598398264048817,-0.022692914519899993,-0.0074334813858084325,0.014332895798333245,-0.06539732085482211,0.1607003578491238,0.12264867890053205,0.11909958388082142,0.03750421354884623,0.12065975729537556,0.6488674953061377,-1.3981794303282324,0
0.16581374130765847,0.07646604719937866,0.023811127354535704,-0.012584802658986066,0.01417171184898855,-0.006079366111161569,-0.02697615449381849,0.039268191657049534,-0.03380880712480593,0.1958781485044425,0.5488630189308428,-0.0219779659614745,0
0.2294046129500817,0.17177853529936918,0.06976117127686914,-0.19752312413555398,-0.013150900403091914,0.032000888320802334,0.1485811057340321,0.10532876179456949,0.03815097188891663,0.16445058944656296,-0.14227847541412442,-1.1082280656639347,0
0.20583436084968937,0.13900152542751865,0.022652098249921118,0.1340316118531718,-0.11365457551135832,-0.059081880990663194,0.30701038225446364,0.050824130243561375,0.010525892629427477,0.2556573367729892,0.8394378479893827,1.1346823442506706,0
-0.26811142782571323,0.0678171044173381,0.01009969953434501,-0.18254406073748813,0.16177020072168852,-0.007271949591444685,0.06792205581736277,-0.034861501125582575,0.016230096917176334,0.0972809152576656,0.5763289055814236,1.4510541300315782,0
-0.13437895092540117,-0.032853878602460355,0.0024722915172199853,-0.0003891522825871796,-0.10514945089858278,-0.03934741913089325,-0.1720834036021433,0.14966573311351736,0.00914299876779004,0.057958274354751066,0.5574225083783639,-1.4957033499024097,0
-0.1415630957480209,0.033668380412048574,0.04053145032185618,-0.058354929326821986,-0.10602566850697656,0.17121343288856133,0.15650653475854837,-0.045009084227829135,0.06698892622900762,-0.1316446035314135,0.950814148725301,-1.5667401864794883,1
0.222464749073996,-0.005590665408281396,0.06342955869129713,0.061898373274329954,0.04504578608265006,0.004014132165523765,-0.21369843597925062,0.12538353359198207,0.0021738768088476745,0.049223804245619035,-0.7603348605940438,0.9068126031862398,0
0.08435598662471022,0.06944459872606779,0.03703403702150743,-0.06746351709676324,-0.02455788732297326,-0.0866265421687697,0.13005402101393088,-0.05064055795242485,-0.04772806210994811,-0.2008539308866865,-0.08034487453351824,-0.14250003243926002,0
0.07798162044868384,0.04299714333511383,0.029073303477959934,0.033890796485236546,0.07616389919213223,0.15025931321459673,0.2066886725714051,0.15522975960939914,0.05918359990772169,0.22032905325882238,1.3282336624260787,1.477031391447689,1
0.10440696101248431,-0.011020071178299597,0.024698544193099466,0.17587557506603047,0.04684283454130955,-0.09171436242315908,-0.032712316777312705,-0.02001564037731269,-0.0027095446396058487,0.054180564232603784,0.04157438191127394,1.3948544220576828,0
-0.30223259773981315,0.04893321566126238,-0.00540296878575062,-0.038788991470168066,0.09602623339702354,-0.06910455537963983,0.26324049619676126,0.10419150341138705,-0.020303514469525802,-0.020687355452218392,0.09882290225790613,0.2456740237890387,0
0.21261411420011173,0.1049842220928687,0.06276252324949981,0.05307772351721335,0.19886280016041963,0.16579315607477974,-0.23383079515291688,-0.012431674471378995,0.0023018047578850856,-0.046984017796080746,0.3428438947810206,0.6753203237733991,0
0.14469485347777933,-0.05767590681127897,0.06384010102364492,-0.04364649617578173,-0.15807661400814604,0.15088976852229052,-0.008863760297753431,0.1291045113476465,0.06353183939057182,-0.19920087505633133,1.190926552680551,1.4712985524524582,1
-0.2565307233870915,0.1708719301861751,0.06511647898401171,-0.05575596039048189,0.11197756445270801,0.17297004807618532,-0.13966614837879457,-0.0587907751843437,0.05663822563644934,0.14236304555195692,1.4915587050036547,0.2229574205302136,1
-0.22072254230148747,0.0873049507265474,0.050769386125197394,-0.09297511168837055,0.14900999612397675,0.036961036859492036,0.1414265634446365,0.10665059072211852,0.009275169551087953,-0.07098543535018115,-1.5058757019697258,1.0248975788183532,0
0.055486267142386136,0.00894046677657856,0.07978414512374536,0.13262323491111772,-0.10991072254394281,-0.057921511157966336,0.04746155293888782,-0.035460715783387775,0.0744277420484733,0.10034894820455406,0.16606189798517934,1.0919020390476402,0
-0.18542439429034788,0.05998019976502535,0.014398063701827241,0.1416940823107647,0.12536082193350945,0.1690448517969494,-0.1528979368957346,0.039375412893807984,0.054273330119744154,-0.030730590501050398,-1.151070084886891,-0.4241588344588634,0
0.12943860402447271,0.15020753461037967,0.028922035275658602,0.03775153524820776,0.01825663690116419,0.029852380999724565,-0.19357216915331438,0.1601498550002257,0.0016361126158938588,0.07246406076175907,-0.8469813529701384,-0.6876207995029802,0
-0.19903694472581426,0.09117783968571119,0.03698170275852031,-0.09996325484390396,-0.14393455818654938,0.08460928890059047,0.18397565124131965,0.18648294235253113,-0.00287485612718813,-0.01814220253541579,1.4334463979548098,-0.5801864467949113,1
0.17459701836861846,0.1737862220192764,0.036946838185851455,-0.12125704164919393,0.06680405225492497,0.005996472828238911,-0.06611346993825176,-0.040753287904010185,-0.03862834867675708,-0.028273525322888043,0.72775046205238,0.2838921332627302,0
0.12352756257307856,-0.00242453246689113,0.05866573340000224,-0.03817248691587857,-0.13659779059937535,0.012927855208883246,-0.19151430037157924,0.16320837664580065,0.05869154432464101,-0.07358955940246598,-1.0778964007373664,-0.21173171796748758,0
-0.22428347734931756,0.09870459162436937,0.06098824840699758,0.11756681253991641,-0.10103570820473015,0.048852792211571544,-0.2536642228867434,-0.03868938053577964,-0.03762590983068854,-0.18784921871905158,-0.3592971809448178,0.06267322697520683,0
0.08756764837960113,0.020862504405049026,0.004715585064262822,0.1903428912974105,0.18647599511983365,-0.06961665419971001,-0.05747926014760546,-0.01808652874477061,0.07376469909223134,-0.039596854905923407,0.5537959222885236,-1.32762457612027,0
0.09551081615796098,-0.0007816388002566052,0.021157235020532142,-0.03449473728832114,-0.05413182417445926,-0.019385492627244677,0.1965588135532641,0.13627681288726093,0.03995880089287347,0.12453785234995521,0.8824492634567018,1.3498849009393996,1
0.10057450289540315,-0.031152467025857788,0.004776851095871792,-0.15656275055920282,0.1299605139457175,0.0729407572290221,-0.006892017570345299,0.06339570313967272,0.057076017254140854,-0.15585100268649543,-1.1823910090666139,-1.4183635885809434,0
0.06460464377635394,0.04650724764318245,0.012338223304459526,0.1901592451460945,0.0013785157639865098,0.16027657423907038,0.18280365984740649,0.16527898894422688,-0.04576132634176736,0.020646396319566135,-0.9896683371850766,-0.7368242681113516,1
-0.15796362267531552,0.035341575700819056,0.029260898481959233,0.05809455977169298,-0.04120051217584933,-0.02430012063785475,-0.058735810433946295,0.11900019620685873,-0.04788633294997271,0.1543853291914121,-1.3444688576439483,0.6548789344862225,0
0.12408037764853214,0.06494617689588349,0.05073136648431141,0.1789564053257785,-0.14828594857207886,-0.0008865361463869514,0.26907685881289267,0.15890625019626609,0.030342666918447947,-0.10245041808476518,0.3740151913600367,1.1448373683798254,0
0.08779774048350686,0.010087485101369462,0.003975499216819825,0.12012337785493732,0.06800758382054803,0.18639036309500873,-0.03217311244021198,0.02975946131177372,-0.01102276287286632,0.022873609015943014,0.4638498364979131,0.34788552565579,0
-0.13370549470199283,-0.006177376970483449,0.06600778324527752,-0.11034561164795169,0.021549584679348865,0.0977105206152803,-0.18110927231326152,0.07795269868472254,0.059565975067987234,0.07358362286858797,0.026386853529382748,0.4568150809533529,0
0.2306206465195017,0.14050378802159572,0.029052486456807625,0.04864750001591045,0.048378566015618824,-0.014986302198182172,-0.015483376222844958,0.15674772123975106,-0.009789215603635854,0.22515519355421046,0.07331462012636791,0.843680796665548,0
-0.24234603768549284,0.1736816180801941,0.007500507011584539,0.11618912842766321,-0.14462514482402694,-0.03565188919618033,-0.1168902752028381,0.016064288461853274,0.06871470377512559,-0.12924084464665164,-1.3760891516747678,1.550890626223367,0
0.23352619036707017,0.03533443447911423,0.06217070851317051,-0.1968200832333089,0.16612263158049434,0.11316426223785814,0.2515710987754708,0.10602736384366182,0.07150979246447382,-0.022786329682055823,0.0017148862835991707,0.45555693542098985,0
-0.15867060082849296,0.16476653073913372,0.0627199076657232,0.15630216234080507,-0.01656617295251711,0.14911754854592774,-0.08515306424260369,0.19248083897385668,-0.04487011775145371,0.09100295148940316,-0.08105803375974574,-1.411416293300729,0
-0.10412951505735515,0.15260059613640067,0.07121248356768561,-0.05433355815999924,0.1605478423873935,0.10027257684243304,-0.020550803059026207,0.028228292904315958,-0.02122879279853365,-0.1848633698761472,0.1922225372381785,0.5768457516477523,0
-0.058049536539292845,0.17207931333421347,-0.0067898881550331434,0.14951851267423383,0.15692143142429632,0.12394967719295433,0.03638531420095964,-0.012197552435451613,0.06155671300613276,0.15322758849798498,-0.29060492409221705,-0.6079318227551612,0
0.005254273623586714,0.04183286666765895,0.05005216420365101,0.10821787601343774,-0.09133866140855336,-0.05442104571897554,-0.24225509184336064,-0.02096867803682219,-0.01743970449015333,-0.18024386115087837,1.0514375173448987,-0.435562457305517,0
0.14217891370245755,0.024744903583219263,-0.0004213196974942159,0.11107756333389018,-0.0052468387710661035,-0.030812935112169912,0.004993611673837051,0.19392546216007114,-0.000635008447295124,0.25983627662652087,1.4417775473605412,1.095398362022254,1
-0.22258975813781623,0.12900421333972228,0.04078478811161601,0.03606214711973335,0.2229889933078696,0.04649130646334387,-0.1997540491762414,0.12746204867546385,-0.021540052030566973,0.07232196483267825,-1.2409336525855101,-0.8718871673822218,0
-0.1324687216814719,0.08071092499115642,0.0034947599629279458,-0.07992030052164914,0.03947165022965604,-0.02998209343655793,-0.24477268473107905,0.09219432617410911,0.0029941387479365186,-0.02241277976701786,0.6029704562778002,-1.4311133622994285,0
-0.22431246667177485,0.1539700172033359,0.003795356950115125,0.1779765348672802,0.10590782770905882,0.05360690704823143,-0.10632761504671262,0.03252180033450788,0.05687243796313672,-0.1876935395646528,0.024122707309471636,-0.8868133013318994,0
0.09221208977196388,-0.046223311792255556,0.05940354975709407,0.09577077795261502,-0.15492584064137088,0.16468413750995803,-0.19096893319843888,0.19152391078432193,-0.03893010181799411,-0.0981105812363844,-1.4016347238220184,-0.25629091435467877,0
-0.20664926852115983,-0.05677993635840068,0.06701526872952215,-0.1940378523719625,0.09031488334402976,0.07012400301053956,0.028468515522175275,0.03666913387857183,-0.009905581420205922,0.2585930702451017,1.2013988503705926,-0.6087728547506841,0
0.10823420127898586,0.14245844765669233,0.07951865476655255,-0.018166088890237242,0.1989145600918385,-0.09437245659871063,-0.20505047087252126,0.06713548918732598,0.009682937555455351,0.001206840353166705,-1.3731479899051777,-1.364382130297621,0
0.18663050064445258,0.02476842468052845,0.020683153140920042,0.08677964418689776,0.09661096190266188,0.14563752775892608,-0.08845195927860289,-0.06084180700946631,0.07185574438455006,-0.19428240512224035,-1.1297510635123793,0.6472932160068685,0
-0.06980071269032567,0.14465680493447952,0.03006677862701426,-0.14890846730914437,0.13855789939399343,-0.10134685005922718,-0.1084509260382096,0.07974845453496754,0.007626595575231307,0.0915193726455262,-1.1032961485115074,1.500691727853243,0
-0.11275178700732846,0.156651902689642,-0.006462410607251208,0.18728492534859575,-0.01829591089526797,0.0037972733129872788,0.15273578284978556,0.04013815225563522,0.0303194313604547,0.2321382588524105,-1.0826684069173846,-1.3324754419867395,0
0.09834146221929935,0.03610191960991324,0.06243544970830418,-0.13799671614803335,-0.14204466520445522,0.05744139453694655,-0.14283563992731446,0.13016203327293419,-0.03505416151037222,-0.212011082806539,0.4742023580560095,-1.1918397135629712,0
0.23335312580919948,0.0007899661665289187,0.0031592207774422867,-0.2001722967787885,0.015760116432187693,-0.07675767683302404,0.18153753163895098,-0.04349763832372339,0.06889878379376997,0.05213528733353376,0.0454462921976706,0.12536526645449375,0
-0.2614093598280098,0.026661557116486934,0.039224892384145754,0.03334802370441098,-0.02955211349182138,-0.024335156637988423,0.30066079037830995,0.009566499969855993,-0.030410912855590916,-0.037869116433911665,0.9055999345506909,-0.7663897568427857,0
0.04502912347704957,0.08743505915963548,0.055374995602073526,-0.14370302846964642,-0.14192091935408552,0.13372898982023387,-0.14178550021633055,0.020937666256800228,0.009899419335098483,0.13919147538812418,1.2501858868862203,-1.5533671634570632,1
-0.1283143524481842,0.1798909907831218,0.017883789866091952,0.09682302952447747,-0.010992900242083159,0.1476938363938335,0.00019759383000084174,0.1676593197772608,0.04773650484861064,0.074550106276532,-0.31713981780449085,-0.4980923514042006,0
0.25595802017865216,0.16593794882220694,0.00453602652024925,-0.12367379598817146,-0.11782356503117206,-0.046093141744814256,-0.09947496620422383,0.1589583692588764,-0.035833240640828296,0.2214653471777601,-1.1808543158235278,0.6247512104370945,0
-0.05104252693458056,0.06945142088278,0.010644545033698233,0.09932707779147021,0.06950169044921434,-0.07329209431629846,0.25120444428678623,0.017375226457251827,-0.028086534566417926,0.27095139193276463,0.6121379825745097,-0.4292194945418213,0
-0.1764846264520153,0.018276566533168753,0.03135831022515698,0.07970929257345016,-0.015330077135532721,0.06311572637143051,-0.26413573806371454,0.03924516803805089,0.07197055146454931,0.16823808463680082,-0.0409185242636787,-1.5585578519421464,0
-0.032719418991002336,0.14623805046027863,0.07188926549976528,0.09043541927202547,0.020627123902819233,-0.08519304412348214,-0.19840375839109675,-0.06245515254540106,-0.0023400135670871014,-0.20462352900427797,-0.8473792767605796,0.2189552376762458,0
0.02906291109167969,0.07577792438403788,0.012504364251214609,0.00954219077577581,0.22779006717949263,0.028120944777823065,0.23876303170997082,0.03832119728317157,0.031131285753624657,0.022853151164751673,0.24388631249022708,-1.4139827375813616,0
-0.05983806581713447,0.12501322466916598,0.07210574212343196,0.12383259674471403,-0.15038819098656384,-0.1074546451243049,0.2436653439858787,0.13031737592817258,0.07364045314026224,-0.07110197243505884,-0.2264782737264195,1.0893214923230146,0
0.17903663141965992,0.10908765945446225,0.004526001921769081,0.07792216422144732,0.07919482303875822,-0.0057237352644381595,-0.1467290072289591,0.1715115042944309,-0.02990073490799473,-0.006739591013030732,0.6390768059071619,-0.21630659336920433,0
0.07214042327830789,0.01477172930080689,-0.0025246259042627584,-0.07563410173942386,-0.04420050423213791,0.14235283366830553,-0.0494867367963443,-0.03650023492776928,0.06245717625099742,-0.20726802380943843,-0.1382398218536003,0.7326012664244834,0
-0.2730454843801406,-0.016356644037314592,0.08143546595226926,0.14700744952881428,0.14235939361256938,0.09711712845877471,-0.23981865312075332,0.1585040259198601,0.01186684016378476,-0.16744169657523944,0.5161666154082136,0.1736392877235411,0
-0.3048967407031525,0.0019919354995128202,0.02247043256852346,-0.013876628089772886,-0.1593249899877894,0.06497931803292728,-0.15308545221706715,0.09539641563286325,-0.017569472303056617,-0.016404928572415878,-0.24252931382810528,-0.826771332872416,0
-0.295201748956324,0.07085128188713152,0.06612189507752976,-0.12267674896259334,0.050495325109863876,0.02903515430418377,0.2245465538817365,0.05348809063718803,0.07182743260830798,0.10749644988345161,-0.745906742606545,1.5498722727259133,0
0.029433175022089586,-0.027527778810021268,0.029763909297266546,-0.0897008821901897,0.10524102054307688,0.12554926638284797,0.2701042704129112,-0.003803221037066644,0.06433130693943935,0.2035189326993241,1.122577107845273,-1.115224324373976,1
-0.15917907712476811,0.15436232633425365,0.04640880923906053,0.10314667975833935,-0.07885175205752323,-0.05949342886806387,-0.10722439328796454,0.07268751028224102,0.004944955684249269,0.22418812612293434,-0.9130471034093799,1.5023435935934242,0
-0.12608721527142241,-0.018639245578240766,0.028901856659989632,0.093415773169582,0.23316691512272386,-0.045868330919407466,-0.11352133638057937,0.14074246378085709,-0.013395858797801204,0.13296122914354522,1.2938096155446217,1.4785021643271634,1
-0.29362937958530394,0.17918067111121944,0.07952548761235488,-0.20047598845111983,0.03763738373221365,0.01494505123690365,-0.12035927287805487,0.196030734200788,-0.025758256407769187,-0.08545545067747448,-0.24512988178178907,0.08602329576238121,1
0.1810283636896215,0.09200651714738362,0.051135990227818964,-0.18190388935937712,0.12286993529300783,0.017256863405684414,0.006742819498468722,0.09216116440989194,0.07582654443029117,0.15500818458341617,-0.6237551882861515,-0.3523016106719641,0
-0.29299050290364487,0.07173076653359411,0.05197811351101968,0.08774960025415873,0.08053978842449261,-0.015883654992440432,-0.1395399965888827,-0.03870933839172122,0.04125304566141978,0.2654594310243644,-1.5534832128890783,-0.8926675988200851,0
0.08454585254648062,-0.02017162212566178,0.009383457023235148,-0.12193518318137024,0.2091858251105692,-0.10275970491754809,0.04579481240700245,0.0372032488402186,0.035737047160568414,-0.10682216392865863,-0.9450925515998518,-0.7263508546665183,0
0.2183878826877545,0.08403720406595944,0.029602004816785873,0.10030324769377497,0.058838951430380065,-0.06523703128200042,0.14034472376065665,0.09070109049627728,0.023849598933695274,0.15002777897370076,1.0040127961435708,0.9825946966348,1
-0.13005736714074134,0.0016019993583565387,0.044192899018423396,-0.08316538577889082,-0.11243802186409674,0.13125427951043994,-0.14642869079022008,-0.018934719668109,0.05979610155309403,0.13215644121642448,0.35823705709847675,-1.3993287920220812,0
0.041428138691883665,0.16759606216141593,0.017637227786236567,-0.1807871235532343,-0.09246190149073703,0.1662652188689569,-0.10451535486993885,0.06736780704105022,0.019907295185785268,0.260114411257903,0.2905682174557369,-0.6039206872134955,0
0.23685739244514087,-0.0104506757694455,0.04625778645444219,-0.1830510449643271,-0.05600229723292034,-0.08639804863324146,-0.07636716634289911,-0.007945985345160243,0.05337886350572921,0.013701856063852935,1.056467753715413,1.282181801190706,1
0.23059046657391952,0.013959316650298398,-0.0019717057599404255,-0.16353165256378666,0.17924664096458143,0.15052087077805915,0.007699746416510278,-0.02349185804807575,0.01888232360534714,0.11543210210874097,-0.6625140036376992,-1.0905812137163915,0
-0.12807669281830283,0.10873345443339855,0.08080737945867575,-0.12958133470013017,0.20194680908862822,0.03178318338009384,0.1164519597720095,0.1658525037882193,0.022811305180335306,-0.18573023241682685,-0.6287318657496547,0.2550473974805312,0
0.004403488734239069,0.020666281171188378,0.04493352905288954,-0.09640464061792019,-0.06469780034150312,0.14519398815514956,-0.03589186378014017,0.009917401367715642,0.004000019159303481,0.24057465245242995,-0.3859938231329254,0.02140678379561911,0
-0.10982190600579697,-0.04477766415641256,-0.0012298150500583502,-0.2052991291483414,-0.10223661784382179,0.08784168689893887,-0.1537845450082313,0.03736516849158629,0.04160241309281955,-0.20043615828563727,0.2443338067884775,0.6257235373588397,0
0.029683384970666915,0.10128018428427807,0.03882657468239896,0.19838208503281274,-0.10298485984463994,-0.08696000760625228,0.204997061629915,-0.06144941918104887,0.023331607162329127,-0.21552541003850242,0.5312063641839317,0.7441122031356129,0
0.0012109636413383251,0.07688997952607848,0.006254760431930741,-0.08534463956531584,0.12097836860659406,-0.10040555434651224,0.07712294426840766,0.07419337709033905,-0.004273681973908927,-0.05011702684784,0.34793776158380174,0.05784501316106061,0
-0.26694239521209256,0.17486683269107967,0.0038051278332491938,0.12717617503299095,-0.15458955552918077,0.0036495242210067974,0.030749636804342173,-0.05465732304821015,0.04521808306723585,-0.08693059764708855,-1.422139146611439,-0.14646432291220557,0
0.02632880098120316,0.05149323092927033,0.02248757043920703,-0.19087239838440762,0.20133923101748225,0.07305990541898283,0.09811019774582125,0.05395067962461754,-0.0006258340249561747,-0.19307700901386943,-1.1719315042299068,-0.9089876750110734,0
-0.174103122624876,-0.04867473566276469,0.04154763157978954,-0.013740351253465288,0.006704572452294166,0.13172160291330265,0.07958020737944071,-0.06215840582349983,0.048747739526826206,0.02322462400116848,0.42475163953202344,0.10918896499476838,0
-0.2501006112996109,0.08652293901278119,0.01758841739655444,-0.1944208513647521,0.013042096893894406,-0.020994565998506742,-0.26663579560420764,0.06781523956268498,-0.008438972933149713,-0.0008224412227929301,-0.8192660908930426,-0.5664605278720407,0
-0.042913780319232375,0.054028756947090265,0.057067260156117586,0.20911721681545675,-0.14907926495937265,0.013297883264801094,0.22847311232479073,0.10291836027485005,0.07687150520567326,0.1377573013008316,-0.46637660450050067,0.8928773569855417,0
-0.15485773918618606,0.0827239550990502,0.03940270053764784,0.11243840888368761,0.23326185580635267,-0.04442556200325336,-0.019490104641837952,0.16668307983243014,0.058419448584629274,0.18924973017514482,-1.4175037371112333,0.3774565699992629,0
-0.10744788665457669,-0.03117022503649492,0.004004048795007847,-0.025755401314750903,0.15855584576654108,0.030631088745664753,0.08644353191208459,0.032137886609244146,0.04277534265371073,-0.14024021199577721,-0.042348396873473915,-1.0883166606623622,0
-0.043953428628137614,0.045373775401975874,0.04686407481648344,0.005465418233562641,0.22616900833731696,0.1671331993828114,-0.09725166563220802,-0.03049021837315736,-0.039693649836495426,-0.11798542801398157,-0.13473309315218995,-0.689725957256429,0
0.21776497581197646,-0.0033552397268309317,0.060863342654079985,0.1433714357126203,-0.010659777357486605,0.15837274960746883,0.3048531942128927,0.19337833907432314,0.04621015276655699,-0.03181416551921548,1.5242225194308576,0.9934643345802481,1
-0.15433012621567774,0.047295583540155325,0.015950736795938333,-0.00021046111055342265,-0.11641158472295265,0.13929527358320448,0.02491790143289102,0.04839503793304567,-0.001839572891206176,0.0714518117278212,-0.33832245310665865,0.7787194158970807,1
0.1699685846916551,0.04903268082674721,0.06769739256545132,0.013527155197196328,0.09253385908791817,0.09826638228278514,-0.03611519609703834,0.06599284564021934,0.039953699093873085,-0.0634380330678812,-0.44210498830610656,0.7011296402522522,0
0.023102507343090495,0.14455690780927105,-0.0059258992835800215,-0.10833864382042667,0.062046783946833994,-0.07514528520150263,-0.1484725820868722,0.13554669311393314,-0.04463214023535809,0.08646250355099197,1.114478672308098,-0.17844821024727864,0
-0.08884082412670347,0.1755317226228615,0.04153251344335068,-0.07795027850842495,0.0027272835671469653,0.06599502898317017,0.09109421361252751,0.008308190352074613,-0.022879302264772524,0.02953691744592621,0.796884788003082,-0.7977676151909168,0
0.027293360338096873,0.10918660918186715,0.03591458140484173,0.029635219366185184,0.09145286634064564,-0.03541817166701783,0.2732566793851615,0.028784235843611297,0.028802607674300845,0.062108669206290906,-1.243905909147043,-0.8154415689611122,0
0.19446990112281842,-0.026122447694180886,0.0050910237688642866,0.15457021350572053,-0.05832742079176442,0.0791168004448346,0.0008947010792768606,0.18451239202794667,0.05130702182069774,-0.05000862707727449,-1.2299334006255074,-0.9776467340998034,0
0.04035839957615195,0.12359642939825843,0.05581708662542964,0.06766615708643481,0.16846035987249297,0.06216237425545329,0.26994162277378075,-0.024241029748756783,-0.0027829037019580435,0.17227963162525858,1.0026480591265605,0.36796066590203913,0
