Variables,Lower,Upper,Units,Description
x,-74.0036953091305,-7.173354373978398,m,Variable 1
y,-60.09581566906511,-22.921569220160805,m,Variable 2
z,-75.35412930206037,-4.170296793733172,m,Variable 3
