Variables,Lower,Upper,Units,Description
x,-73.71354939063784,-42.68511152613536,m,Variable 1
y,-40.179842768181295,-21.332235426339537,m,Variable 2
z,-25.86310167402375,10.572482785613541,m,Variable 3
