F_2,m,F_1,v_0,d_1c,d_2c,E_rem,a_max,order
522137.6760388643,2398.5595858901215,887233.7903673176,16.956251049798418,0.48752025679037037,0.19764097837620787,-190929.97679086583,217.6880153865744,365096.1143284533
