F_2,m,F_1,v_0,d_1c,d_2c,E_rem,a_max,order
522137.6760388643,2229.5830132812794,317104.5441972931,16.956251049798418,0.48752025679037037,0.19764097837620787,62727.97656579246,234.18624600589948,-205033.1318415712
