F_2,m,F_1,v_0,d_1c,d_2c,E_rem,a_max,order
522137.6760388643,2398.5595858901215,317104.5441972931,16.956251049798418,0.02611269572467394,0.19764097837620787,233334.01404656714,217.6880153865744,-205033.1318415712
