F_2,m,F_1,v_0,d_1c,d_2c,E_rem,a_max,order
583958.0414983239,2398.5595858901215,317104.5441972931,16.956251049798418,0.02611269572467394,0.5628360015143059,7857.20605692605,243.46196981452647,-266853.4973010308
