F_2,m,F_1,v_0,d_1c,d_2c,E_rem,a_max,order
583958.0414983239,2398.5595858901215,887233.7903673176,16.956251049798418,0.48752025679037037,0.5628360015143059,-416406.78478050703,243.46196981452647,303275.7488689937
