F_2,m,F_1,v_0,d_1c,d_2c,E_rem,a_max,order
583958.0414983239,2398.5595858901215,317104.5441972931,16.956251049798418,0.48752025679037037,0.19764097837620787,74801.34219266247,243.46196981452647,-266853.4973010308
