F_2,m,F_1,v_0,d_1c,d_2c,E_rem,a_max,order
583958.0414983239,2229.5830132812794,317104.5441972931,16.956251049798418,0.48752025679037037,0.5628360015143059,-162748.83142384863,261.9135677029187,-266853.4973010308
