F_2,m,F_1,v_0,d_1c,d_2c,E_rem,a_max,order
522137.6760388643,2229.5830132812794,887233.7903673176,16.956251049798418,0.48752025679037037,0.5628360015143059,-405903.660613004,234.18624600589948,365096.1143284533
