F_2,m,F_1,v_0,d_1c,d_2c,E_rem,a_max,order
522137.6760388643,2398.5595858901215,887233.7903673176,16.956251049798418,0.02611269572467394,0.5628360015143059,27764.321835305775,217.6880153865744,365096.1143284533
