tau_m_n,tau_m_max,omega_n,eta_m,P_n,N,eta_t,phi_b,l1,l2,kp,kd,accuracy,reach,robot_weight,pose_stabilisation
0.6442212549605839,2.7555137590082093,943.4141988273311,0.42042904133858267,115.3711095330086,59.5725884156263,0.8707233789944365,12.633287982441297,0.16405681633777294,0.2772629840649342,244.13960487898066,36.79363363966593,0.014208393385319448,0.44131980040270713,19.413198004027073,10.0
