tau_m_n,tau_m_max,omega_n,eta_m,P_n,N,eta_t,phi_b,l1,l2,kp,kd,accuracy,reach,robot_weight,pose_stabilisation
0.6442212549605839,4.29104645308332,1358.5979199113824,0.42042904133858267,115.3711095330086,59.5725884156263,0.8707233789944365,12.633287982441297,0.4790438700426869,0.3251929689477836,244.13960487898066,36.79363363966593,0.17012359468265476,0.8042368389904705,23.042368389904706,10.0
