Variables,Lower,Upper,Units,Description
F_2,416137.34254587546,625523.2424177513,N,Force
m,1908.1843185759094,2434.729754324337,kg,Mass
F_1,100000.0,422326.4290997812,N,Force 
v_0,5.0,12.43931348292854,m/s,Velocity
d_1c,0.18366179470268001,0.6,m,
d_2c,0.21405162168539638,0.5839722267096535,m,
