Variables,Lower,Upper,Units,Description
F_2,356483.39652511507,620743.3971444862,N,Force
m,1872.577695263072,2489.8643659361014,kg,Mass
F_1,100000.0,411832.88373005623,N,Force 
v_0,5.155894123811696,13.328233155440163,m/s,Velocity
d_1c,0.2000953340428121,0.5960109166145344,m,
d_2c,0.30111608649519395,0.5986185638283146,m,
