Variables,Lower,Upper,Units,Description
F_2,358517.2980676416,591594.7450030108,N,Force
m,1746.1945306657888,2500.0,kg,Mass
F_1,100000.0,376960.48748307023,N,Force 
v_0,5.0,12.574474203705144,m/s,Velocity
d_1c,0.13141905818808375,0.6,m,
d_2c,0.23209655007431942,0.6,m,
