Variables,Lower,Upper,Units,Description
F_2,413870.6614172485,595880.1583431917,N,Force
m,1845.6686223450483,2372.2617564396787,kg,Mass
F_1,112540.68047808386,426855.6125835017,N,Force 
v_0,7.866058103712804,14.47107998957237,m/s,Velocity
d_1c,0.14424616334821408,0.6,m,
d_2c,0.29344735259784654,0.5980438644800034,m,
