Variables,Lower,Upper,Units,Description
F_2,356695.63339660567,649523.4621265697,N,Force
m,1988.558272345175,2404.558979501775,kg,Mass
F_1,126396.48139536512,444701.57344729087,N,Force 
v_0,5.07661839016873,12.955922123996993,m/s,Velocity
d_1c,0.028253666252591268,0.6,m,
d_2c,0.23560282770617777,0.5861847240332279,m,
