F_2,m,F_1,v_0,d_1c,d_2c,E_rem,a_max,order
796560.443700367,2338.7341032319537,135482.4141590462,8.41143666830152,0.05650640873258972,0.573056586742055,-381394.46401909954,340.59470146673823,-661078.0295413209
