F_2,m,F_1,v_0,d_1c,d_2c,E_rem,a_max,order
796560.443700367,2357.8047132023908,139950.04352234863,8.836600703372234,0.05650640873258972,0.576830966583255,-375333.6109406761,337.83987250516253,-656610.4001780184
