F_2,m,F_1,v_0,d_1c,d_2c,E_rem,a_max,order
796560.443700367,2357.8047132023908,872738.1279202442,8.836600703372234,0.34690004982329814,0.576830966583255,-670178.4366374832,337.83987250516253,76177.68421987724
