F_2,m,F_1,v_0,d_1c,d_2c,E_rem,a_max,order
535921.7965687008,1938.8784397520524,872738.1279202442,8.41143666830152,0.3051679456049844,0.573056586742055,-504855.1946957502,276.40814688580247,336816.3313515434
