F_2,m,F_1,v_0,d_1c,d_2c,E_rem,a_max,order
535921.7965687008,2338.7341032319537,872738.1279202442,8.41143666830152,0.05650640873258972,0.573056586742055,-273693.44322298747,229.1503749092714,336816.3313515434
