F_2,m,F_1,v_0,d_1c,d_2c,E_rem,a_max,order
535921.7965687008,1938.8784397520524,135482.4141590462,8.41143666830152,0.05650640873258972,0.573056586742055,-246179.1178177382,276.40814688580247,-400439.3824096546
