F_2,m,F_1,v_0,d_1c,d_2c,E_rem,a_max,order
796560.443700367,2338.7341032319537,872738.1279202442,8.41143666830152,0.3051679456049844,0.573056586742055,-640070.5408971115,340.59470146673823,76177.68421987724
