F_2,m,F_1,v_0,d_1c,d_2c,E_rem,a_max,order
557622.1746445138,2357.8047132023908,872738.1279202442,8.836600703372234,0.34690004982329814,0.5853734109820535,-537114.9003667035,236.50057679592408,315115.9532757305
