F_2,m,F_1,v_0,d_1c,d_2c,E_rem,a_max,order
535921.7965687008,2338.7341032319537,135482.4141590462,8.41143666830152,0.05650640873258972,0.5853734109820535,-238634.625095481,229.1503749092714,-400439.3824096546
