F_2,m,F_1,v_0,d_1c,d_2c,E_rem,a_max,order
535921.7965687008,1938.8784397520524,135482.4141590462,8.41143666830152,0.3051679456049844,0.5853734109820535,-286469.23771642987,276.40814688580247,-400439.3824096546
