F_2,m,F_1,v_0,d_1c,d_2c,E_rem,a_max,order
796560.443700367,1938.8784397520524,135482.4141590462,8.41143666830152,0.3051679456049844,0.573056586742055,-429229.0766400484,410.83568075687754,-661078.0295413209
