F_2,m,F_1,v_0,d_1c,d_2c,E_rem,a_max,order
557622.1746445138,2357.8047132023908,139950.04352234863,8.836600703372234,0.05650640873258972,0.5853734109820535,-242270.0746698964,236.50057679592408,-417672.1311221651
