F_2,m,F_1,v_0,d_1c,d_2c,E_rem,a_max,order
557622.1746445138,1938.8784397520524,872738.1279202442,8.836600703372234,0.34690004982329814,0.576830966583255,-548707.4802186573,287.60037927691,315115.9532757305
