F_2,m,F_1,v_0,d_1c,d_2c,E_rem,a_max,order
557622.1746445138,1938.8784397520524,139950.04352234863,8.836600703372234,0.05650640873258972,0.576830966583255,-253862.6545218503,287.60037927691,-417672.1311221651
