F_2,m,F_1,v_0,d_1c,d_2c,E_rem,a_max,order
796560.443700367,1938.8784397520524,139950.04352234863,8.836600703372234,0.34690004982329814,0.576830966583255,-432330.2499243259,410.83568075687754,-656610.4001780184
